country,gb,days,price_usd,price_per_gb,unlimited
egypt,2,1,1.49,0.745,no
egypt,2,1,1.5,0.75,no
egypt,3,1,2.25,0.75,no
egypt,3,1,2.25,0.75,no
egypt,3,1,2.26,0.753,yes
egypt,3,7,2.31,0.77,no
egypt,3,7,2.32383336,0.775,no
egypt,2,1,1.62,0.81,yes
egypt,3,15,2.64,0.88,no
egypt,3,30,2.64,0.88,no
egypt,3,12,2.64,0.88,no
egypt,3,20,2.64,0.88,no
egypt,3,25,2.64,0.88,no
egypt,3,14,2.64,0.88,no
egypt,3,21,2.64,0.88,no
egypt,3,12,2.64,0.88,no
egypt,3,15,2.64,0.88,no
egypt,3,30,2.65,0.883,no
egypt,12,30,11.49,0.958,no
egypt,3,3,2.91,0.97,no
egypt,1,1,0.99,0.99,no
egypt,2,1,1.9885539200000002,0.994,no
egypt,1,1,1,1,no
egypt,3,1,3.02,1.007,no
egypt,3,5,3.05,1.017,no
egypt,3,1,3.11,1.037,no
egypt,3,1,3.1215672000000003,1.041,no
egypt,3,7,3.19,1.063,no
egypt,3,20,3.21,1.07,no
egypt,3,25,3.21,1.07,no
egypt,3,30,3.2256194400000004,1.075,no
egypt,3,5,3.25,1.083,no
egypt,3,10,3.33,1.11,no
egypt,1,3,1.15,1.15,no
egypt,2,7,2.31,1.155,no
egypt,0.5,1,0.58,1.16,no
egypt,1,3,1.16769736,1.168,no
egypt,0.5,1,0.594584541510661,1.189,no
egypt,1,7,1.19,1.19,no
egypt,1,5,1.19,1.19,no
egypt,0.5,1,0.6,1.2,no
egypt,1,7,1.2,1.2,no
egypt,0.5,1,0.6024080223200119,1.205,no
egypt,1,1,1.2139428,1.214,no
egypt,1,7,1.2601882400000002,1.26,no
egypt,2,1,2.5269843014203093,1.263,no
egypt,1,1,1.2833109600000001,1.283,no
egypt,1,7,1.2833109600000001,1.283,no
egypt,10,30,12.9,1.29,no
egypt,2,1,2.58,1.29,no
egypt,2,1,2.5973956287044664,1.299,no
egypt,10,30,13,1.3,no
egypt,0.5,7,0.65,1.3,no
egypt,1,1,1.3,1.3,no
egypt,2,1,2.6,1.3,no
egypt,0.4,1,0.5202612000000001,1.301,no
egypt,2,1,2.601306,1.301,no
egypt,2,1,2.63,1.315,no
egypt,2,15,2.64,1.32,no
egypt,2,30,2.64,1.32,no
egypt,1,7,1.35,1.35,no
egypt,2,15,2.71,1.355,no
egypt,2,1,2.74,1.37,yes
egypt,2,1,2.82,1.41,no
egypt,2,15,2.89,1.445,no
egypt,1,3,1.5,1.5,no
egypt,2,1,3.06,1.53,no
egypt,1,1,1.54,1.54,no
egypt,2,15,3.13,1.565,no
egypt,2,1,3.15,1.575,no
egypt,0.5,7,0.79,1.58,no
egypt,1,5,1.59,1.59,no
egypt,1,7,1.59,1.59,no
egypt,0.5,7,0.79773384,1.595,no
egypt,2,15,3.21,1.605,no
egypt,1,1,1.62,1.62,no
egypt,8,30,12.99,1.624,no
egypt,1,1,1.6272840083449671,1.627,no
egypt,1,7,1.63,1.63,no
egypt,2,15,3.26,1.63,no
egypt,1,7,1.64,1.64,no
egypt,1,1,1.6585779315823703,1.659,no
egypt,1,7,1.69,1.69,no
egypt,1,7,1.7,1.7,no
egypt,0.5,1,0.87,1.74,no
egypt,0.5,1,0.88,1.76,no
egypt,1,30,1.79,1.79,no
egypt,1,5,1.79,1.79,no
egypt,1,30,1.8,1.8,no
egypt,1,1,1.8,1.8,no
egypt,1,1,1.8,1.8,yes
egypt,1,7,1.8,1.8,no
egypt,1,7,1.831469248084327,1.831,no
egypt,1,1,1.88,1.88,no
egypt,1,1,1.88,1.88,no
egypt,1,1,1.88,1.88,no
egypt,1,14,1.89,1.89,no
egypt,1,7,1.92,1.92,no
egypt,1,3,1.9245762791002976,1.925,no
egypt,1,1,1.9552171702521872,1.955,yes
egypt,1,1,1.97,1.97,no
egypt,1,7,1.99,1.99,no
egypt,1,7,1.99,1.99,no
egypt,1,1,1.99,1.99,yes
egypt,0.5,1,1,2,no
egypt,0.5,1,1,2,no
egypt,1,1,2,2,no
egypt,1,7,2,2,no
egypt,1,7,2,2,no
egypt,1,0,2,2,no
egypt,1,7,2,2,no
egypt,1,5,2.04,2.04,no
egypt,0.5,1,1.02896104,2.058,no
egypt,0.5,7,1.02896104,2.058,no
egypt,1,7,2.11,2.11,no
egypt,1,7,2.12,2.12,no
egypt,1,5,2.1201632993340676,2.12,no
egypt,1,3,2.13,2.13,no
egypt,0.5,1,1.07181687088106,2.144,no
egypt,1,7,2.15,2.15,no
egypt,1,7,2.1592807033808215,2.159,no
egypt,0.5,1,1.08,2.16,no
egypt,1,1,2.17,2.17,no
egypt,1,1,2.18,2.18,no
egypt,0.5,1,1.0952873133091123,2.191,no
egypt,1,1,2.24,2.24,no
egypt,1,7,2.30071064,2.301,no
egypt,1,7,2.30071064,2.301,no
egypt,0.5,1,1.16,2.32,no
egypt,1,5,2.35,2.35,no
egypt,1,1,2.35,2.35,no
egypt,1,7,2.35,2.35,no
egypt,1,7,2.36,2.36,no
egypt,1,7,2.39,2.39,no
egypt,1,7,2.3963917111637354,2.396,no
egypt,10,30,23.99,2.399,no
egypt,1,7,2.4,2.4,no
egypt,1,7,2.41,2.41,no
egypt,1,7,2.41,2.41,no
egypt,0.5,1,1.22,2.44,no
egypt,1,5,2.45,2.45,no
egypt,1,7,2.455543519993465,2.456,no
egypt,1,7,2.49,2.49,no
egypt,1,7,2.49,2.49,no
egypt,1,7,2.49,2.49,no
egypt,1,10,2.495690378182906,2.496,no
egypt,1,1,2.5,2.5,no
egypt,1,3,2.5,2.5,no
egypt,1,30,2.5,2.5,no
egypt,1,7,2.54,2.54,no
egypt,1,7,2.55,2.55,no
egypt,1,3,2.5739251862764143,2.574,no
egypt,1,1,2.58,2.58,no
egypt,1,1,2.6,2.6,no
egypt,1,3,2.6,2.6,no
egypt,1,1,2.63,2.63,no
egypt,0.3,3,0.79,2.633,no
egypt,1,7,2.66,2.66,no
egypt,1,7,2.69,2.69,no
egypt,0.5,1,1.3488523516296735,2.698,yes
egypt,1,15,2.699100879226027,2.699,no
egypt,1,7,2.7,2.7,no
egypt,1,1,2.7,2.7,no
egypt,1,7,2.7,2.7,no
egypt,1,7,2.71,2.71,no
egypt,1,7,2.75,2.75,no
egypt,1,1,2.75,2.75,no
egypt,1,7,2.77,2.77,no
egypt,1,7,2.78,2.78,no
egypt,1,10,2.78,2.78,no
egypt,1,5,2.8,2.8,no
egypt,1,3,2.81,2.81,no
egypt,1,5,2.8164530913662893,2.816,no
egypt,0.5,7,1.4107263127136034,2.821,no
egypt,1,30,2.87,2.87,no
egypt,1,30,2.8790409378410957,2.879,no
egypt,1,30,2.9,2.9,no
egypt,1,1,2.9,2.9,yes
egypt,1,1,2.9,2.9,no
egypt,1,1,2.9,2.9,no
egypt,1,1,2.92,2.92,no
egypt,1,0,2.95,2.95,no
egypt,1,7,2.95,2.95,no
egypt,1,1,2.95,2.95,no
egypt,0.5,1,1.4864613537766524,2.973,no
egypt,1,1,2.99,2.99,no
egypt,1,7,2.99,2.99,no
egypt,1,7,2.99,2.99,no
egypt,1,7,2.99,2.99,no
egypt,1,7,2.99,2.99,no
egypt,1,1,2.99,2.99,yes
egypt,1,1,2.99,2.99,no
egypt,1,7,2.99,2.99,no
egypt,1,1,2.99,2.99,no
egypt,1,7,2.99,2.99,no
egypt,1,1,2.99,2.99,yes
egypt,1,7,2.99,2.99,no
egypt,0.5,1,1.5,3,no
egypt,1,7,3,3,no
egypt,1,7,3,3,no
egypt,1,15,3,3,no
egypt,1,3,3,3,no
egypt,1,1,3.1,3.1,no
egypt,0.5,1,1.56,3.12,no
egypt,0.1,7,0.31215672000000005,3.122,no
egypt,1,7,3.15,3.15,no
egypt,1,1,3.15,3.15,no
egypt,1,1,3.16,3.16,yes
egypt,1,30,3.2,3.2,no
egypt,1,30,3.2,3.2,no
egypt,1,7,3.2,3.2,no
egypt,1,7,3.2050711841475725,3.205,no
egypt,1,7,3.25,3.25,no
egypt,1,7,3.25,3.25,no
egypt,1,7,3.25,3.25,no
egypt,1,1,3.25,3.25,no
egypt,1,3,3.26,3.26,no
egypt,1,1,3.27,3.27,no
egypt,1,1,3.29,3.29,no
egypt,1,1,3.293685420736688,3.294,no
egypt,1,10,3.3,3.3,no
egypt,0.5,1,1.67,3.34,no
egypt,0.1,7,0.33411938985322187,3.341,no
egypt,1,10,3.3406263055927927,3.341,no
egypt,1,30,3.3527944,3.353,no
egypt,1,7,3.3527944,3.353,no
egypt,1,7,3.3527944,3.353,no
egypt,1,1,3.3527944,3.353,yes
egypt,0.5,7,1.7955265328483443,3.591,no
egypt,0.5,1,1.82,3.64,no
egypt,0.5,7,1.82,3.64,no
egypt,0.49,1,1.79,3.653,yes
egypt,0.5,1,1.85,3.7,no
egypt,0.5,7,1.9,3.8,no
egypt,0.5,1,1.9,3.8,no
egypt,0.5,7,1.99,3.98,no
egypt,0.5,1,1.99,3.98,no
egypt,0.5,7,1.99,3.98,no
egypt,0.5,1,1.99,3.98,yes
egypt,0.1,7,0.4,4,no
egypt,0.5,7,2,4,no
egypt,0.5,1,2,4,no
egypt,0.5,0,2,4,no
egypt,0.5,1,2.04,4.08,no
egypt,0.5,3,2.2375155114743297,4.475,no
egypt,0.5,1,2.26,4.52,no
egypt,0.5,3,2.300103357949136,4.6,no
egypt,0.5,7,2.45,4.9,no
egypt,0.5,1,2.45,4.9,no
egypt,0.5,3,2.49,4.98,no
egypt,0.1,7,0.5,5,no
egypt,0.5,1,2.5,5,no
egypt,0.5,1,2.5,5,no
egypt,0.5,1,2.5,5,no
egypt,0.5,7,2.5,5,no
egypt,0.5,7,2.5,5,no
egypt,0.49,7,2.49,5.082,no
egypt,0.5,7,2.6,5.2,no
egypt,0.1,1,0.53,5.3,no
egypt,0.5,7,2.65,5.3,no
egypt,0.5,1,2.65,5.3,yes
egypt,0.1,7,0.54,5.4,no
egypt,0.1,30,0.55,5.5,no
egypt,0.5,1,2.79,5.58,no
egypt,0.5,1,2.9,5.8,no
egypt,0.5,1,2.9,5.8,no
egypt,0.3,3,1.79,5.967,no
egypt,0.5,7,2.99,5.98,no
egypt,0.5,1,2.99,5.98,yes
egypt,0.5,1,2.99,5.98,no
egypt,0.5,7,3,6,no
egypt,0.5,1,3,6,no
egypt,0.5,7,3,6,no
egypt,0.49,1,3.01,6.143,no
egypt,0.5,3,3.1,6.2,no
egypt,0.5,3,3.23,6.46,no
egypt,0.3,3,1.97,6.567,no
egypt,0.3,3,1.99,6.633,no
egypt,0.3,2,2.09,6.967,no
egypt,0.1,1,0.7,7,no
egypt,0.1,7,0.85,8.5,no
egypt,0.1,7,0.8555406400000001,8.555,no
egypt,0.2,30,1.79,8.95,no
egypt,0.1,1,0.95,9.5,no
egypt,0.1,3,0.95,9.5,no
egypt,0.1,5,0.95,9.5,no
egypt,0.1,7,0.95,9.5,no
egypt,0.2,30,1.96,9.8,no
egypt,0.2,30,1.97,9.85,no
egypt,0.1,1,1,10,no
egypt,0.1,1,1,10,no
egypt,0.1,1,1.08,10.8,no
egypt,0.2,30,2.3,11.5,no
egypt,0.1,7,1.45,14.5,no
egypt,0.1,7,1.471768269229895,14.718,no
egypt,0.2,30,2.99,14.95,no
egypt,0.1,7,1.5,15,no
egypt,0.1,7,1.7,17,no
egypt,0.1,7,1.71,17.1,no
egypt,0.1,7,1.84,18.4,no
egypt,0.1,7,1.9,19,no
egypt,0.1,3,1.96,19.6,no
egypt,0.1,5,1.96,19.6,no
egypt,0.1,7,1.96,19.6,no
egypt,0.1,10,1.96,19.6,no
egypt,0.1,15,1.96,19.6,no
egypt,0.1,20,1.96,19.6,no
egypt,0.1,30,1.96,19.6,no
egypt,0.1,7,2,20,no
egypt,0.1,0,2,20,no
egypt,0.1,1,2,20,no
egypt,0.1,0,2,20,no
egypt,0.1,0,2,20,no
egypt,0.1,7,2.1966584,21.536,no
egypt,0.1,7,2.99,29.9,no
egypt,0.1,7,2.99,29.9,no
egypt,0.1,7,2.99,29.9,no
egypt,0.1,0,3,30,no
france,3,30,0.6243134400000001,0.208,no
france,70,15,17.5,0.25,no
france,3,1,0.76,0.253,no
france,3,3,0.76,0.253,no
france,3,5,0.76,0.253,no
france,3,30,0.76,0.253,no
france,3,15,0.76,0.253,no
france,3,7,0.76,0.253,no
france,3,10,0.76,0.253,no
france,3,12,0.76,0.253,no
france,3,14,0.76,0.253,no
france,3,20,0.76,0.253,no
france,3,21,0.76,0.253,no
france,3,25,0.76,0.253,no
france,5,1,1.63,0.326,no
france,5,1,1.6417131200000001,0.328,no
france,2,15,0.76,0.38,no
france,2,30,0.76,0.38,no
france,3,1,1.2,0.4,no
france,3,3,1.2,0.4,no
france,3,5,1.2,0.4,no
france,3,7,1.2,0.4,no
france,3,10,1.2,0.4,no
france,3,15,1.2139428,0.405,no
france,3,15,1.2139428,0.405,no
france,3,20,1.22,0.407,no
france,4,1,1.63,0.407,no
france,4,30,1.6417131200000001,0.41,no
france,3,1,1.2717496000000001,0.424,no
france,3,30,1.2833109600000001,0.428,no
france,3,1,1.3526791200000001,0.451,no
france,3,7,1.5260995200000003,0.509,no
france,2,15,1.0520837600000001,0.526,no
france,2,15,1.0520837600000001,0.526,no
france,3,30,1.65,0.55,no
france,2,1,1.10989056,0.555,no
france,2,30,1.10989056,0.555,no
france,3,1,1.67,0.557,no
france,2,1,1.14,0.57,no
france,2,15,1.2,0.6,no
france,2,1,1.2023814400000001,0.601,no
france,2,1,1.24,0.62,yes
france,2,1,1.25,0.625,no
france,2,1,1.2601882400000002,0.63,no
france,1,1,0.65,0.65,no
france,1,5,0.66,0.66,no
france,1,1,0.66,0.66,no
france,10,7,6.8,0.68,no
france,1,7,0.68212024,0.682,no
france,1,1,0.69,0.69,no
france,1,7,0.69,0.69,no
france,1,1,0.6936816,0.694,no
france,2,1,1.43,0.715,no
france,2,1,1.4551674305392495,0.728,no
france,2,1,1.46,0.73,yes
france,1,1,0.75,0.75,no
france,1,1,0.7514884000000001,0.751,no
france,1,7,0.7514884000000001,0.751,no
france,2,1,1.51,0.755,no
france,1,5,0.76,0.76,no
france,1,15,0.76,0.76,no
france,1,20,0.76,0.76,no
france,1,30,0.76,0.76,no
france,1,10,0.76,0.76,no
france,1,7,0.76,0.76,no
france,1.5,1,1.14,0.76,no
france,2,3,1.53,0.765,no
france,1,3,0.77,0.77,no
france,0.5,1,0.3911740404675402,0.782,no
france,2,5,1.57,0.785,no
france,2,1,1.57,0.785,no
france,1,5,0.79,0.79,no
france,2,1,1.58,0.79,no
france,10,7,8,0.8,no
france,0.5,1,0.4,0.8,no
france,2,7,1.6,0.8,no
france,2,1,1.6087229881821794,0.804,yes
france,2,10,1.62,0.81,no
france,2,1,1.62,0.81,yes
france,0.75,7,0.61275208,0.817,no
france,1,7,0.82,0.82,no
france,2,15,1.64,0.82,no
france,0.8,1,0.66,0.825,no
france,2,1,1.65,0.825,no
france,1,10,0.83,0.83,no
france,2,20,1.66,0.83,no
france,2,1,1.66,0.83,yes
france,2,30,1.68,0.84,no
france,1,7,0.85,0.85,no
france,1,15,0.85,0.85,no
france,1,1,0.8555406400000001,0.856,no
france,1,20,0.86,0.86,no
france,1,30,0.87,0.87,no
france,1,1,0.8786102473918056,0.879,yes
france,1,7,0.8909850396085915,0.891,no
france,1,7,0.9,0.9,no
france,1,7,0.9133474400000001,0.913,no
france,0.5,1,0.46158536775169734,0.923,no
france,0.5,1,0.47,0.94,no
france,1,1,0.9404842084757357,0.94,yes
france,1,1,0.95,0.95,no
france,1,1,0.98,0.98,no
france,1,1,0.98,0.98,no
france,1,7,0.9899833773428797,0.99,no
france,1,7,0.99,0.99,no
france,1,7,0.99,0.99,no
france,1,1,0.99,0.99,yes
france,0.5,1,0.5,1,no
france,1,3,1,1,no
france,1,7,1,1,no
france,1,1,1,1,no
france,1,1,1,1,no
france,1,1,1,1,yes
france,1,1,1,1,yes
france,1,1,1,1,yes
france,1,1,1.0014055435969027,1.001,no
france,1,1,1.0170525052156045,1.017,no
france,0.5,1,0.5202612000000001,1.041,no
france,0.5,1,0.5202612000000001,1.041,no
france,0.5,1,0.5241732142265039,1.048,no
france,1,1,1.07,1.07,no
france,0.5,1,0.54,1.08,no
france,0.5,1,0.5444908575385837,1.089,yes
france,1,1,1.11,1.11,no
france,1,1,1.12,1.12,no
france,1,1,1.13,1.13,no
france,15,30,17,1.133,no
france,1,3,1.156136,1.156,no
france,1,7,1.16,1.16,no
france,1,1,1.18,1.18,no
france,1,3,1.19,1.19,no
france,1,7,1.19,1.19,no
france,1,7,1.19,1.19,no
france,1,1,1.19,1.19,no
france,1,1,1.19,1.19,no
france,1,7,1.1946613545329534,1.195,no
france,20,14,23.99,1.2,no
france,0.5,1,0.6,1.2,no
france,1,3,1.2,1.2,no
france,1,1,1.2,1.2,no
france,1,10,1.2,1.2,no
france,1,15,1.2,1.2,no
france,1,1,1.2,1.2,no
france,0.5,1,0.6024080223200119,1.205,no
france,1,1,1.21,1.21,no
france,1,7,1.21,1.21,no
france,1,5,1.21,1.21,no
france,1,5,1.21,1.21,no
france,1,20,1.22,1.22,no
france,1,7,1.24,1.24,no
france,1,7,1.24,1.24,no
france,1,7,1.25,1.25,no
france,1,30,1.2601882400000002,1.26,no
france,1,7,1.27,1.27,no
france,1,7,1.2717496000000001,1.272,no
france,1,5,1.2830508527335316,1.283,no
france,1,1,1.29,1.29,no
france,1,1,1.2908743335428825,1.291,no
france,0.5,1,0.65,1.3,no
france,1,3,1.3,1.3,no
france,1,7,1.3,1.3,no
france,1,7,1.3,1.3,no
france,1,7,1.3,1.3,no
france,0.5,1,0.66,1.32,no
france,0.5,3,0.66,1.32,no
france,1,7,1.33,1.33,no
france,1,7,1.33,1.33,no
france,1,1,1.3378152183989873,1.338,no
france,1,5,1.34,1.34,no
france,0.5,3,0.68,1.36,no
france,1,7,1.36,1.36,no
france,1,1,1.38,1.38,no
france,1,7,1.3873632,1.387,no
france,1,5,1.39,1.39,no
france,1,7,1.39,1.39,no
france,1,1,1.39,1.39,no
france,0.5,5,0.7,1.4,no
france,0.5,30,0.7,1.4,no
france,0.5,1,0.7,1.4,no
france,1,5,1.4,1.4,no
france,1,30,1.4,1.4,no
france,1,7,1.4,1.4,no
france,1,1,1.4,1.4,yes
france,0.49,1,0.69,1.408,yes
france,1,30,1.4082265456831446,1.408,no
france,1,1,1.41,1.41,no
france,1,7,1.4107263127136034,1.411,no
france,0.5,7,0.72,1.44,no
france,1,1,1.4395204689205479,1.44,no
france,1,7,1.44,1.44,no
france,1,1,1.44,1.44,no
france,1,7,1.45,1.45,no
france,1,1,1.45,1.45,no
france,1,1,1.45,1.45,no
france,0.5,1,0.73,1.46,no
france,1,1,1.46,1.46,yes
france,1,7,1.47,1.47,no
france,1,1,1.47,1.47,no
france,1,1,1.4708143921579508,1.471,no
france,1,7,1.48,1.48,no
france,1,7,1.49,1.49,no
france,1,7,1.49,1.49,no
france,1,1,1.49,1.49,yes
france,1,7,1.49,1.49,no
france,1,1,1.49,1.49,yes
france,1,1,1.49,1.49,no
france,1,14,1.49,1.49,no
france,0.5,1,0.75,1.5,no
france,1,1,1.5,1.5,no
france,1,3,1.5,1.5,no
france,1,7,1.5,1.5,no
france,1,7,1.5,1.5,no
france,1,1,1.5,1.5,yes
france,1,7,1.5,1.5,no
france,1,3,1.509931796204705,1.51,no
france,0.5,3,0.76,1.52,no
france,1,7,1.5260995200000003,1.526,no
france,1,7,1.53,1.53,no
france,1,5,1.5334022386327573,1.533,no
france,1,3,1.54,1.54,no
france,1,7,1.5412257194421082,1.541,no
france,1,10,1.5490492002514589,1.549,no
france,1,1,1.55,1.55,no
france,1,7,1.55,1.55,no
france,1,7,1.55,1.55,no
france,1,10,1.56,1.56,no
france,1,1,1.56,1.56,no
france,1,15,1.5646961618701607,1.565,no
france,1,7,1.57,1.57,no
france,1,1,1.5723449600000003,1.572,no
france,0.5,1,0.79,1.58,no
france,1,7,1.59,1.59,no
france,1,7,1.59,1.59,no
france,1,5,1.6,1.6,no
france,1,30,1.6,1.6,no
france,1,1,1.6,1.6,no
france,1,1,1.6,1.6,no
france,1,1,1.61,1.61,no
france,1,7,1.64,1.64,no
france,1,15,1.65,1.65,no
france,1,5,1.65,1.65,no
france,1,1,1.6585779315823703,1.659,no
france,0.5,1,0.84,1.68,no
france,0.5,1,0.85,1.7,no
france,0.5,1,0.8555406400000001,1.711,no
france,0.5,1,0.86,1.72,no
france,0.5,1,0.92,1.84,no
france,0.5,1,0.99,1.98,no
france,0.5,1,0.99,1.98,yes
france,0.5,1,0.99,1.98,no
france,0.5,1,1,2,no
france,0.5,1,1.02,2.04,no
france,0.2,1,0.41,2.05,no
france,0.3,1,0.6187396108392997,2.062,yes
france,0.5,1,1.04,2.08,no
france,0.2,1,0.42,2.1,no
france,0.5,1,1.0766069228603816,2.153,yes
france,0.5,1,1.08,2.16,no
france,0.3,1,0.68,2.267,no
france,0.2,1,0.46158536775169734,2.308,no
france,0.2,1,0.46940884856104814,2.347,no
france,0.5,1,1.2,2.4,no
france,0.5,1,1.2023814400000001,2.405,no
france,0.3,1,0.7746111200000001,2.582,no
france,0.5,1,1.34,2.68,no
france,0.3,1,0.82,2.733,no
france,0.5,3,1.4082265456831446,2.816,no
france,0.5,3,1.41,2.82,no
france,0.5,1,1.41,2.82,no
france,0.5,3,1.4238735073018463,2.848,no
france,0.5,1,1.44,2.88,no
france,0.5,1,1.45,2.9,no
france,0.5,1,1.471768269229895,2.944,no
france,0.5,1,1.48,2.96,no
france,0.5,3,1.52,3.04,no
france,0.2,30,0.61,3.05,no
france,0.5,3,1.53,3.06,no
france,0.5,3,1.55,3.1,no
france,0.1,7,0.31215672000000005,3.122,no
france,0.5,3,1.5803431234888623,3.161,no
france,0.5,1,1.59,3.18,no
france,0.5,1,1.59,3.18,no
france,0.5,1,1.6,3.2,no
france,0.5,3,1.6087229881821794,3.217,yes
france,0.5,3,1.6429309699636687,3.286,no
france,0.3,1,0.99,3.3,no
france,0.5,3,1.67,3.34,no
france,0.1,7,0.33411938985322187,3.341,no
france,0.5,1,1.68,3.36,no
france,0.3,1,1.08,3.6,no
france,0.3,1,1.1,3.667,no
france,0.1,7,0.4,4,no
france,0.3,1,1.39,4.633,no
france,0.3,1,1.49,4.967,yes
france,0.1,7,0.5,5,no
france,0.1,1,0.53,5.3,no
france,0.1,7,0.54,5.4,no
france,0.1,30,0.55,5.5,no
france,0.3,2,1.69,5.633,no
france,0.1,7,0.6,6,no
france,0.1,1,0.63,6.3,no
france,0.1,3,0.65,6.5,no
france,0.1,5,0.67,6.7,no
france,0.1,7,0.69,6.9,no
france,0.1,7,0.85,8.5,no
france,0.1,7,0.8555406400000001,8.555,no
france,0.1,1,0.95,9.5,no
france,0.1,3,0.95,9.5,no
france,0.1,5,0.95,9.5,no
france,0.1,7,0.95,9.5,no
france,0.1,1,1,10,no
france,0.1,1,1,10,no
france,0.1,1,1,10,no
france,0.1,7,1.23,12.3,no
france,0.1,7,1.45,14.5,no
france,0.1,7,1.471768269229895,14.718,no
france,0.1,7,1.5,15,no
georgia,1,7,0.31215672000000005,0.312,no
georgia,3,1,1.69,0.563,no
georgia,3,1,1.7,0.567,yes
georgia,2,1,1.2,0.6,no
georgia,3,1,1.8151335200000003,0.605,no
georgia,2,1,1.2139428,0.607,no
georgia,2,1,1.24,0.62,yes
georgia,3,1,2.04,0.68,yes
georgia,19,30,12.99,0.684,no
georgia,2,1,1.46,0.73,yes
georgia,3,30,2.24,0.747,no
georgia,3,15,2.24,0.747,no
georgia,3,7,2.24,0.747,no
georgia,3,3,2.24,0.747,no
georgia,3,5,2.24,0.747,no
georgia,3,10,2.24,0.747,no
georgia,3,20,2.24,0.747,no
georgia,3,3,2.24,0.747,no
georgia,3,5,2.24,0.747,no
georgia,2,1,1.5,0.75,no
georgia,3,30,2.25,0.75,no
georgia,3,1,2.26,0.753,yes
georgia,2,1,1.62,0.81,yes
georgia,3,3,2.6,0.867,no
georgia,3,1,2.62,0.873,no
georgia,1,7,0.89,0.89,no
georgia,1,3,0.89,0.89,no
georgia,1,1,0.89,0.89,no
georgia,1,5,0.89,0.89,no
georgia,1,7,0.9,0.9,no
georgia,3,5,2.73,0.91,no
georgia,2,1,1.8266948800000002,0.913,no
georgia,3,15,2.75160368,0.917,no
georgia,3,30,2.7631650400000005,0.921,no
georgia,3,5,2.79,0.93,no
georgia,3,30,2.8209718400000003,0.94,no
georgia,3,7,2.84,0.947,no
georgia,1,1,0.95959288,0.96,no
georgia,3,1,2.91,0.97,no
georgia,3,1,2.92,0.973,no
georgia,3,7,2.92502408,0.975,no
georgia,3,15,2.96,0.987,no
georgia,3,7,2.99,0.997,no
georgia,3,7,2.99,0.997,no
georgia,3,7,3,1,no
georgia,3,1,3,1,yes
georgia,3,30,3,1,no
georgia,3,5,3.04,1.013,no
georgia,3,15,3.11,1.037,no
georgia,3,1,3.14,1.047,no
georgia,3,3,3.17,1.057,no
georgia,3,7,3.17,1.057,no
georgia,3,30,3.18,1.06,no
georgia,3,10,3.2,1.067,no
georgia,3,1,3.2,1.067,no
georgia,3,30,3.25,1.083,no
georgia,0.5,1,0.55,1.1,no
georgia,3,15,3.3,1.1,no
georgia,3,15,3.3,1.1,no
georgia,3,1,3.34,1.113,yes
georgia,3,1,3.35,1.117,yes
georgia,3,15,3.35,1.117,no
georgia,2,15,2.24,1.12,no
georgia,2,30,2.24,1.12,no
georgia,2,15,2.24,1.12,no
georgia,2,1,2.289336560105409,1.145,yes
georgia,2,15,2.29,1.145,no
georgia,1,1,1.156136,1.156,no
georgia,0.5,1,0.59,1.18,no
georgia,1,7,1.1908200800000002,1.191,no
georgia,0.5,7,0.6,1.2,no
georgia,1,7,1.2,1.2,no
georgia,1,7,1.21,1.21,no
georgia,1,7,1.2127296372450274,1.213,no
georgia,2,30,2.43944696,1.22,no
georgia,2,1,2.45,1.225,no
georgia,1,1,1.2498540138953855,1.25,yes
georgia,2,1,2.5,1.25,no
georgia,2,1,2.55,1.275,no
georgia,2,1,2.55,1.275,no
georgia,10,30,12.9,1.29,no
georgia,1,1,1.3,1.3,no
georgia,0.5,3,0.66,1.32,no
georgia,20,30,27,1.35,no
georgia,1,1,1.37,1.37,no
georgia,2,1,2.75,1.375,yes
georgia,2,15,2.7747264,1.387,no
georgia,2,15,2.79,1.395,no
georgia,2,15,2.79,1.395,no
georgia,10,30,14,1.4,no
georgia,1,1,1.4,1.4,yes
georgia,1,1,1.4,1.4,no
georgia,1,5,1.41,1.41,no
georgia,0.75,7,1.07520648,1.434,no
georgia,0.5,1,0.72,1.44,no
georgia,1,7,1.44,1.44,no
georgia,1,7,1.44,1.44,no
georgia,0.5,1,0.7301127407903737,1.46,yes
georgia,1,1,1.47,1.47,no
georgia,2,1,2.95,1.475,no
georgia,2,1,2.99,1.495,yes
georgia,2,1,2.99,1.495,no
georgia,1,1,1.5,1.5,yes
georgia,2,1,3,1.5,no
georgia,1,5,1.51,1.51,no
georgia,2,1,3.06,1.53,no
georgia,1,1,1.55,1.55,no
georgia,1,7,1.56,1.56,no
georgia,1,7,1.56,1.56,no
georgia,2,15,3.13,1.565,no
georgia,2,15,3.13,1.565,no
georgia,2,1,3.15,1.575,no
georgia,1,7,1.59,1.59,no
georgia,1,14,1.59,1.59,no
georgia,2,1,3.19,1.595,no
georgia,0.5,1,0.81,1.62,no
georgia,0.5,1,0.8136420041724836,1.627,no
georgia,0.5,1,0.8136420041724836,1.627,no
georgia,1,7,1.69,1.69,no
georgia,0.5,1,0.85,1.7,no
georgia,1,7,1.7,1.7,no
georgia,1,1,1.71,1.71,no
georgia,1,3,1.7226426400000001,1.723,no
georgia,0.3,1,0.5202612000000001,1.734,no
georgia,1,7,1.734204,1.734,no
georgia,1,7,1.74,1.74,no
georgia,1,7,1.74,1.74,no
georgia,1,7,1.74,1.74,no
georgia,0.5,1,0.88,1.76,no
georgia,0.5,3,0.89,1.78,no
georgia,1,7,1.78,1.78,no
georgia,1,5,1.79,1.79,no
georgia,1,7,1.7955265328483443,1.796,no
georgia,20,30,35.99,1.8,no
georgia,1,1,1.8,1.8,no
georgia,1,7,1.8,1.8,no
georgia,1,1,1.8,1.8,no
georgia,1,1,1.81,1.81,no
georgia,1,7,1.8613789600000004,1.861,no
georgia,1,1,1.87,1.87,no
georgia,1,1,1.88,1.88,no
georgia,1,7,1.89,1.89,no
georgia,0.5,1,0.95959288,1.919,no
georgia,1,3,1.92,1.92,no
georgia,1,0,1.95,1.95,no
georgia,1,1,1.95,1.95,no
georgia,0.5,1,0.98,1.96,no
georgia,0.5,1,0.99,1.98,no
georgia,0.5,1,0.99,1.98,no
georgia,1,7,1.99,1.99,no
georgia,1,1,1.99,1.99,no
georgia,1,7,1.99,1.99,no
georgia,1,1,1.99,1.99,no
georgia,1,7,1.99,1.99,no
georgia,1,1,1.99,1.99,yes
georgia,1,1,1.99,1.99,yes
georgia,0.5,1,1,2,no
georgia,1,7,2,2,no
georgia,1,7,2,2,no
georgia,1,1,2,2,no
georgia,1,30,2,2,no
georgia,1,3,2,2,no
georgia,1,1,2,2,no
georgia,1,7,2,2,no
georgia,1,0,2,2,no
georgia,1,7,2.0103076070276167,2.01,no
georgia,1,1,2.04,2.04,no
georgia,0.49,1,1.01,2.061,no
georgia,1,7,2.0694834400000004,2.069,no
georgia,1,1,2.1,2.1,yes
georgia,1,7,2.11,2.11,no
georgia,1,1,2.14,2.14,no
georgia,0.5,1,1.07181687088106,2.144,no
georgia,1,7,2.15,2.15,no
georgia,1,7,2.2,2.2,no
georgia,1,7,2.22,2.22,no
georgia,1,7,2.24,2.24,no
georgia,1,1,2.253162473093031,2.253,no
georgia,1,7,2.27,2.27,no
georgia,1,1,2.27,2.27,no
georgia,1,7,2.29,2.29,no
georgia,1,1,2.3,2.3,no
georgia,1,7,2.3,2.3,no
georgia,1,7,2.3,2.3,no
georgia,1,7,2.30071064,2.301,no
georgia,1,7,2.30071064,2.301,no
georgia,1,7,2.30071064,2.301,no
georgia,1,7,2.30071064,2.301,no
georgia,1,7,2.312272,2.312,no
georgia,1,1,2.3157503195678375,2.316,no
georgia,1,1,2.35,2.35,no
georgia,1,1,2.3626912044239425,2.363,no
georgia,1,7,2.38,2.38,no
georgia,1,1,2.38,2.38,no
georgia,1,1,2.3816401600000003,2.382,no
georgia,1,3,2.4,2.4,no
georgia,1,1,2.417455570089398,2.417,no
georgia,0.5,1,1.21,2.42,no
georgia,0.5,1,1.21,2.42,no
georgia,1,3,2.43,2.43,no
georgia,1,1,2.44,2.44,no
georgia,1,5,2.45,2.45,no
georgia,1,1,2.48,2.48,yes
georgia,1,1,2.48,2.48,no
georgia,1,7,2.48,2.48,no
georgia,1,1,2.49,2.49,yes
georgia,1,7,2.49,2.49,no
georgia,1,1,2.5,2.5,no
georgia,1,7,2.5,2.5,no
georgia,1,7,2.5,2.5,no
georgia,1,7,2.5,2.5,no
georgia,1,7,2.5,2.5,no
georgia,1,7,2.5,2.5,no
georgia,1,7,2.5,2.5,no
georgia,1,7,2.5,2.5,no
georgia,1,30,2.5,2.5,no
georgia,1,7,2.51,2.51,no
georgia,1,1,2.52,2.52,no
georgia,1,7,2.54,2.54,no
georgia,1,7,2.55,2.55,no
georgia,1,1,2.55,2.55,no
georgia,1,1,2.57,2.57,yes
georgia,1,7,2.58,2.58,no
georgia,1,1,2.6,2.6,no
georgia,1,1,2.6,2.6,no
georgia,1,3,2.6,2.6,no
georgia,1,7,2.623455949958631,2.623,no
georgia,1,1,2.65,2.65,no
georgia,1,7,2.66,2.66,no
georgia,1,1,2.68,2.68,yes
georgia,1,7,2.6849074751576896,2.685,no
georgia,1,7,2.7,2.7,no
georgia,1,7,2.71,2.71,no
georgia,1,7,2.75,2.75,no
georgia,1,1,2.75,2.75,no
georgia,1,7,2.75,2.75,no
georgia,1,3,2.78,2.78,no
georgia,1,1,2.79,2.79,no
georgia,1,7,2.79,2.79,no
georgia,0.5,1,1.4,2.8,yes
georgia,0.5,1,1.4,2.8,no
georgia,1,7,2.8,2.8,no
georgia,1,7,2.8,2.8,no
georgia,1,7,2.8,2.8,no
georgia,1,1,2.8,2.8,yes
georgia,1,1,2.8,2.8,yes
georgia,1,7,2.8325332000000003,2.833,no
georgia,1,3,2.86,2.86,no
georgia,1,30,2.87,2.87,no
georgia,1,7,2.8787786400000006,2.879,no
georgia,1,3,2.88,2.88,no
georgia,1,7,2.88,2.88,no
georgia,1,7,2.88,2.88,no
georgia,1,30,2.89034,2.89,no
georgia,1,30,2.9,2.9,no
georgia,1,7,2.92,2.92,no
georgia,1,1,2.95,2.95,yes
georgia,1,1,2.95,2.95,no
georgia,1,1,2.95,2.95,no
georgia,0.5,1,1.48,2.96,no
georgia,0.5,1,1.49,2.98,yes
georgia,1,7,2.99,2.99,no
georgia,1,7,2.99,2.99,no
georgia,1,7,2.99,2.99,no
georgia,1,1,2.99,2.99,yes
georgia,1,1,2.99,2.99,yes
georgia,1,7,2.99,2.99,no
georgia,1,7,2.99,2.99,no
georgia,1,1,2.99,2.99,no
georgia,1,7,2.99,2.99,no
georgia,1,1,2.99,2.99,yes
georgia,1,7,2.99,2.99,no
georgia,1,1,2.9943922400000003,2.994,yes
georgia,1,3,3,3,no
georgia,1,7,3,3,no
georgia,1,1,3,3,yes
georgia,1,7,3.01,3.01,no
georgia,1,7,3.048662843404782,3.049,no
georgia,1,1,3.09,3.09,no
georgia,1,30,3.1,3.1,no
georgia,1,7,3.15,3.15,no
georgia,1,30,3.2,3.2,no
georgia,1,1,3.293685420736688,3.294,no
georgia,1,7,3.3527944,3.353,no
georgia,1,1,3.3527944,3.353,yes
georgia,0.49,1,1.69,3.449,yes
georgia,0.5,1,1.73,3.46,no
georgia,0.5,1,1.96,3.92,no
georgia,0.5,1,1.97,3.94,no
georgia,0.5,3,1.99,3.98,no
georgia,0.5,1,1.9973997939548573,3.995,no
georgia,0.5,1,2,4,no
georgia,0.5,0,2,4,no
georgia,0.5,1,2.12,4.24,yes
georgia,0.5,3,2.177963430154335,4.356,yes
georgia,0.5,3,2.36,4.72,no
georgia,0.1,1,0.53,5.3,no
georgia,0.5,1,2.85,5.7,no
georgia,0.5,3,2.9,5.8,no
georgia,0.5,1,2.9,5.8,no
georgia,0.3,3,1.79,5.967,no
georgia,0.5,1,2.99,5.98,yes
georgia,0.5,1,2.99,5.98,no
georgia,0.49,1,3,6.122,no
georgia,0.5,3,3.1293923237403214,6.259,no
georgia,0.5,3,3.2154506126431803,6.431,no
georgia,0.3,3,1.97,6.567,no
georgia,0.5,3,3.293685420736688,6.587,no
georgia,0.3,3,1.99,6.633,no
georgia,0.5,3,3.32,6.64,no
georgia,0.1,1,0.89,8.9,no
georgia,0.2,30,1.94,9.7,no
georgia,0.2,30,1.96,9.8,no
georgia,0.2,30,1.97,9.85,no
georgia,0.1,1,1,10,no
georgia,0.1,1,1,10,no
georgia,0.2,30,2.3,11.5,no
georgia,0.2,30,2.99,14.95,no
georgia,0.1,0,2,20,no
georgia,0.1,0,2,20,no
georgia,0.1,0,3,30,no
germany,3,30,0.6243134400000001,0.208,no
germany,3,1,0.71,0.237,no
germany,3,3,0.71,0.237,no
germany,3,5,0.71,0.237,no
germany,3,7,0.76,0.253,no
germany,3,10,0.76,0.253,no
germany,3,30,0.76,0.253,no
germany,3,15,0.76,0.253,no
germany,3,12,0.76,0.253,no
germany,3,14,0.76,0.253,no
germany,3,20,0.76,0.253,no
germany,3,21,0.76,0.253,no
germany,3,25,0.76,0.253,no
germany,2,15,0.76,0.38,no
germany,2,30,0.76,0.38,no
germany,1,7,0.38152488000000007,0.382,no
germany,3,1,1.14457464,0.382,no
germany,4,30,1.5839063200000003,0.396,no
germany,3,15,1.2,0.4,no
germany,3,1,1.2,0.4,no
germany,3,3,1.2,0.4,no
germany,3,5,1.2,0.4,no
germany,3,7,1.2,0.4,no
germany,3,10,1.2,0.4,no
germany,3,15,1.2139428,0.405,no
germany,3,1,1.2139428,0.405,no
germany,3,15,1.2139428,0.405,no
germany,3,30,1.22,0.407,no
germany,3,20,1.22,0.407,no
germany,4,30,1.6417131200000001,0.41,no
germany,3,30,1.2370655200000003,0.412,no
germany,3,30,1.2833109600000001,0.428,no
germany,3,15,1.30643368,0.435,no
germany,3,1,1.31799504,0.439,no
germany,3,1,1.3526791200000001,0.451,no
germany,50,30,24.99,0.5,no
germany,2,15,1.0520837600000001,0.526,no
germany,2,15,1.0520837600000001,0.526,no
germany,2,30,1.07520648,0.538,no
germany,3,1,1.6585779315823703,0.553,no
germany,2,1,1.10989056,0.555,no
germany,2,30,1.10989056,0.555,no
germany,2,15,1.1330132800000001,0.567,no
germany,2,1,1.14,0.57,no
germany,2,1,1.156136,0.578,no
germany,10,7,5.8,0.58,no
germany,2,15,1.2,0.6,no
germany,2,1,1.2023814400000001,0.601,no
germany,2,1,1.2139428,0.607,no
germany,2,1,1.24,0.62,yes
germany,2,1,1.25,0.625,no
germany,1,7,0.66,0.66,no
germany,1,5,0.66,0.66,no
germany,1,1,0.66,0.66,no
germany,1,7,0.67055888,0.671,no
germany,2,1,1.3612271438464596,0.681,yes
germany,1,7,0.68212024,0.682,no
germany,1,1,0.69,0.69,no
germany,1,7,0.69,0.69,no
germany,1,1,0.6936816,0.694,no
germany,1,5,0.71,0.71,no
germany,2,1,1.43,0.715,no
germany,2,1,1.431696988111197,0.716,no
germany,2,1,1.4551674305392495,0.728,no
germany,2,1,1.4551674305392495,0.728,no
germany,1,1,0.7301127407903737,0.73,yes
germany,1,1,0.7399270400000001,0.74,no
germany,1,7,0.75,0.75,no
germany,1,1,0.7514884000000001,0.751,no
germany,1,7,0.7514884000000001,0.751,no
germany,1,7,0.76,0.76,no
germany,1,15,0.76,0.76,no
germany,1,20,0.76,0.76,no
germany,1,30,0.76,0.76,no
germany,1.5,1,1.14,0.76,no
germany,2,1,1.52,0.76,no
germany,0.5,1,0.3833505596581893,0.767,no
germany,2,1,1.56,0.78,no
germany,0.5,1,0.3911740404675402,0.782,no
germany,2,1,1.57,0.785,no
germany,2,1,1.58,0.79,no
germany,2,1,1.58,0.79,no
germany,0.5,1,0.4,0.8,no
germany,1,7,0.8,0.8,no
germany,0.75,7,0.6011907200000001,0.802,no
germany,1,7,0.8043614940910897,0.804,no
germany,1,1,0.81,0.81,no
germany,0.75,7,0.61275208,0.817,no
germany,0.8,1,0.66,0.825,no
germany,2,1,1.65,0.825,no
germany,0.5,1,0.4146444828955926,0.829,no
germany,20,30,16.75,0.838,no
germany,0.5,1,0.42,0.84,no
germany,0.5,1,0.4207429353707238,0.841,yes
germany,1,7,0.8786102473918056,0.879,no
germany,1,7,0.8909850396085915,0.891,no
germany,0.75,7,0.67055888,0.894,no
germany,0.5,1,0.46158536775169734,0.923,no
germany,1,1,0.9281094162589496,0.928,yes
germany,0.5,1,0.47,0.94,no
germany,1,1,0.9404842084757357,0.94,yes
germany,1,1,0.95,0.95,no
germany,1,1,0.95,0.95,no
germany,1,1,0.95959288,0.96,no
germany,1,1,0.98,0.98,no
germany,1,7,0.99,0.99,no
germany,1,7,0.99,0.99,no
germany,10,30,10,1,no
germany,0.5,1,0.5,1,no
germany,1,7,1,1,no
germany,1,1,1,1,no
germany,1,1,1,1,no
germany,1,3,1,1,no
germany,1,1,1,1,yes
germany,1,1,1,1,yes
germany,1,1,1,1,yes
germany,1,1,1.0014055435969027,1.001,no
germany,1,1,1.0170525052156045,1.017,no
germany,1,1,1.02,1.02,no
germany,1,7,1.04,1.04,no
germany,1,7,1.04,1.04,no
germany,0.5,1,0.5202612000000001,1.041,no
germany,0.5,1,0.5202612000000001,1.041,no
germany,0.5,1,0.5241732142265039,1.048,no
germany,1,1,1.07,1.07,no
germany,0.5,1,0.54,1.08,no
germany,1,1,1.09,1.09,yes
germany,20,14,21.99,1.099,no
germany,1,1,1.11,1.11,no
germany,1,1,1.12,1.12,no
germany,1,1,1.12,1.12,no
germany,1,1,1.13,1.13,no
germany,1,7,1.13,1.13,no
germany,1,1,1.14,1.14,no
germany,1,1,1.1422281981652171,1.142,no
germany,1,7,1.14457464,1.145,no
germany,1,7,1.14457464,1.145,no
germany,0.5,1,0.58,1.16,no
germany,1,1,1.16,1.16,no
germany,1,7,1.16,1.16,no
germany,1,1,1.17,1.17,no
germany,1,1,1.18,1.18,no
germany,1,1,1.18,1.18,no
germany,1,7,1.19,1.19,no
germany,1,5,1.19,1.19,no
germany,1,1,1.19,1.19,no
germany,1,7,1.1946613545329534,1.195,no
germany,1,7,1.1946613545329534,1.195,no
germany,0.5,1,0.6,1.2,no
germany,1,7,1.2,1.2,no
germany,1,3,1.2,1.2,no
germany,1,1,1.2,1.2,no
germany,1,10,1.2,1.2,no
germany,1,15,1.2,1.2,no
germany,0.5,1,0.6024080223200119,1.205,no
germany,1,1,1.21,1.21,no
germany,1,7,1.21,1.21,no
germany,1,1,1.21,1.21,no
germany,1,7,1.21,1.21,no
germany,1,5,1.21,1.21,no
germany,1,20,1.22,1.22,no
germany,1,7,1.23,1.23,no
germany,1,7,1.24,1.24,no
germany,1,1,1.24,1.24,no
germany,1,7,1.26,1.26,no
germany,1,1,1.26,1.26,no
germany,1,30,1.2601882400000002,1.26,no
germany,1,7,1.27,1.27,no
germany,1,7,1.2717496000000001,1.272,no
germany,1,5,1.2830508527335316,1.283,no
germany,1,1,1.29,1.29,no
germany,1,1,1.2908743335428825,1.291,no
germany,0.5,30,0.65,1.3,no
germany,1,3,1.3,1.3,no
germany,1,7,1.3,1.3,no
germany,1,7,1.3,1.3,no
germany,0.5,3,0.66,1.32,no
germany,1,1,1.32,1.32,no
germany,1,7,1.33,1.33,no
germany,1,7,1.33,1.33,no
germany,1,7,1.33,1.33,no
germany,1,1,1.3378152183989873,1.338,no
germany,1,5,1.34,1.34,no
germany,1,7,1.3491997362601456,1.349,no
germany,1,1,1.35,1.35,no
germany,1,7,1.36,1.36,no
germany,0.5,1,0.69,1.38,no
germany,1,5,1.39,1.39,no
germany,1,3,1.39,1.39,no
germany,1,7,1.39,1.39,no
germany,1,1,1.39,1.39,no
germany,0.5,1,0.7,1.4,no
germany,0.5,1,0.7,1.4,no
germany,1,7,1.4,1.4,no
germany,1,1,1.4,1.4,no
germany,1,7,1.4,1.4,no
germany,1,5,1.4,1.4,no
germany,1,30,1.4,1.4,no
germany,1,1,1.4,1.4,yes
germany,1,1,1.4,1.4,no
germany,1,7,1.4,1.4,no
germany,0.49,1,0.69,1.408,yes
germany,1,30,1.4082265456831446,1.408,no
germany,1,1,1.41,1.41,no
germany,1,7,1.4107263127136034,1.411,no
germany,0.5,3,0.71,1.42,no
germany,1,1,1.42,1.42,no
germany,1,7,1.43,1.43,no
germany,1,1,1.4395204689205479,1.44,no
germany,1,1,1.44,1.44,no
germany,1,7,1.45,1.45,no
germany,1,1,1.45,1.45,no
germany,1,1,1.45673136,1.457,no
germany,1,7,1.47,1.47,no
germany,1,1,1.47,1.47,no
germany,1,1,1.4708143921579508,1.471,no
germany,1,7,1.48,1.48,no
germany,1,1,1.49,1.49,no
germany,1,7,1.49,1.49,no
germany,1,7,1.49,1.49,no
germany,1,7,1.49,1.49,no
germany,1,1,1.49,1.49,yes
germany,1,1,1.49,1.49,yes
germany,1,7,1.49,1.49,no
germany,1,1,1.49,1.49,yes
germany,1,7,1.49,1.49,no
germany,1,1,1.49,1.49,yes
germany,1,1,1.49,1.49,no
germany,1,14,1.49,1.49,no
germany,1,1,1.5,1.5,no
germany,1,3,1.5,1.5,no
germany,1,7,1.5,1.5,no
germany,1,1,1.5,1.5,yes
germany,1,7,1.5,1.5,no
germany,1,7,1.5029768000000001,1.503,no
germany,1,3,1.509931796204705,1.51,no
germany,1,7,1.53,1.53,no
germany,1,5,1.5334022386327573,1.533,no
germany,1,3,1.54,1.54,no
germany,1,7,1.5412257194421082,1.541,no
germany,1,10,1.5490492002514589,1.549,no
germany,1,1,1.55,1.55,no
germany,1,7,1.55,1.55,no
germany,1,7,1.55,1.55,no
germany,1,10,1.56,1.56,no
germany,1,1,1.56,1.56,no
germany,1,15,1.5646961618701607,1.565,no
germany,1,7,1.57,1.57,no
germany,1,1,1.5723449600000003,1.572,no
germany,1,1,1.58,1.58,no
germany,1,7,1.5839063200000003,1.584,no
germany,1,7,1.59,1.59,no
germany,1,5,1.6,1.6,no
germany,1,1,1.6,1.6,no
germany,1,30,1.6,1.6,no
germany,1,7,1.6,1.6,no
germany,1,3,1.6,1.6,no
germany,1,1,1.61,1.61,no
germany,1,7,1.64,1.64,no
germany,1,15,1.65,1.65,no
germany,1,5,1.65,1.65,no
germany,1,1,1.6585779315823703,1.659,no
germany,0.5,1,0.83,1.66,no
germany,0.5,1,0.84,1.68,no
germany,0.5,1,0.85,1.7,no
germany,0.5,1,0.8555406400000001,1.711,no
germany,0.5,1,0.86,1.72,no
germany,0.5,1,0.88,1.76,no
germany,0.5,1,0.92,1.84,no
germany,0.5,1,0.99,1.98,no
germany,0.5,1,0.99,1.98,yes
germany,0.5,1,0.99,1.98,no
germany,0.5,1,1.02,2.04,no
germany,0.2,1,0.41,2.05,no
germany,0.3,1,0.6187396108392997,2.062,yes
germany,0.5,1,1.04,2.08,no
germany,0.2,1,0.42,2.1,no
germany,0.5,1,1.0766069228603816,2.153,yes
germany,0.5,1,1.08,2.16,no
germany,0.3,1,0.68,2.267,no
germany,0.2,1,0.46158536775169734,2.308,no
germany,0.2,1,0.46940884856104814,2.347,no
germany,0.5,1,1.2,2.4,no
germany,0.5,1,1.2023814400000001,2.405,no
germany,0.5,1,1.28,2.56,no
germany,0.3,1,0.7746111200000001,2.582,no
germany,0.5,3,1.2993531827625295,2.599,yes
germany,0.5,3,1.3299917375896364,2.66,no
germany,0.5,3,1.353462180017689,2.707,no
germany,0.3,1,0.82,2.733,no
germany,0.5,3,1.41,2.82,no
germany,0.5,1,1.41,2.82,no
germany,0.5,3,1.41,2.82,no
germany,0.5,3,1.4238735073018463,2.848,no
germany,0.5,1,1.44,2.88,no
germany,0.5,1,1.45,2.9,no
germany,0.5,3,1.47,2.94,no
germany,0.5,1,1.471768269229895,2.944,no
germany,0.5,1,1.48,2.96,no
germany,0.2,30,0.61,3.05,no
germany,0.5,3,1.53,3.06,no
germany,0.5,3,1.55,3.1,no
germany,0.5,3,1.5803431234888623,3.161,no
germany,0.5,1,1.59,3.18,no
germany,0.5,1,1.59,3.18,no
germany,0.5,1,1.6,3.2,no
germany,0.5,3,1.6429309699636687,3.286,no
germany,0.3,1,0.99,3.3,no
germany,0.3,1,1.08,3.6,no
germany,0.3,1,1.1,3.667,no
germany,0.3,1,1.39,4.633,no
germany,0.3,1,1.49,4.967,yes
germany,0.1,1,0.53,5.3,no
germany,0.1,30,0.55,5.5,no
germany,0.1,1,1,10,no
germany,0.1,1,1,10,no
germany,0.1,1,1,10,no
indonesia,3,30,0.6243134400000001,0.208,no
indonesia,3,7,0.91,0.303,no
indonesia,3,1,0.91,0.303,no
indonesia,3,3,0.91,0.303,no
indonesia,3,5,0.91,0.303,no
indonesia,3,30,0.91,0.303,no
indonesia,3,20,0.91,0.303,no
indonesia,3,12,0.91,0.303,no
indonesia,3,14,0.91,0.303,no
indonesia,3,21,0.91,0.303,no
indonesia,3,15,0.91,0.303,no
indonesia,3,10,0.91,0.303,no
indonesia,3,25,0.91,0.303,no
indonesia,5,30,1.89,0.378,no
indonesia,5,20,1.89,0.378,no
indonesia,5,25,1.89,0.378,no
indonesia,5,1,1.89,0.378,no
indonesia,5,12,1.89,0.378,no
indonesia,5,14,1.89,0.378,no
indonesia,5,21,1.89,0.378,no
indonesia,5,30,1.9076244,0.382,no
indonesia,3,15,1.2139428,0.405,no
indonesia,2,15,0.91,0.455,no
indonesia,2,30,0.91,0.455,no
indonesia,4,1,1.89,0.472,no
indonesia,4,30,1.89,0.472,no
indonesia,3,1,1.509931796204705,0.503,no
indonesia,3,1,1.5839063200000003,0.528,no
indonesia,3,1,1.63,0.543,no
indonesia,3,1,1.63,0.543,no
indonesia,3,1,1.6995199200000002,0.567,no
indonesia,10,7,5.8,0.58,no
indonesia,3,1,1.78,0.593,no
indonesia,3,1,1.7994005861506845,0.6,no
indonesia,3,5,1.81,0.603,no
indonesia,2,1,1.2370655200000003,0.619,no
indonesia,3,15,1.8729403200000003,0.624,no
indonesia,3,1,1.88,0.627,no
indonesia,2,1,1.2601882400000002,0.63,no
indonesia,2,1,1.2833109600000001,0.642,no
indonesia,3,1,1.93,0.643,no
indonesia,3,3,1.93,0.643,no
indonesia,3,5,1.93,0.643,no
indonesia,3,5,1.94,0.647,no
indonesia,3,1,1.94,0.647,no
indonesia,3,30,1.95386984,0.651,no
indonesia,2,1,1.3143447759709348,0.657,no
indonesia,15,30,9.99,0.666,no
indonesia,2,1,1.34111776,0.671,no
indonesia,2,1,1.35,0.675,no
indonesia,2,1,1.37,0.685,no
indonesia,2,1,1.3847561032550921,0.692,no
indonesia,2,1,1.43,0.715,no
indonesia,2,1,1.46,0.73,yes
indonesia,2,1,1.46,0.73,no
indonesia,2,1,1.5,0.75,no
indonesia,1,7,0.7514884000000001,0.751,no
indonesia,2,1,1.56,0.78,no
indonesia,2,1,1.57,0.785,no
indonesia,0.5,1,0.4068210020862418,0.814,no
indonesia,0.5,1,0.41,0.82,no
indonesia,1,1,0.8555406400000001,0.856,no
indonesia,2,1,1.72,0.86,no
indonesia,0.5,1,0.4302914445142942,0.861,no
indonesia,2,1,1.7211657780571767,0.861,no
indonesia,2,1,1.7368127396758783,0.868,no
indonesia,0.5,1,0.44,0.88,no
indonesia,2,1,1.76,0.88,no
indonesia,1,1,0.89,0.89,no
indonesia,1,1,0.9,0.9,yes
indonesia,1,3,0.91,0.91,no
indonesia,1,5,0.91,0.91,no
indonesia,1,30,0.91,0.91,no
indonesia,1,7,0.91,0.91,no
indonesia,1.5,1,1.37,0.913,no
indonesia,2,1,1.84,0.92,no
indonesia,0.5,1,0.46158536775169734,0.923,no
indonesia,0.5,1,0.47,0.94,no
indonesia,2,1,1.89,0.945,no
indonesia,1,1,0.95959288,0.96,no
indonesia,1,1,0.95959288,0.96,no
indonesia,2,3,1.93,0.965,no
indonesia,2,5,1.93,0.965,no
indonesia,2,3,1.9558702023377008,0.978,no
indonesia,1,3,0.98,0.98,no
indonesia,1,1,0.98,0.98,no
indonesia,2,1,1.96,0.98,no
indonesia,2,1,1.96,0.98,no
indonesia,1,7,0.9899833773428797,0.99,no
indonesia,1,7,0.99,0.99,no
indonesia,1,1,0.99,0.99,no
indonesia,0.5,7,0.5,1,no
indonesia,1,7,1,1,no
indonesia,1,1,1,1,no
indonesia,1,1,1.0014055435969027,1.001,no
indonesia,1,3,1.02,1.02,no
indonesia,1,5,1.02,1.02,no
indonesia,1,7,1.02,1.02,no
indonesia,1,7,1.02896104,1.029,no
indonesia,1,1,1.02896104,1.029,no
indonesia,1,7,1.03,1.03,no
indonesia,1,5,1.04,1.04,no
indonesia,0.5,1,0.5202612000000001,1.041,no
indonesia,0.5,1,0.5202612000000001,1.041,no
indonesia,1,3,1.0639933900717093,1.064,no
indonesia,1,1,1.0639933900717093,1.064,no
indonesia,1,1,1.07,1.07,no
indonesia,1,7,1.07,1.07,no
indonesia,1,1,1.08,1.08,no
indonesia,1,10,1.09,1.09,no
indonesia,1,1,1.0952873133091123,1.095,no
indonesia,1,1,1.1,1.1,yes
indonesia,1,15,1.11,1.11,no
indonesia,1,30,1.11,1.11,no
indonesia,1,5,1.110934274927814,1.111,no
indonesia,1,1,1.12,1.12,no
indonesia,1,7,1.1265812365465155,1.127,no
indonesia,1,10,1.1344047173558665,1.134,no
indonesia,0.5,7,0.5692404419721557,1.138,no
indonesia,1.5,1,1.72,1.147,no
indonesia,1,30,1.150051678974568,1.15,no
indonesia,1,15,1.150051678974568,1.15,no
indonesia,1,3,1.18,1.18,no
indonesia,1,1,1.18,1.18,no
indonesia,1,7,1.19,1.19,no
indonesia,1,7,1.1946613545329534,1.195,no
indonesia,1,1,1.2,1.2,no
indonesia,1,7,1.2,1.2,no
indonesia,1,1,1.2,1.2,yes
indonesia,0.5,1,0.6024080223200119,1.205,no
indonesia,1,1,1.21,1.21,no
indonesia,1,1,1.2127296372450274,1.213,yes
indonesia,1,1,1.2139428,1.214,no
indonesia,1,5,1.22,1.22,no
indonesia,1,3,1.236109967877427,1.236,no
indonesia,1,7,1.24,1.24,no
indonesia,1,10,1.25,1.25,no
indonesia,1,1,1.25,1.25,no
indonesia,1,15,1.27,1.27,no
indonesia,1,30,1.27,1.27,no
indonesia,1,7,1.2833109600000001,1.283,no
indonesia,1,1,1.29,1.29,no
indonesia,1,1,1.2908743335428825,1.291,no
indonesia,1,1,1.2948723200000003,1.295,no
indonesia,1,3,1.3,1.3,no
indonesia,1,7,1.3,1.3,no
indonesia,1,3,1.32,1.32,no
indonesia,1,7,1.34,1.34,no
indonesia,1,1,1.35,1.35,no
indonesia,1,7,1.36,1.36,no
indonesia,0.5,1,0.6806135719232298,1.361,yes
indonesia,0.5,7,0.68212024,1.364,no
indonesia,1,1,1.37,1.37,no
indonesia,1,5,1.3769326224457414,1.377,no
indonesia,1,1,1.39,1.39,yes
indonesia,0.5,7,0.7,1.4,no
indonesia,1,5,1.4,1.4,no
indonesia,1,1,1.4,1.4,no
indonesia,1,7,1.4,1.4,no
indonesia,1,1,1.4,1.4,yes
indonesia,1,7,1.4004030648737937,1.4,no
indonesia,1,5,1.41,1.41,no
indonesia,1,1,1.41,1.41,no
indonesia,1,7,1.42,1.42,no
indonesia,1,3,1.43,1.43,no
indonesia,1,10,1.4473439497298985,1.447,no
indonesia,1,7,1.45,1.45,no
indonesia,1,7,1.45,1.45,no
indonesia,1,7,1.45,1.45,no
indonesia,0.5,1,0.72836568,1.457,no
indonesia,0.5,7,0.73,1.46,no
indonesia,1,15,1.4864613537766524,1.486,no
indonesia,1,7,1.49,1.49,no
indonesia,15,7,22.5,1.5,no
indonesia,0.5,1,0.75,1.5,no
indonesia,0.5,1,0.75,1.5,no
indonesia,1,7,1.5,1.5,no
indonesia,1,1,1.5,1.5,no
indonesia,1,1,1.5,1.5,yes
indonesia,1,7,1.5,1.5,no
indonesia,1,1,1.52,1.52,no
indonesia,1,1,1.58,1.58,no
indonesia,1,1,1.59,1.59,no
indonesia,10,30,16,1.6,no
indonesia,0.5,1,0.8,1.6,yes
indonesia,0.5,7,0.8,1.6,no
indonesia,1,10,1.6,1.6,no
indonesia,1,3,1.6,1.6,no
indonesia,1,7,1.6,1.6,no
indonesia,0.5,1,0.8136420041724836,1.627,no
indonesia,0.5,1,0.8136420041724836,1.627,no
indonesia,1,1,1.63,1.63,no
indonesia,1,1,1.63,1.63,no
indonesia,1,1,1.65,1.65,no
indonesia,1,1,1.6585779315823703,1.659,no
indonesia,1,1,1.67,1.67,no
indonesia,0.5,1,0.84,1.68,no
indonesia,1,5,1.68,1.68,no
indonesia,0.5,1,0.85,1.7,no
indonesia,0.5,30,0.85,1.7,no
indonesia,1,15,1.7,1.7,no
indonesia,1,7,1.71,1.71,no
indonesia,0.5,1,0.8555406400000001,1.711,no
indonesia,0.5,7,0.8555406400000001,1.711,no
indonesia,1,7,1.7226426400000001,1.723,no
indonesia,1,7,1.73,1.73,no
indonesia,1,1,1.74,1.74,no
indonesia,1,7,1.75,1.75,no
indonesia,1,1,1.75,1.75,no
indonesia,0.5,1,0.88,1.76,no
indonesia,1,3,1.7681066629132813,1.768,no
indonesia,1,5,1.79,1.79,no
indonesia,0.5,1,0.9,1.8,no
indonesia,1,30,1.8,1.8,no
indonesia,1,7,1.8,1.8,no
indonesia,1,7,1.8,1.8,no
indonesia,1,7,1.81,1.81,no
indonesia,1,7,1.81,1.81,no
indonesia,0.49,1,0.89,1.816,yes
indonesia,0.5,3,0.91,1.82,no
indonesia,1,3,1.87,1.87,no
indonesia,1,7,1.87,1.87,no
indonesia,1,3,1.89,1.89,no
indonesia,1,3,1.89,1.89,no
indonesia,1,14,1.89,1.89,no
indonesia,1,1,1.9,1.9,no
indonesia,1,7,1.9,1.9,no
indonesia,1,1,1.91,1.91,no
indonesia,0.5,1,0.95959288,1.919,no
indonesia,1,3,1.93,1.93,no
indonesia,1,7,1.95,1.95,no
indonesia,1,1,1.95,1.95,no
indonesia,0.5,1,0.99,1.98,no
indonesia,0.5,7,0.99,1.98,no
indonesia,0.5,1,0.99,1.98,no
indonesia,0.5,7,1,2,no
indonesia,0.5,3,1.02,2.04,no
indonesia,0.5,5,1.02,2.04,no
indonesia,0.5,7,1.02,2.04,no
indonesia,0.49,1,1,2.041,no
indonesia,0.5,1,1.15,2.3,no
indonesia,0.2,1,0.46940884856104814,2.347,no
indonesia,0.5,1,1.2,2.4,no
indonesia,0.5,1,1.2,2.4,no
indonesia,0.5,1,1.21,2.42,no
indonesia,0.5,1,1.2127296372450274,2.425,yes
indonesia,0.5,1,1.2601882400000002,2.52,no
indonesia,0.5,3,1.31,2.62,no
indonesia,0.5,1,1.34111776,2.682,no
indonesia,0.5,1,1.35,2.7,no
indonesia,0.5,1,1.37,2.74,no
indonesia,0.5,1,1.39,2.78,no
indonesia,0.5,3,1.4082265456831446,2.816,no
indonesia,0.5,3,1.4238735073018463,2.848,no
indonesia,0.5,1,1.43,2.86,no
indonesia,0.5,1,1.45,2.9,no
indonesia,0.5,7,1.471768269229895,2.944,no
indonesia,0.5,3,1.4864613537766524,2.973,no
indonesia,0.5,1,1.49,2.98,yes
indonesia,0.5,3,1.5,3,no
indonesia,0.2,30,0.61,3.05,no
indonesia,0.5,1,1.56,3.12,no
indonesia,0.5,1,1.56,3.12,no
indonesia,0.1,7,0.31215672000000005,3.122,no
indonesia,0.5,1,1.58,3.16,no
indonesia,0.5,3,1.5803431234888623,3.161,no
indonesia,0.5,1,1.6,3.2,no
indonesia,0.5,7,1.6,3.2,no
indonesia,0.5,3,1.61,3.22,no
indonesia,0.5,3,1.62,3.24,no
indonesia,0.5,1,1.63,3.26,no
indonesia,0.5,3,1.7,3.4,no
indonesia,0.5,3,1.72,3.44,no
indonesia,0.5,1,1.73,3.46,no
indonesia,0.5,1,1.75,3.5,no
indonesia,0.5,1,1.78,3.56,no
indonesia,0.5,7,1.8,3.6,no
indonesia,0.5,7,1.82,3.64,no
indonesia,0.5,1,1.92,3.84,no
indonesia,0.5,5,1.9245762791002976,3.849,no
indonesia,0.5,3,1.94,3.88,no
indonesia,0.5,7,1.96,3.92,no
indonesia,0.1,7,0.4,4,no
indonesia,0.1,7,0.4207429353707238,4.207,no
indonesia,0.1,7,0.5,5,no
indonesia,0.2,1,1.01,5.05,no
indonesia,0.1,1,0.53,5.3,no
indonesia,0.1,7,0.54,5.4,no
indonesia,0.1,3,0.55,5.5,no
indonesia,0.3,2,1.69,5.633,no
indonesia,2,7,11.5,5.75,no
indonesia,0.3,3,1.79,5.967,no
indonesia,0.1,30,0.6,6,no
indonesia,0.3,2,1.89,6.3,no
indonesia,0.3,2,1.89,6.3,no
indonesia,0.1,90,0.65,6.5,no
indonesia,0.1,7,0.85,8.5,no
indonesia,0.1,7,0.8555406400000001,8.555,no
indonesia,0.1,1,0.95,9.5,no
indonesia,0.1,3,0.95,9.5,no
indonesia,0.1,5,0.95,9.5,no
indonesia,0.1,7,0.95,9.5,no
indonesia,0.2,30,1.96,9.8,no
indonesia,0.1,0,1,10,no
indonesia,0.1,1,1,10,no
indonesia,0.1,1,1,10,no
indonesia,0.1,1,1,10,no
indonesia,0.1,3,1.02,10.2,no
indonesia,0.1,5,1.02,10.2,no
indonesia,0.1,7,1.02,10.2,no
indonesia,0.1,1,1.25,12.5,no
indonesia,0.1,7,1.45,14.5,no
indonesia,0.1,7,1.5,15,no
indonesia,0.1,7,1.7,17,no
indonesia,0.1,7,1.71,17.1,no
indonesia,0.1,7,1.84,18.4,no
indonesia,0.1,10,1.96,19.6,no
indonesia,0.1,15,1.96,19.6,no
italy,3,30,0.6243134400000001,0.208,no
italy,3,15,0.6474361600000001,0.216,no
italy,3,1,0.71,0.237,no
italy,3,3,0.71,0.237,no
italy,3,5,0.71,0.237,no
italy,3,30,0.76,0.253,no
italy,3,15,0.76,0.253,no
italy,3,7,0.76,0.253,no
italy,3,10,0.76,0.253,no
italy,3,12,0.76,0.253,no
italy,3,20,0.76,0.253,no
italy,3,25,0.76,0.253,no
italy,3,14,0.76,0.253,no
italy,3,21,0.76,0.253,no
italy,2,15,0.76,0.38,no
italy,2,30,0.76,0.38,no
italy,1,7,0.38152488000000007,0.382,no
italy,3,15,1.2,0.4,no
italy,3,1,1.2,0.4,no
italy,3,3,1.2,0.4,no
italy,3,5,1.2,0.4,no
italy,3,7,1.2,0.4,no
italy,3,10,1.2,0.4,no
italy,3,15,1.2139428,0.405,no
italy,3,1,1.2139428,0.405,no
italy,3,30,1.22,0.407,no
italy,3,20,1.22,0.407,no
italy,3,30,1.2370655200000003,0.412,no
italy,3,30,1.2833109600000001,0.428,no
italy,3,15,1.30643368,0.435,no
italy,3,1,1.31799504,0.439,no
italy,3,1,1.3526791200000001,0.451,no
italy,2,15,1.0520837600000001,0.526,no
italy,2,30,1.07520648,0.538,no
italy,2,1,1.10989056,0.555,no
italy,2,30,1.10989056,0.555,no
italy,2,15,1.1330132800000001,0.567,no
italy,2,1,1.14,0.57,no
italy,2,1,1.156136,0.578,no
italy,2,1,1.1908200800000002,0.595,no
italy,2,15,1.2,0.6,no
italy,2,1,1.2023814400000001,0.601,no
italy,2,1,1.24,0.62,yes
italy,2,1,1.25,0.625,no
italy,1,7,0.66,0.66,no
italy,1,5,0.66,0.66,no
italy,1,1,0.66,0.66,no
italy,1,7,0.67055888,0.671,no
italy,10,7,6.8,0.68,no
italy,2,1,1.3612271438464596,0.681,yes
italy,1,7,0.68212024,0.682,no
italy,1,1,0.69,0.69,no
italy,1,7,0.69,0.69,no
italy,1,1,0.6936816,0.694,no
italy,2,1,1.41,0.705,no
italy,1,5,0.71,0.71,no
italy,2,1,1.43,0.715,no
italy,2,1,1.43,0.715,no
italy,2,1,1.431696988111197,0.716,no
italy,2,1,1.4551674305392495,0.728,no
italy,2,1,1.4551674305392495,0.728,no
italy,1,1,0.7301127407903737,0.73,yes
italy,2,1,1.46,0.73,yes
italy,1,1,0.7399270400000001,0.74,no
italy,1,1,0.75,0.75,no
italy,1,7,0.75,0.75,no
italy,1,3,0.7514884000000001,0.751,no
italy,1,1,0.7514884000000001,0.751,no
italy,1,7,0.7514884000000001,0.751,no
italy,2,1,1.51,0.755,no
italy,1,7,0.76,0.76,no
italy,1,10,0.76,0.76,no
italy,1,15,0.76,0.76,no
italy,1,20,0.76,0.76,no
italy,1,30,0.76,0.76,no
italy,1.5,1,1.14,0.76,no
italy,2,1,1.52,0.76,no
italy,2,3,1.53,0.765,no
italy,0.5,1,0.3833505596581893,0.767,no
italy,1,3,0.77,0.77,no
italy,0.5,1,0.39,0.78,no
italy,2,1,1.56,0.78,no
italy,0.5,1,0.3911740404675402,0.782,no
italy,2,5,1.57,0.785,no
italy,1,5,0.79,0.79,no
italy,15,7,12,0.8,no
italy,0.5,1,0.4,0.8,no
italy,0.75,7,0.6011907200000001,0.802,no
italy,1,7,0.8043614940910897,0.804,no
italy,1,1,0.81,0.81,no
italy,0.75,7,0.61275208,0.817,no
italy,1,7,0.82,0.82,no
italy,0.8,1,0.66,0.825,no
italy,0.5,1,0.4146444828955926,0.829,no
italy,1,10,0.83,0.83,no
italy,0.5,1,0.42,0.84,no
italy,0.5,1,0.4207429353707238,0.841,yes
italy,1,15,0.85,0.85,no
italy,1,1,0.8555406400000001,0.856,no
italy,1,20,0.86,0.86,no
italy,1,30,0.87,0.87,no
italy,1,7,0.8786102473918056,0.879,no
italy,1,7,0.89,0.89,no
italy,1,7,0.8909850396085915,0.891,no
italy,0.5,1,0.46158536775169734,0.923,no
italy,1,1,0.9281094162589496,0.928,yes
italy,0.5,1,0.47,0.94,no
italy,1,1,0.9404842084757357,0.94,yes
italy,1,1,0.95,0.95,no
italy,1,1,0.95,0.95,no
italy,1,1,0.98,0.98,no
italy,1,7,0.99,0.99,no
italy,1,1,0.99,0.99,yes
italy,1,1,0.99,0.99,no
italy,10,30,10,1,no
italy,0.5,1,0.5,1,no
italy,1,7,1,1,no
italy,1,1,1,1,no
italy,1,1,1,1,no
italy,1,3,1,1,no
italy,1,1,1,1,yes
italy,1,1,1,1,yes
italy,1,1,1,1,yes
italy,1,1,1,1,yes
italy,1,1,1.0014055435969027,1.001,no
italy,1,1,1.0170525052156045,1.017,no
italy,1,1,1.02,1.02,no
italy,1,7,1.04,1.04,no
italy,1,7,1.04,1.04,no
italy,0.5,1,0.5202612000000001,1.041,no
italy,0.5,1,0.5202612000000001,1.041,no
italy,0.5,1,0.5241732142265039,1.048,no
italy,1,1,1.07,1.07,no
italy,0.5,1,0.54,1.08,no
italy,20,14,21.99,1.099,no
italy,1,1,1.11,1.11,no
italy,1,1,1.12,1.12,no
italy,1,1,1.12,1.12,no
italy,1,1,1.13,1.13,no
italy,1,7,1.13,1.13,no
italy,1,1,1.14,1.14,no
italy,1,1,1.1422281981652171,1.142,no
italy,1,7,1.14457464,1.145,no
italy,0.5,1,0.58,1.16,no
italy,1,7,1.16,1.16,no
italy,1,1,1.17,1.17,no
italy,1,1,1.18,1.18,no
italy,1,7,1.19,1.19,no
italy,1,7,1.19,1.19,no
italy,1,1,1.19,1.19,no
italy,1,1,1.19,1.19,no
italy,1,7,1.1946613545329534,1.195,no
italy,1,7,1.1946613545329534,1.195,no
italy,10,30,12,1.2,no
italy,0.5,1,0.6,1.2,no
italy,1,7,1.2,1.2,no
italy,1,3,1.2,1.2,no
italy,1,1,1.2,1.2,no
italy,1,10,1.2,1.2,no
italy,1,15,1.2,1.2,no
italy,0.5,1,0.6024080223200119,1.205,no
italy,1,1,1.21,1.21,no
italy,1,1,1.21,1.21,no
italy,1,7,1.21,1.21,no
italy,1,1,1.21,1.21,no
italy,1,5,1.21,1.21,no
italy,1,5,1.22,1.22,no
italy,1,20,1.22,1.22,no
italy,1,7,1.24,1.24,no
italy,1,1,1.24,1.24,no
italy,1,7,1.25,1.25,no
italy,1,7,1.26,1.26,no
italy,1,1,1.26,1.26,no
italy,1,30,1.2601882400000002,1.26,no
italy,1,7,1.27,1.27,no
italy,1,7,1.2717496000000001,1.272,no
italy,1,5,1.2830508527335316,1.283,no
italy,1,1,1.29,1.29,no
italy,1,1,1.2908743335428825,1.291,no
italy,0.5,30,0.65,1.3,no
italy,1,3,1.3,1.3,no
italy,1,7,1.3,1.3,no
italy,1,7,1.3,1.3,no
italy,1,7,1.3,1.3,no
italy,0.5,1,0.66,1.32,no
italy,0.5,3,0.66,1.32,no
italy,1,1,1.32,1.32,no
italy,1,3,1.32,1.32,no
italy,1,7,1.33,1.33,no
italy,1,7,1.33,1.33,no
italy,1,7,1.33,1.33,no
italy,1,1,1.3378152183989873,1.338,no
italy,1,5,1.34,1.34,no
italy,1,7,1.3491997362601456,1.349,no
italy,1,1,1.35,1.35,no
italy,0.5,3,0.68,1.36,no
italy,1,7,1.36,1.36,no
italy,0.5,1,0.69,1.38,no
italy,1,5,1.39,1.39,no
italy,1,3,1.39,1.39,no
italy,1,7,1.39,1.39,no
italy,1,1,1.39,1.39,no
italy,0.5,5,0.7,1.4,no
italy,0.5,1,0.7,1.4,no
italy,1,7,1.4,1.4,no
italy,1,1,1.4,1.4,no
italy,1,5,1.4,1.4,no
italy,1,30,1.4,1.4,no
italy,1,1,1.4,1.4,yes
italy,1,1,1.4,1.4,no
italy,1,7,1.4,1.4,no
italy,1,30,1.4082265456831446,1.408,no
italy,1,1,1.41,1.41,no
italy,1,7,1.4107263127136034,1.411,no
italy,0.5,3,0.71,1.42,no
italy,1,1,1.42,1.42,no
italy,1,3,1.43,1.43,no
italy,1,7,1.43,1.43,no
italy,0.5,7,0.72,1.44,no
italy,1,1,1.4395204689205479,1.44,no
italy,1,7,1.44,1.44,no
italy,1,1,1.44,1.44,no
italy,0.49,1,0.71,1.449,yes
italy,1,7,1.45,1.45,no
italy,1,1,1.45,1.45,no
italy,1,1,1.45673136,1.457,no
italy,1,7,1.47,1.47,no
italy,1,1,1.47,1.47,no
italy,1,1,1.4708143921579508,1.471,no
italy,1,7,1.48,1.48,no
italy,1,7,1.49,1.49,no
italy,1,1,1.49,1.49,no
italy,1,7,1.49,1.49,no
italy,1,7,1.49,1.49,no
italy,1,7,1.49,1.49,no
italy,1,1,1.49,1.49,yes
italy,1,1,1.49,1.49,yes
italy,1,7,1.49,1.49,no
italy,1,1,1.49,1.49,yes
italy,1,7,1.49,1.49,no
italy,1,1,1.49,1.49,yes
italy,1,14,1.49,1.49,no
italy,1,1,1.5,1.5,no
italy,1,3,1.5,1.5,no
italy,1,7,1.5,1.5,no
italy,1,1,1.5,1.5,yes
italy,1,7,1.5,1.5,no
italy,1,7,1.5029768000000001,1.503,no
italy,1,3,1.509931796204705,1.51,no
italy,1,7,1.52,1.52,no
italy,1,7,1.5260995200000003,1.526,no
italy,1,7,1.53,1.53,no
italy,1,5,1.5334022386327573,1.533,no
italy,1,3,1.54,1.54,no
italy,1,7,1.5412257194421082,1.541,no
italy,1,10,1.5490492002514589,1.549,no
italy,1,1,1.55,1.55,no
italy,1,7,1.55,1.55,no
italy,1,7,1.55,1.55,no
italy,1,10,1.56,1.56,no
italy,1,1,1.56,1.56,no
italy,1,15,1.5646961618701607,1.565,no
italy,0.5,1,0.83,1.66,no
italy,0.5,1,0.84,1.68,no
italy,0.5,1,0.85,1.7,no
italy,0.5,1,0.8555406400000001,1.711,no
italy,0.5,1,0.86,1.72,no
italy,0.5,1,0.88,1.76,no
italy,0.5,1,0.92,1.84,no
italy,0.5,1,0.99,1.98,no
italy,0.5,1,0.99,1.98,yes
italy,0.5,1,0.99,1.98,no
italy,0.5,1,1.02,2.04,no
italy,0.49,1,1,2.041,no
italy,0.2,1,0.41,2.05,no
italy,0.3,1,0.6187396108392997,2.062,yes
italy,0.5,1,1.04,2.08,no
italy,0.2,1,0.42,2.1,no
italy,0.5,1,1.0766069228603816,2.153,yes
italy,0.5,1,1.08,2.16,no
italy,0.3,1,0.68,2.267,no
italy,0.2,1,0.46158536775169734,2.308,no
italy,0.2,1,0.46940884856104814,2.347,no
italy,0.5,1,1.2,2.4,no
italy,0.5,1,1.2023814400000001,2.405,no
italy,0.5,1,1.28,2.56,no
italy,0.3,1,0.7746111200000001,2.582,no
italy,0.5,3,1.2993531827625295,2.599,yes
italy,0.5,3,1.3299917375896364,2.66,no
italy,0.5,3,1.353462180017689,2.707,no
italy,0.3,1,0.82,2.733,no
italy,0.5,3,1.41,2.82,no
italy,0.5,3,1.41,2.82,no
italy,0.5,1,1.42,2.84,no
italy,0.5,3,1.4238735073018463,2.848,no
italy,0.5,1,1.44,2.88,no
italy,0.5,1,1.45,2.9,no
italy,0.5,3,1.47,2.94,no
italy,0.5,1,1.471768269229895,2.944,no
italy,0.5,1,1.48,2.96,no
italy,0.2,30,0.61,3.05,no
italy,0.5,3,1.53,3.06,no
italy,0.5,3,1.55,3.1,no
italy,0.3,1,0.99,3.3,no
italy,0.3,1,1.08,3.6,no
italy,0.3,1,1.1,3.667,no
italy,0.3,1,1.39,4.633,no
italy,0.3,1,1.49,4.967,yes
italy,0.1,1,0.53,5.3,no
italy,0.1,30,0.55,5.5,no
italy,0.1,1,0.63,6.3,no
italy,0.1,3,0.65,6.5,no
italy,0.1,5,0.67,6.7,no
italy,0.1,7,0.69,6.9,no
italy,0.1,1,1,10,no
italy,0.1,1,1,10,no
italy,0.1,1,1,10,no
japan,3,3,0.61,0.203,no
japan,3,5,0.61,0.203,no
japan,3,1,0.61,0.203,no
japan,3,30,0.6243134400000001,0.208,no
japan,3,30,0.6243134400000001,0.208,no
japan,3,15,0.66,0.22,no
japan,3,30,0.66,0.22,no
japan,2,30,0.54338392,0.272,no
japan,5,1,1.37,0.274,no
japan,5,1,1.38,0.276,no
japan,5,1,1.46,0.292,no
japan,100,30,33.99,0.34,no
japan,3,1,1.12,0.373,no
japan,3,1,1.12,0.373,no
japan,5,30,1.89,0.378,no
japan,5,15,1.89,0.378,no
japan,5,10,1.89,0.378,no
japan,3,10,1.2,0.4,no
japan,3,15,1.2139428,0.405,no
japan,3,15,1.2139428,0.405,no
japan,4,30,1.7804494400000002,0.445,no
japan,2,1,0.91,0.455,no
japan,2,1,0.91,0.455,no
japan,3,1,1.4473439497298985,0.482,no
japan,3,1,1.54,0.513,no
japan,3,1,1.5492222400000002,0.516,no
japan,3,1,1.5492222400000002,0.516,no
japan,3,1,1.57,0.523,no
japan,2,15,1.0520837600000001,0.526,no
japan,3,1,1.6763972,0.559,no
japan,3,1,1.7920108000000001,0.597,no
japan,2,15,1.2,0.6,no
japan,1,3,0.61,0.61,no
japan,1,5,0.61,0.61,no
japan,2,1,1.2601882400000002,0.63,no
japan,3,12,1.89,0.63,no
japan,3,20,1.89,0.63,no
japan,3,25,1.89,0.63,no
japan,2,1,1.2908743335428825,0.645,no
japan,2,1,1.30643368,0.653,no
japan,1,7,0.66,0.66,no
japan,1,30,0.66,0.66,no
japan,30,60,20.9,0.697,no
japan,2,1,1.41,0.705,no
japan,2,1,1.41,0.705,no
japan,2,1,1.4104859200000002,0.705,no
japan,2,1,1.4104859200000002,0.705,no
japan,2,1,1.4786378729673018,0.739,no
japan,1,1,0.75,0.75,no
japan,1,1,0.75,0.75,no
japan,1,7,0.7514884000000001,0.751,no
japan,1,7,0.7514884000000001,0.751,no
japan,2,1,1.51,0.755,no
japan,2,1,1.51,0.755,no
japan,2,3,1.52,0.76,no
japan,2,3,1.53,0.765,no
japan,2,3,1.53,0.765,no
japan,1,3,0.77,0.77,no
japan,1,3,0.77,0.77,no
japan,1,7,0.77,0.77,no
japan,1,1,0.7745246001257294,0.775,no
japan,0.5,1,0.39,0.78,no
japan,1,1,0.78,0.78,no
japan,1,1,0.78,0.78,no
japan,2,5,1.56,0.78,no
japan,2,5,1.57,0.785,no
japan,2,5,1.57,0.785,no
japan,1,5,0.79,0.79,no
japan,1,5,0.79,0.79,no
japan,2,7,1.59,0.795,no
japan,2,7,1.6,0.8,no
japan,2,7,1.6,0.8,no
japan,2,10,1.61,0.805,no
japan,2,10,1.62,0.81,no
japan,2,10,1.62,0.81,no
japan,2,14,1.63,0.815,no
japan,1,7,0.82,0.82,no
japan,1,7,0.82,0.82,no
japan,2,15,1.64,0.82,no
japan,2,15,1.64,0.82,no
japan,2,20,1.65,0.825,no
japan,0.5,1,0.4146444828955926,0.829,no
japan,1,10,0.83,0.83,no
japan,1,10,0.83,0.83,no
japan,2,20,1.66,0.83,no
japan,2,20,1.66,0.83,no
japan,2,30,1.68,0.84,no
japan,2,30,1.68,0.84,no
japan,1,15,0.85,0.85,no
japan,1,15,0.85,0.85,no
japan,1,1,0.8555406400000001,0.856,no
japan,1,20,0.86,0.86,no
japan,1,20,0.86,0.86,no
japan,2,3,1.7289892588665274,0.864,no
japan,2,1,1.7368127396758783,0.868,no
japan,2,1,1.7368127396758783,0.868,no
japan,1,30,0.87,0.87,no
japan,1,30,0.87,0.87,no
japan,2,1,1.8,0.9,no
japan,2,1,1.82,0.91,no
japan,2,1,1.84,0.92,no
japan,0.5,1,0.46158536775169734,0.923,no
japan,0.5,1,0.46158536775169734,0.923,no
japan,0.5,1,0.47,0.94,no
japan,0.5,1,0.47,0.94,no
japan,2,30,1.89,0.945,no
japan,1,7,0.95959288,0.96,no
japan,1,1,0.9711542400000001,0.971,no
japan,1,7,0.9899833773428797,0.99,no
japan,1,3,0.99,0.99,no
japan,0.5,7,0.5,1,no
japan,1,7,1,1,no
japan,1,1,1,1,no
japan,1,1,1.02,1.02,no
japan,1,1,1.02896104,1.029,no
japan,1,1,1.02896104,1.029,no
japan,0.5,1,0.5163497334171531,1.033,no
japan,1,3,1.0483464284530077,1.048,no
japan,1,7,1.09,1.09,no
japan,1,1,1.0952873133091123,1.095,no
japan,1,7,1.11,1.11,no
japan,0.5,3,0.56,1.12,no
japan,0.5,7,0.5692404419721557,1.138,no
japan,1,7,1.156136,1.156,no
japan,1,1,1.156136,1.156,no
japan,1,5,1.17,1.17,no
japan,1,14,1.19,1.19,no
japan,1,7,1.1946613545329534,1.195,no
japan,1,5,1.1969925638306729,1.197,no
japan,1,1,1.2,1.2,yes
japan,1,1,1.2,1.2,yes
japan,1,1,1.2,1.2,no
japan,0.5,1,0.6024080223200119,1.205,no
japan,1,5,1.21,1.21,no
japan,1,1,1.21,1.21,no
japan,1,1,1.26,1.26,no
japan,0.5,1,0.64,1.28,no
japan,0.5,1,0.64,1.28,no
japan,1,20,1.29,1.29,no
japan,1,1,1.2908743335428825,1.291,no
japan,1,1,1.2908743335428825,1.291,no
japan,0.5,7,0.65,1.3,no
japan,1,1,1.3,1.3,no
japan,1,7,1.3,1.3,no
japan,1,1,1.31,1.31,no
japan,0.5,1,0.66,1.32,no
japan,0.5,1,0.66,1.32,no
japan,0.5,7,0.66,1.32,no
japan,0.5,30,0.66,1.32,no
japan,1,5,1.32,1.32,no
japan,1,3,1.32,1.32,no
japan,1,5,1.3299917375896364,1.33,no
japan,1,7,1.33,1.33,no
japan,1,1,1.33,1.33,no
japan,1,5,1.33,1.33,no
japan,1,1,1.3488523516296735,1.349,yes
japan,10,30,13.6,1.36,no
japan,0.5,3,0.68,1.36,no
japan,0.5,3,0.68,1.36,no
japan,0.5,1,0.6806135719232298,1.361,yes
japan,0.75,7,1.0405224000000002,1.387,no
japan,1,30,1.39,1.39,no
japan,10,7,14,1.4,no
japan,0.5,5,0.7,1.4,no
japan,0.5,5,0.7,1.4,no
japan,1,7,1.4,1.4,no
japan,1,1,1.4,1.4,no
japan,1,7,1.4004030648737937,1.4,no
japan,1,1,1.41,1.41,yes
japan,1,1,1.41,1.41,no
japan,1,1,1.4160500264924953,1.416,no
japan,0.5,7,0.72,1.44,no
japan,0.5,7,0.72,1.44,no
japan,1,1,1.44,1.44,no
japan,1,7,1.45,1.45,no
japan,1,7,1.45,1.45,no
japan,1,7,1.45,1.45,no
japan,0.5,7,0.73,1.46,no
japan,1,7,1.49,1.49,no
japan,1,7,1.49,1.49,no
japan,0.5,1,0.75,1.5,no
japan,0.5,1,0.75,1.5,no
japan,1,1,1.5,1.5,yes
japan,1,1,1.5,1.5,no
japan,1,7,1.5,1.5,no
japan,1,1,1.5,1.5,no
japan,1,1,1.5,1.5,yes
japan,1,1,1.5,1.5,no
japan,1,7,1.5,1.5,no
japan,1,1,1.53,1.53,no
japan,1,3,1.54,1.54,no
japan,1,1,1.5492222400000002,1.549,no
japan,0.5,1,0.78,1.56,no
japan,0.5,1,0.79,1.58,no
japan,1,3,1.58,1.58,no
japan,1,3,1.58,1.58,no
japan,0.5,1,0.8,1.6,yes
japan,1,1,1.6,1.6,no
japan,1,3,1.6,1.6,no
japan,1,1,1.6,1.6,no
japan,1,10,1.6038135659169144,1.604,no
japan,1,5,1.6116370467262655,1.612,no
japan,0.5,1,0.81,1.62,no
japan,0.5,1,0.8136420041724836,1.627,no
japan,1,1,1.63,1.63,no
japan,1,5,1.64,1.64,no
japan,1,7,1.6417131200000001,1.642,no
japan,1,1,1.6585779315823703,1.659,no
japan,1,5,1.68,1.68,no
japan,0.5,1,0.85,1.7,no
japan,1,5,1.7,1.7,no
japan,1,7,1.7,1.7,no
japan,0.5,7,0.8555406400000001,1.711,no
japan,0.5,1,0.8555406400000001,1.711,no
japan,0.5,1,0.8555406400000001,1.711,no
japan,0.5,1,0.8555406400000001,1.711,no
japan,1,7,1.7226426400000001,1.723,no
japan,1,7,1.7226426400000001,1.723,no
japan,1,7,1.73,1.73,no
japan,1,7,1.74,1.74,no
japan,1,1,1.74,1.74,no
japan,1,7,1.75,1.75,no
japan,1,5,1.79,1.79,no
japan,0.5,3,0.9,1.8,no
japan,0.5,3,0.9,1.8,no
japan,1,7,1.8,1.8,no
japan,1,7,1.8,1.8,no
japan,1,7,1.8,1.8,no
japan,1,7,1.8,1.8,no
japan,0.49,1,0.89,1.816,yes
japan,1,1,1.8190944558675413,1.819,yes
japan,1,1,1.82,1.82,no
japan,1,15,1.822871028578737,1.823,no
japan,1,10,1.84,1.84,no
japan,1,1,1.84,1.84,no
japan,1,3,1.8463414710067894,1.846,no
japan,1,1,1.8498176000000002,1.85,no
japan,1,1,1.85,1.85,no
japan,0.5,1,0.94,1.88,no
japan,1,7,1.8809684169514713,1.881,no
japan,1,7,1.89,1.89,no
japan,0.5,7,0.9461367445049325,1.892,no
japan,0.5,1,0.95,1.9,no
japan,1,1,1.9,1.9,no
japan,0.5,7,0.99,1.98,no
japan,0.5,7,1,2,no
japan,0.5,1,1.10989056,2.22,no
japan,0.5,1,1.15,2.3,no
japan,0.5,1,1.15,2.3,no
japan,0.5,1,1.19,2.38,no
japan,0.5,1,1.2,2.4,no
japan,0.5,1,1.2,2.4,no
japan,0.5,1,1.2601882400000002,2.52,no
japan,0.5,1,1.3,2.6,no
japan,0.5,3,1.31,2.62,no
japan,0.5,1,1.34111776,2.682,no
japan,0.5,3,1.39,2.78,no
japan,0.5,1,1.43,2.86,no
japan,0.5,3,1.46,2.92,no
japan,0.5,3,1.4786378729673018,2.957,no
japan,0.5,1,1.49,2.98,yes
japan,0.5,1,1.49,2.98,yes
japan,0.5,1,1.49,2.98,yes
japan,0.5,5,1.5,3,no
japan,0.5,5,1.5,3,no
japan,0.2,30,0.61,3.05,no
japan,0.1,7,0.31215672000000005,3.122,no
japan,0.5,1,1.58,3.16,no
japan,0.5,3,1.5803431234888623,3.161,no
japan,0.5,3,1.5803431234888623,3.161,no
japan,0.5,1,1.59,3.18,no
japan,0.5,1,1.59,3.18,no
japan,0.5,7,1.6,3.2,no
japan,0.5,1,1.62,3.24,no
japan,0.5,1,1.6210977803989655,3.242,yes
japan,0.1,7,0.33411938985322187,3.341,no
japan,0.5,3,1.7,3.4,no
japan,0.5,3,1.7,3.4,no
japan,0.5,3,1.75,3.5,no
japan,0.5,3,1.783753624531983,3.568,no
japan,0.5,3,1.8,3.6,no
japan,0.5,1,1.8,3.6,yes
japan,0.5,1,1.8,3.6,no
japan,0.5,7,1.82,3.64,no
japan,0.5,7,1.8382562400000002,3.677,no
japan,0.5,3,1.87,3.74,no
japan,0.1,7,0.4,4,no
japan,0.1,7,0.5,5,no
japan,0.1,1,0.53,5.3,no
japan,0.1,7,0.54,5.4,no
japan,0.1,30,0.55,5.5,no
japan,0.3,2,1.69,5.633,no
japan,0.3,3,1.79,5.967,no
japan,0.1,90,0.6,6,no
japan,0.1,1,0.63,6.3,no
japan,0.1,1,0.63,6.3,no
japan,0.3,2,1.89,6.3,no
japan,0.1,3,0.65,6.5,no
japan,0.1,3,0.65,6.5,no
japan,0.1,5,0.67,6.7,no
japan,0.1,5,0.67,6.7,no
japan,0.1,7,0.69,6.9,no
japan,0.1,7,0.69,6.9,no
japan,0.1,7,0.85,8.5,no
japan,0.1,7,0.8555406400000001,8.555,no
japan,0.1,1,0.95,9.5,no
japan,0.1,3,0.95,9.5,no
japan,0.1,5,0.95,9.5,no
japan,0.1,7,0.95,9.5,no
japan,0.1,0,1,10,no
japan,0.1,1,1,10,no
japan,0.1,1,1,10,no
japan,0.1,7,1.45,14.5,no
japan,0.1,7,1.471768269229895,14.718,no
japan,0.1,7,1.7,17,no
japan,0.1,7,1.71,17.1,no
japan,0.1,7,1.84,18.4,no
malaysia,3,30,0.6243134400000001,0.208,no
malaysia,5,1,1.07,0.214,no
malaysia,5,1,1.08,0.216,no
malaysia,4,1,1.07,0.268,no
malaysia,2,30,0.54338392,0.272,no
malaysia,3,1,0.84,0.28,no
malaysia,3,30,0.86,0.287,no
malaysia,3,15,0.86,0.287,no
malaysia,3,7,0.86,0.287,no
malaysia,3,10,0.86,0.287,no
malaysia,3,20,0.86,0.287,no
malaysia,3,12,0.86,0.287,no
malaysia,3,14,0.86,0.287,no
malaysia,3,21,0.86,0.287,no
malaysia,3,25,0.86,0.287,no
malaysia,3,5,0.86,0.287,no
malaysia,3,1,0.86,0.287,no
malaysia,4,30,1.2717496000000001,0.318,no
malaysia,2,1,0.7,0.35,no
malaysia,3,15,1.2139428,0.405,no
malaysia,2,30,0.86,0.43,no
malaysia,2,15,0.86,0.43,no
malaysia,0.5,1,0.23,0.46,no
malaysia,3,1,1.42,0.473,no
malaysia,3,1,1.431696988111197,0.477,no
malaysia,3,1,1.44,0.48,no
malaysia,0.5,1,0.2425279050898749,0.485,no
malaysia,3,1,1.4682927200000002,0.489,no
malaysia,3,3,1.4942848345860034,0.498,no
malaysia,20,30,10.36,0.518,no
malaysia,2,15,1.0520837600000001,0.526,no
malaysia,20,7,10.8,0.54,no
malaysia,2,1,1.156136,0.578,no
malaysia,2,1,1.1908200800000002,0.595,no
malaysia,0.5,1,0.3,0.6,no
malaysia,2,1,1.2139428,0.607,no
malaysia,2,1,1.22,0.61,no
malaysia,2,1,1.228286487068076,0.614,no
malaysia,2,1,1.2370655200000003,0.619,no
malaysia,0.5,1,0.31293923237403215,0.626,no
malaysia,2,1,1.26,0.63,no
malaysia,2,1,1.2601882400000002,0.63,no
malaysia,2,1,1.275227371924181,0.638,no
malaysia,2,1,1.3,0.65,no
malaysia,1,1,0.67,0.67,no
malaysia,2,1,1.34,0.67,no
malaysia,2,1,1.37,0.685,no
malaysia,2,1,1.3847561032550921,0.692,no
malaysia,2,1,1.39,0.695,no
malaysia,2,1,1.4104859200000002,0.705,no
malaysia,2,1,1.46,0.73,yes
malaysia,2,1,1.46,0.73,no
malaysia,1,1,0.74,0.74,no
malaysia,1,1,0.74,0.74,no
malaysia,1,1,0.75,0.75,no
malaysia,1,1,0.75,0.75,no
malaysia,2,1,1.5,0.75,no
malaysia,1,7,0.7514884000000001,0.751,no
malaysia,1,3,0.77,0.77,no
malaysia,1,1,0.7745246001257294,0.775,no
malaysia,1,5,0.79,0.79,no
malaysia,1,1,0.8,0.8,yes
malaysia,1,7,0.82,0.82,no
malaysia,1,10,0.83,0.83,no
malaysia,20,30,16.67,0.834,no
malaysia,1,1,0.837112446600536,0.837,no
malaysia,1,1,0.84397928,0.844,no
malaysia,1,15,0.85,0.85,no
malaysia,1,1,0.8527594082192376,0.853,no
malaysia,1,1,0.8555406400000001,0.856,no
malaysia,1,1,0.8555406400000001,0.856,no
malaysia,1,3,0.86,0.86,no
malaysia,1,20,0.86,0.86,no
malaysia,1,30,0.86,0.86,no
malaysia,1,7,0.86,0.86,no
malaysia,1,3,0.86,0.86,no
malaysia,1,5,0.86,0.86,no
malaysia,0.5,1,0.4302914445142942,0.861,no
malaysia,1,30,0.87,0.87,no
malaysia,0.5,1,0.44,0.88,no
malaysia,1,3,0.88,0.88,no
malaysia,1.5,1,1.37,0.913,no
malaysia,0.5,1,0.46158536775169734,0.923,no
malaysia,1,7,0.9364701600000002,0.936,no
malaysia,0.5,1,0.46940884856104814,0.939,no
malaysia,0.5,1,0.47,0.94,no
malaysia,1,5,0.94,0.94,no
malaysia,1,1,0.95,0.95,no
malaysia,1,1,0.9528590006925216,0.953,yes
malaysia,0.5,1,0.48,0.96,no
malaysia,1,1,0.95959288,0.96,no
malaysia,1,1,0.96,0.96,no
malaysia,1,5,0.97,0.97,no
malaysia,1,3,0.9779351011688504,0.978,no
malaysia,1,1,0.98,0.98,no
malaysia,1,3,0.9857585819782012,0.986,no
malaysia,1,7,0.9899833773428797,0.99,no
malaysia,1,1,0.99,0.99,no
malaysia,0.5,7,0.5,1,no
malaysia,1,7,1,1,no
malaysia,1,1,1,1,no
malaysia,1,1,1,1,no
malaysia,1,7,1.01739968,1.017,no
malaysia,1,1,1.01739968,1.017,no
malaysia,1,7,1.02,1.02,no
malaysia,1,3,1.02,1.02,no
malaysia,1,5,1.02,1.02,no
malaysia,1,7,1.02,1.02,no
malaysia,1,1,1.02896104,1.029,no
malaysia,1,7,1.03,1.03,no
malaysia,1,5,1.0326994668343061,1.033,no
malaysia,0.5,1,0.5202612000000001,1.041,no
malaysia,0.5,1,0.5202612000000001,1.041,no
malaysia,1,5,1.0483464284530077,1.048,no
malaysia,1,7,1.05,1.05,no
malaysia,1,1,1.05,1.05,no
malaysia,1,7,1.06,1.06,no
malaysia,1,1,1.0639933900717093,1.064,no
malaysia,1,1,1.08,1.08,no
malaysia,1,10,1.09,1.09,no
malaysia,1,5,1.09,1.09,no
malaysia,1,7,1.09,1.09,no
malaysia,1,3,1.09,1.09,no
malaysia,1,7,1.0952873133091123,1.095,no
malaysia,1,3,1.1,1.1,no
malaysia,1,1,1.1,1.1,yes
malaysia,1,3,1.1,1.1,no
malaysia,1,7,1.110934274927814,1.111,no
malaysia,1,10,1.12,1.12,no
malaysia,1,10,1.1344047173558665,1.134,no
malaysia,0.5,7,0.5692404419721557,1.138,no
malaysia,1,5,1.15,1.15,no
malaysia,1,10,1.1578751597839188,1.158,no
malaysia,1,1,1.16,1.16,no
malaysia,1,5,1.16,1.16,no
malaysia,1,2,1.17,1.17,no
malaysia,1,3,1.17,1.17,no
malaysia,1,1,1.18,1.18,no
malaysia,1,7,1.19,1.19,no
malaysia,1,1,1.19,1.19,no
malaysia,1,7,1.1946613545329534,1.195,no
malaysia,1,2,1.1969925638306729,1.197,no
malaysia,10,30,12,1.2,no
malaysia,0.5,1,0.6,1.2,no
malaysia,1,5,1.2,1.2,no
malaysia,1,15,1.2,1.2,no
malaysia,1,7,1.2,1.2,no
malaysia,1,1,1.2,1.2,yes
malaysia,1,1,1.2,1.2,no
malaysia,0.5,1,0.6024080223200119,1.205,no
malaysia,1,1,1.21,1.21,no
malaysia,1,7,1.21,1.21,no
malaysia,1,15,1.2126395254493745,1.213,no
malaysia,1,1,1.2139428,1.214,no
malaysia,1,1,1.22,1.22,yes
malaysia,1,7,1.22,1.22,no
malaysia,1,15,1.228286487068076,1.228,no
malaysia,1,15,1.24,1.24,no
malaysia,0.5,1,0.6243134400000001,1.249,no
malaysia,1,10,1.25,1.25,no
malaysia,1,1,1.25,1.25,no
malaysia,1,3,1.2517569294961286,1.252,no
malaysia,0.5,1,0.63,1.26,no
malaysia,1,30,1.2595804103054793,1.26,no
malaysia,1,30,1.26,1.26,no
malaysia,1,7,1.2601882400000002,1.26,no
malaysia,1,10,1.27,1.27,no
malaysia,1,30,1.275227371924181,1.275,no
malaysia,1,7,1.2833109600000001,1.283,no
malaysia,1,1,1.2908743335428825,1.291,no
malaysia,1,1,1.2908743335428825,1.291,no
malaysia,1,1,1.2948723200000003,1.295,no
malaysia,0.5,7,0.65,1.3,no
malaysia,1,7,1.3,1.3,no
malaysia,1,1,1.3,1.3,no
malaysia,1,30,1.3,1.3,no
malaysia,1,7,1.3,1.3,no
malaysia,1,5,1.3143447759709348,1.314,no
malaysia,1,10,1.3143447759709348,1.314,no
malaysia,0.5,1,0.66,1.32,no
malaysia,0.5,1,0.66,1.32,no
malaysia,1,3,1.32,1.32,no
malaysia,1,7,1.3221682567802857,1.322,no
malaysia,1,15,1.3299917375896364,1.33,no
malaysia,1,7,1.33,1.33,no
malaysia,1,15,1.33,1.33,no
malaysia,1,1,1.33,1.33,no
malaysia,1,1,1.3488523516296735,1.349,yes
malaysia,1,7,1.35,1.35,no
malaysia,1,15,1.35,1.35,no
malaysia,0.5,3,0.68,1.36,no
malaysia,0.5,1,0.6806135719232298,1.361,yes
malaysia,1,1,1.3612271438464596,1.361,yes
malaysia,1,30,1.37,1.37,no
malaysia,1,5,1.37,1.37,no
malaysia,0.5,3,0.69,1.38,no
malaysia,1,7,1.38,1.38,no
malaysia,1,7,1.39,1.39,no
malaysia,1,30,1.39,1.39,no
malaysia,10,7,14,1.4,no
malaysia,0.5,5,0.7,1.4,no
malaysia,0.5,1,0.7,1.4,no
malaysia,0.5,1,0.7,1.4,no
malaysia,1,10,1.4,1.4,no
malaysia,1,7,1.4,1.4,no
malaysia,1,1,1.4,1.4,yes
malaysia,1,7,1.4,1.4,no
malaysia,1,1,1.41,1.41,no
malaysia,1,1,1.41,1.41,no
malaysia,0.5,1,0.71,1.42,no
malaysia,1,7,1.42,1.42,no
malaysia,1,1,1.43,1.43,no
malaysia,1,3,1.43,1.43,no
malaysia,1,3,1.43,1.43,no
malaysia,1,3,1.431696988111197,1.432,no
malaysia,0.3,1,0.43,1.433,no
malaysia,0.5,7,0.72,1.44,no
malaysia,1,1,1.44,1.44,no
malaysia,1,7,1.45,1.45,no
malaysia,1,1,1.45,1.45,no
malaysia,0.5,7,0.73,1.46,no
malaysia,1,7,1.49,1.49,no
malaysia,1,1,1.49,1.49,yes
malaysia,1,1,1.49,1.49,no
malaysia,0.5,7,0.75,1.5,no
malaysia,0.5,1,0.75,1.5,no
malaysia,1,1,1.5,1.5,no
malaysia,0.5,7,0.79773384,1.595,no
malaysia,0.5,1,0.8,1.6,yes
malaysia,0.5,30,0.8,1.6,no
malaysia,0.5,1,0.8043614940910897,1.609,yes
malaysia,0.49,1,0.79,1.612,yes
malaysia,0.5,1,0.8136420041724836,1.627,no
malaysia,0.5,1,0.8136420041724836,1.627,no
malaysia,0.5,1,0.85,1.7,no
malaysia,0.5,1,0.85,1.7,no
malaysia,0.5,1,0.8555406400000001,1.711,no
malaysia,0.5,1,0.8555406400000001,1.711,no
malaysia,0.5,7,0.8555406400000001,1.711,no
malaysia,0.5,3,0.86,1.72,no
malaysia,0.3,1,0.5163497334171531,1.721,no
malaysia,0.5,1,0.88,1.76,no
malaysia,0.3,2,0.53,1.767,no
malaysia,0.5,2,0.89,1.78,no
malaysia,0.5,1,0.9,1.8,yes
malaysia,0.5,1,0.9,1.8,no
malaysia,0.5,1,0.91,1.82,no
malaysia,0.5,1,0.95959288,1.919,no
malaysia,0.5,2,0.9857585819782012,1.972,no
malaysia,0.5,1,0.99,1.98,no
malaysia,0.5,7,0.99,1.98,no
malaysia,0.5,1,0.99,1.98,no
malaysia,0.5,30,1,2,no
malaysia,0.5,7,1,2,no
malaysia,0.5,3,1.02,2.04,no
malaysia,0.5,5,1.02,2.04,no
malaysia,0.5,7,1.02,2.04,no
malaysia,0.49,1,1.01,2.061,no
malaysia,0.3,3,0.63,2.1,no
malaysia,0.5,1,1.06,2.12,no
malaysia,0.5,2,1.08,2.16,no
malaysia,0.5,5,1.09,2.18,no
malaysia,0.5,1,1.1,2.2,no
malaysia,0.5,3,1.11,2.22,no
malaysia,0.5,1,1.15,2.3,no
malaysia,0.5,3,1.150051678974568,2.3,no
malaysia,0.2,1,0.46940884856104814,2.347,no
malaysia,0.5,1,1.2,2.4,no
malaysia,0.5,1,1.21,2.42,no
malaysia,0.5,1,1.2127296372450274,2.425,yes
malaysia,0.5,3,1.26,2.52,no
malaysia,0.5,1,1.2601882400000002,2.52,no
malaysia,0.5,3,1.27,2.54,no
malaysia,0.5,3,1.275227371924181,2.55,no
malaysia,0.5,1,1.3,2.6,no
malaysia,0.5,3,1.3,2.6,no
malaysia,0.5,3,1.31,2.62,no
malaysia,0.5,1,1.34111776,2.682,no
malaysia,0.5,1,1.35,2.7,no
malaysia,0.5,1,1.37,2.74,no
malaysia,0.5,1,1.38,2.76,no
malaysia,0.5,7,1.4,2.8,no
malaysia,0.5,1,1.45,2.9,no
malaysia,0.5,5,1.4629909113486002,2.926,no
malaysia,0.5,7,1.471768269229895,2.944,no
malaysia,0.5,3,1.4864613537766524,2.973,no
malaysia,0.5,1,1.49,2.98,yes
malaysia,0.5,1,1.49,2.98,no
malaysia,0.5,1,1.49,2.98,yes
malaysia,0.2,30,0.61,3.05,no
malaysia,0.1,7,0.31215672000000005,3.122,no
malaysia,0.1,7,0.4,4,no
malaysia,0.1,7,0.4207429353707238,4.207,no
malaysia,0.1,7,0.5,5,no
malaysia,0.2,1,1.01,5.05,no
malaysia,0.1,1,0.53,5.3,no
malaysia,0.1,7,0.54,5.4,no
malaysia,0.1,30,0.55,5.5,no
malaysia,0.1,90,0.6,6,no
malaysia,0.1,1,0.63,6.3,no
malaysia,0.1,3,0.65,6.5,no
malaysia,0.1,5,0.67,6.7,no
malaysia,0.1,7,0.69,6.9,no
malaysia,0.1,7,0.85,8.5,no
malaysia,0.1,7,0.8555406400000001,8.555,no
malaysia,0.1,1,0.95,9.5,no
malaysia,0.1,3,0.95,9.5,no
malaysia,0.1,5,0.95,9.5,no
malaysia,0.1,7,0.95,9.5,no
malaysia,0.1,0,1,10,no
malaysia,0.1,1,1,10,no
malaysia,0.1,1,1,10,no
malaysia,0.1,1,1,10,no
malaysia,0.1,3,1.02,10.2,no
malaysia,0.1,5,1.02,10.2,no
malaysia,0.1,7,1.02,10.2,no
malaysia,0.1,1,1.25,12.5,no
malaysia,0.1,7,1.45,14.5,no
mexico,3,1,2.44,0.813,no
mexico,3,1,2.45,0.817,no
mexico,20,30,17.99,0.899,no
mexico,2,1,1.86,0.93,no
mexico,2,1,1.8729403200000003,0.936,no
mexico,1,1,1.11,1.11,no
mexico,1,1,1.12,1.12,no
mexico,0.5,1,0.57,1.14,no
mexico,1,7,1.18,1.18,no
mexico,1,3,1.18,1.18,no
mexico,1,5,1.18,1.18,no
mexico,1,7,1.19,1.19,no
mexico,1,1,1.2023814400000001,1.202,no
mexico,1,7,1.2370655200000003,1.237,no
mexico,0.5,1,0.62,1.24,no
mexico,0.5,1,0.62,1.24,no
mexico,20,30,24.99,1.249,no
mexico,0.5,1,0.63,1.26,no
mexico,0.5,1,0.6571723879854674,1.314,no
mexico,1.5,1,2.12,1.413,no
mexico,2,15,2.92502408,1.463,no
mexico,2,1,2.933805303506551,1.467,no
mexico,10,30,14.99,1.499,no
mexico,2,1,3.07,1.535,no
mexico,2,1,3.07,1.535,no
mexico,1,1,1.54,1.54,no
mexico,2,1,3.08,1.54,no
mexico,1,1,1.5492222400000002,1.549,no
mexico,10,30,15.5,1.55,no
mexico,0.5,1,0.79,1.58,no
mexico,1,3,1.58,1.58,no
mexico,1,30,1.58,1.58,no
mexico,1,30,1.59546768,1.595,no
mexico,1,5,1.61,1.61,no
mexico,0.5,3,0.81,1.62,no
mexico,0.5,3,0.82,1.64,no
mexico,1,7,1.64,1.64,no
mexico,1,7,1.6417131200000001,1.642,no
mexico,0.5,5,0.83,1.66,no
mexico,1,10,1.66,1.66,no
mexico,1,1,1.6763972,1.676,no
mexico,0.5,5,0.84,1.68,no
mexico,1,15,1.69,1.69,no
mexico,1,20,1.7,1.7,no
mexico,1,1,1.7133422972478258,1.713,no
mexico,0.5,7,0.86,1.72,no
mexico,0.5,7,0.86,1.72,no
mexico,1,30,1.72,1.72,no
mexico,0.5,7,0.87,1.74,no
mexico,1,1,1.7573267200000002,1.757,no
mexico,1,1,1.7602831821039306,1.76,no
mexico,1,5,1.79,1.79,no
mexico,1,1,1.79,1.79,no
mexico,1,3,1.79,1.79,no
mexico,1,5,1.79,1.79,no
mexico,1,7,1.79,1.79,no
mexico,1,7,1.8,1.8,no
mexico,1,1,1.82,1.82,no
mexico,1,1,1.85,1.85,no
mexico,0.5,7,0.9364701600000002,1.873,no
mexico,1,1,1.91,1.91,no
mexico,0.5,1,0.9827156,1.965,no
mexico,0.75,7,1.4798540800000002,1.973,no
mexico,1,1,1.98,1.98,no
mexico,1,7,2,2,no
mexico,1,1,2.017091131336117,2.017,yes
mexico,0.2,1,0.41,2.05,no
mexico,0.2,1,0.42,2.1,no
mexico,1,1,2.11,2.11,yes
mexico,0.5,1,1.06364512,2.127,no
mexico,1,7,2.177963430154335,2.178,no
mexico,1,1,2.2,2.2,no
mexico,1,1,2.2,2.2,yes
mexico,1,1,2.2,2.2,yes
mexico,1,7,2.2,2.2,no
mexico,1,7,2.25,2.25,no
mexico,1,1,2.25,2.25,no
mexico,1,1,2.2660265600000002,2.266,no
mexico,1,1,2.28,2.28,no
mexico,1,7,2.29,2.29,no
mexico,1,7,2.29,2.29,no
mexico,1,7,2.29,2.29,no
mexico,1,1,2.3,2.3,yes
mexico,1,7,2.30071064,2.301,no
mexico,1,7,2.32,2.32,no
mexico,1,1,2.33,2.33,no
mexico,1,1,2.33,2.33,no
mexico,0.2,1,0.46940884856104814,2.347,no
mexico,1,1,2.35,2.35,no
mexico,1,1,2.38,2.38,no
mexico,1,1,2.38,2.38,no
mexico,1,7,2.4,2.4,no
mexico,1,1,2.43,2.43,no
mexico,0.5,1,1.22,2.44,no
mexico,0.5,1,1.22,2.44,no
mexico,0.5,1,1.22,2.44,no
mexico,1,5,2.45,2.45,no
mexico,0.5,1,1.236109967877427,2.472,no
mexico,1,5,2.48,2.48,no
mexico,1,7,2.49,2.49,no
mexico,0.5,7,1.2498540138953855,2.5,no
mexico,1,1,2.5,2.5,no
mexico,1,7,2.5,2.5,no
mexico,1,1,2.5,2.5,no
mexico,1,7,2.54,2.54,no
mexico,1,1,2.549207196657915,2.549,yes
mexico,1,7,2.55,2.55,no
mexico,1,1,2.55,2.55,no
mexico,1,7,2.58,2.58,no
mexico,1,1,2.59,2.59,no
mexico,5,30,12.99,2.598,no
mexico,0.5,1,1.2993531827625295,2.599,yes
mexico,0.5,1,1.31,2.62,no
mexico,1,1,2.63,2.63,no
mexico,1,7,2.63599008,2.636,no
mexico,1,7,2.63599008,2.636,no
mexico,1,1,2.64,2.64,no
mexico,1,7,2.64,2.64,no
mexico,1,1,2.65,2.65,no
mexico,1,7,2.66,2.66,no
mexico,1,5,2.6834539176073253,2.683,no
mexico,1,1,2.69,2.69,no
mexico,1,7,2.69,2.69,no
mexico,1,7,2.69,2.69,no
mexico,0.3,3,0.81,2.7,no
mexico,1,1,2.7,2.7,no
mexico,1,5,2.7,2.7,no
mexico,1,1,2.7,2.7,yes
mexico,1,1,2.72,2.72,yes
mexico,1,7,2.73,2.73,no
mexico,1,7,2.7348290799097046,2.735,no
mexico,0.5,1,1.37,2.74,no
mexico,1,3,2.75,2.75,no
mexico,1,1,2.75,2.75,no
mexico,1,5,2.761688725700833,2.762,no
mexico,1,7,2.7631650400000005,2.763,no
mexico,1,5,2.78,2.78,no
mexico,1,1,2.79,2.79,no
mexico,1,7,2.8,2.8,no
mexico,1,1,2.81,2.81,no
mexico,1,1,2.81,2.81,no
mexico,1,7,2.81,2.81,no
mexico,0.5,1,1.42,2.84,no
mexico,1,3,2.85,2.85,no
mexico,1,7,2.85,2.85,no
mexico,1,7,2.86,2.86,no
mexico,1,7,2.8603034408715087,2.86,no
mexico,1,30,2.87,2.87,no
mexico,1,30,2.87,2.87,no
mexico,1,7,2.87,2.87,no
mexico,1,7,2.8787786400000006,2.879,no
mexico,0.5,1,1.44,2.88,no
mexico,1,7,2.89,2.89,no
mexico,1,7,2.9,2.9,no
mexico,1,5,2.91,2.91,no
mexico,1,7,2.9365854400000004,2.937,no
mexico,1,7,2.94,2.94,no
mexico,1,0,2.95,2.95,no
mexico,0.5,7,1.4914154400000001,2.983,no
mexico,1,7,2.99,2.99,no
mexico,1,7,2.99,2.99,no
mexico,1,1,2.99,2.99,no
mexico,1,7,2.99,2.99,no
mexico,1,5,2.99,2.99,no
mexico,1,7,2.99,2.99,no
mexico,1,7,2.99,2.99,no
mexico,1,7,2.99,2.99,no
mexico,1,1,2.99,2.99,yes
mexico,1,1,2.99,2.99,yes
mexico,1,1,2.99,2.99,no
mexico,1,7,2.99,2.99,no
mexico,1,7,2.99,2.99,no
mexico,1,1,2.99,2.99,yes
mexico,1,7,2.99,2.99,no
mexico,0.5,1,1.4973498582311053,2.995,yes
mexico,1,7,2.997256889479126,2.997,no
mexico,1,3,3,3,no
mexico,1,3,3,3,no
mexico,1,3,3,3,no
mexico,1,30,3,3,no
mexico,1,7,3,3,no
mexico,1,3,3,3,no
mexico,1,7,3,3,no
mexico,1,7,3,3,no
mexico,1,7,3.03,3.03,no
mexico,1,7,3.03,3.03,no
mexico,1,1,3.03,3.03,no
mexico,1,7,3.0355105540281113,3.036,no
mexico,1,30,3.0441988853293545,3.044,no
mexico,1,1,3.06,3.06,no
mexico,1,7,3.07,3.07,no
mexico,1,7,3.07,3.07,no
mexico,1,5,3.1,3.1,no
mexico,1,30,3.1,3.1,no
mexico,0.1,7,0.31215672000000005,3.122,no
mexico,0.5,30,1.58,3.16,no
mexico,0.49,1,1.59,3.245,yes
mexico,0.5,7,1.65,3.3,no
mexico,0.1,7,0.33411938985322187,3.341,no
mexico,0.5,1,1.7,3.4,no
mexico,0.5,7,1.73,3.46,no
mexico,0.5,1,1.74,3.48,no
mexico,0.5,7,1.77,3.54,no
mexico,0.5,1,1.78,3.56,no
mexico,0.5,3,1.79,3.58,no
mexico,0.5,5,1.79,3.58,no
mexico,0.5,7,1.79,3.58,no
mexico,0.5,1,1.82,3.64,no
mexico,0.5,1,1.84,3.68,no
mexico,0.5,1,1.84,3.68,no
mexico,0.5,3,1.86,3.72,no
mexico,0.5,1,1.97,3.94,no
mexico,0.5,7,1.99,3.98,no
mexico,0.5,10,1.99,3.98,no
mexico,0.5,15,1.99,3.98,no
mexico,0.5,20,1.99,3.98,no
mexico,0.5,30,1.99,3.98,no
mexico,0.5,1,1.99,3.98,no
mexico,0.5,7,1.99,3.98,no
mexico,0.5,1,1.99,3.98,no
mexico,0.5,1,1.99,3.98,yes
mexico,0.1,7,0.4,4,no
mexico,0.5,7,2,4,no
mexico,0.5,1,2,4,no
mexico,0.49,7,1.99,4.061,no
mexico,0.5,1,2.04,4.08,no
mexico,0.5,1,2.04,4.08,no
mexico,0.5,7,2.05,4.1,no
mexico,0.5,1,2.05,4.1,no
mexico,0.49,1,2.02,4.122,no
mexico,0.5,1,2.1,4.2,no
mexico,0.5,1,2.11,4.22,no
mexico,0.5,2,2.198398107427576,4.397,no
mexico,0.5,1,2.2,4.4,no
mexico,0.5,7,2.3,4.6,no
mexico,0.49,1,2.29,4.673,yes
mexico,0.5,7,2.37,4.74,no
mexico,0.5,1,2.4,4.8,no
mexico,0.5,1,2.43,4.86,no
mexico,0.2,1,0.98,4.9,no
mexico,0.5,1,2.49,4.98,yes
mexico,0.5,1,2.49,4.98,no
mexico,0.1,7,0.5,5,no
mexico,0.5,7,2.5,5,no
mexico,0.2,1,1.01,5.05,no
mexico,0.5,7,2.54,5.08,no
mexico,0.5,1,2.6,5.2,yes
mexico,0.1,1,0.53,5.3,no
mexico,0.1,7,0.54,5.4,no
mexico,0.5,7,2.73,5.46,no
mexico,0.1,30,0.55,5.5,no
mexico,0.5,1,2.79,5.58,yes
mexico,0.5,1,2.8,5.6,no
mexico,0.5,1,2.88,5.76,no
mexico,0.5,1,2.9,5.8,no
mexico,0.3,3,1.79,5.967,no
mexico,0.5,1,2.99,5.98,yes
mexico,0.5,1,2.99,5.98,yes
mexico,0.5,7,2.99,5.98,no
mexico,0.5,1,2.99,5.98,yes
mexico,0.5,1,2.99,5.98,no
mexico,0.5,1,2.99,5.98,no
mexico,0.1,90,0.6,6,no
mexico,0.5,7,3,6,no
mexico,0.5,5,3,6,no
mexico,0.5,2,3,6,no
mexico,0.5,3,3.02,6.04,no
mexico,0.1,1,0.61,6.1,no
mexico,0.5,3,3.0746279580748657,6.149,no
mexico,0.5,3,3.1,6.2,no
mexico,0.1,3,0.63,6.3,no
mexico,0.3,2,1.89,6.3,no
mexico,0.1,5,0.65,6.5,no
mexico,0.3,3,1.97,6.567,no
mexico,0.3,3,1.99,6.633,no
mexico,0.1,7,0.67,6.7,no
mexico,0.2,30,1.58,7.9,no
mexico,0.3,2,2.49,8.3,no
mexico,0.1,7,0.85,8.5,no
mexico,0.1,7,0.8555406400000001,8.555,no
mexico,0.1,7,0.88,8.8,no
mexico,0.1,1,0.95,9.5,no
mexico,0.1,3,0.95,9.5,no
mexico,0.1,5,0.95,9.5,no
mexico,0.1,7,0.95,9.5,no
mexico,0.2,30,1.96,9.8,no
mexico,0.2,30,1.97,9.85,no
mexico,0.1,1,1,10,no
mexico,0.1,1,1,10,no
mexico,0.2,30,2.3,11.5,no
mexico,0.1,1,1.3,13,no
mexico,0.1,7,1.45,14.5,no
mexico,0.1,7,1.471768269229895,14.718,no
mexico,0.2,30,2.99,14.95,no
mexico,0.1,7,1.5,15,no
mexico,0.1,7,1.7,17,no
mexico,0.1,7,1.71,17.1,no
mexico,0.1,3,1.79,17.9,no
mexico,0.1,5,1.79,17.9,no
mexico,0.1,7,1.79,17.9,no
mexico,0.1,7,1.84,18.4,no
mexico,0.1,10,1.96,19.6,no
mexico,0.1,15,1.96,19.6,no
mexico,0.1,20,1.96,19.6,no
mexico,0.1,30,1.96,19.6,no
mexico,0.1,0,2,20,no
mexico,0.1,0,2,20,no
mexico,0.1,7,2,20,no
mexico,0.1,0,2,20,no
mexico,0.1,0,2,20,no
mexico,0.1,7,2.1966584,21.536,no
mexico,0.1,7,2.99,29.9,no
mexico,0.1,7,2.99,29.9,no
mexico,0.1,7,2.99,29.9,no
mexico,0.1,0,3,30,no
mexico,0.1,0,3,30,no
mexico,0.1,0,3,30,no
singapore,3,30,0.6243134400000001,0.208,no
singapore,5,1,1.22,0.244,no
singapore,5,1,1.23,0.246,no
singapore,3,1,0.81,0.27,no
singapore,3,5,0.81,0.27,no
singapore,3,7,0.86,0.287,no
singapore,3,10,0.86,0.287,no
singapore,3,15,0.86,0.287,no
singapore,3,30,0.91,0.303,no
singapore,4,1,1.22,0.305,no
singapore,3,1,0.98,0.327,no
singapore,2,1,0.77,0.385,no
singapore,3,12,1.2,0.4,no
singapore,3,14,1.2,0.4,no
singapore,3,15,1.2139428,0.405,no
singapore,2,15,0.86,0.43,no
singapore,2,14,0.86,0.43,no
singapore,3,1,1.30643368,0.435,no
singapore,2,30,0.91,0.455,no
singapore,3,1,1.42,0.473,no
singapore,3,1,1.44,0.48,no
singapore,20,10,9.99,0.499,no
singapore,2,1,1.02896104,0.514,no
singapore,3,1,1.5803431234888623,0.527,no
singapore,20,7,10.8,0.54,no
singapore,0.5,1,0.29,0.58,no
singapore,0.5,1,0.3,0.6,no
singapore,2,1,1.2370655200000003,0.619,no
singapore,0.5,1,0.31293923237403215,0.626,no
singapore,2,1,1.26,0.63,no
singapore,2,1,1.2601882400000002,0.63,no
singapore,2,1,1.275227371924181,0.638,no
singapore,2,1,1.2833109600000001,0.642,no
singapore,2,1,1.3,0.65,no
singapore,2,1,1.31799504,0.659,no
singapore,2,1,1.37,0.685,no
singapore,2,1,1.37,0.685,no
singapore,2,1,1.3847561032550921,0.692,no
singapore,2,1,1.39,0.695,no
singapore,1,1,0.7,0.7,no
singapore,2,1,1.4104859200000002,0.705,no
singapore,2,1,1.46,0.73,yes
singapore,2,1,1.46,0.73,no
singapore,1,1,0.74,0.74,no
singapore,1,1,0.75,0.75,no
singapore,1,1,0.75,0.75,no
singapore,1,1,0.75,0.75,no
singapore,2,1,1.5,0.75,no
singapore,2,1,1.5,0.75,no
singapore,1,7,0.7514884000000001,0.751,no
singapore,2,1,1.502108315395354,0.751,no
singapore,2,15,1.5029768000000001,0.751,no
singapore,2,1,1.51,0.755,no
singapore,2,3,1.53,0.765,no
singapore,1,7,0.7672371174407316,0.767,no
singapore,1,3,0.77,0.77,no
singapore,1,1,0.7745246001257294,0.775,no
singapore,2,1,1.56,0.78,no
singapore,2,30,1.5607836000000002,0.78,no
singapore,2,5,1.57,0.785,no
singapore,1,5,0.79,0.79,no
singapore,1,1,0.8,0.8,yes
singapore,2,1,1.6,0.8,no
singapore,2,7,1.6,0.8,no
singapore,1,3,0.81,0.81,no
singapore,1,5,0.81,0.81,no
singapore,2,10,1.62,0.81,no
singapore,1,7,0.82,0.82,no
singapore,1,10,0.83,0.83,no
singapore,1,15,0.85,0.85,no
singapore,1,7,0.85,0.85,no
singapore,1,1,0.8527594082192376,0.853,no
singapore,1,1,0.8555406400000001,0.856,no
singapore,1,1,0.8555406400000001,0.856,no
singapore,1,20,0.86,0.86,no
singapore,1,3,0.86,0.86,no
singapore,0.5,1,0.4302914445142942,0.861,no
singapore,1,30,0.87,0.87,no
singapore,0.5,1,0.44,0.88,no
singapore,1,3,0.88,0.88,no
singapore,1,30,0.91,0.91,no
singapore,1.5,1,1.37,0.913,no
singapore,0.5,1,0.46158536775169734,0.923,no
singapore,1,7,0.9364701600000002,0.936,no
singapore,0.5,1,0.46940884856104814,0.939,no
singapore,1,3,0.9388176971220963,0.939,no
singapore,0.5,1,0.47,0.94,no
singapore,1,5,0.94,0.94,no
singapore,1,1,0.95,0.95,no
singapore,0.5,1,0.48,0.96,no
singapore,1,1,0.95959288,0.96,no
singapore,1,1,0.95959288,0.96,no
singapore,1,1,0.96,0.96,no
singapore,1,5,0.9622881395501488,0.962,no
singapore,1,5,0.97,0.97,no
singapore,1,1,0.98,0.98,no
singapore,1,3,0.9857585819782012,0.986,no
singapore,1,3,0.99,0.99,no
singapore,1,1,0.99,0.99,no
singapore,1,7,0.99,0.99,no
singapore,0.5,7,0.5,1,no
singapore,1,1,1,1,no
singapore,1,1,1,1,no
singapore,1,7,1,1,no
singapore,1,7,1.0092290244062536,1.009,no
singapore,1,7,1.01739968,1.017,no
singapore,1,1,1.01739968,1.017,no
singapore,1,7,1.02,1.02,no
singapore,1,7,1.02,1.02,no
singapore,1,1,1.02896104,1.029,no
singapore,1,7,1.03,1.03,no
singapore,0.5,1,0.5202612000000001,1.041,no
singapore,0.5,1,0.5202612000000001,1.041,no
singapore,1,5,1.0483464284530077,1.048,no
singapore,1,7,1.06,1.06,no
singapore,1,10,1.0639933900717093,1.064,no
singapore,1,1,1.0639933900717093,1.064,no
singapore,1,1,1.08,1.08,no
singapore,1,7,1.09,1.09,no
singapore,1,10,1.09,1.09,no
singapore,1,3,1.09,1.09,no
singapore,10,7,11,1.1,no
singapore,1,3,1.1,1.1,no
singapore,1,1,1.1,1.1,yes
singapore,1,3,1.1,1.1,no
singapore,1,7,1.110934274927814,1.111,no
singapore,1,10,1.12,1.12,no
singapore,0.75,7,0.84397928,1.125,no
singapore,0.5,7,0.5692404419721557,1.138,no
singapore,1,7,1.14457464,1.145,no
singapore,1,5,1.15,1.15,no
singapore,1,1,1.15,1.15,no
singapore,1,1,1.156136,1.156,no
singapore,1,10,1.1578751597839188,1.158,no
singapore,1,1,1.16,1.16,no
singapore,1,5,1.16,1.16,no
singapore,1,7,1.17,1.17,no
singapore,1,15,1.1735221214026204,1.174,no
singapore,1,1,1.18,1.18,no
singapore,1,14,1.19,1.19,no
singapore,1,7,1.1946613545329534,1.195,no
singapore,1,5,1.2,1.2,no
singapore,1,7,1.2,1.2,no
singapore,1,1,1.2,1.2,yes
singapore,1,15,1.2,1.2,no
singapore,1,1,1.2,1.2,no
singapore,0.5,1,0.6024080223200119,1.205,no
singapore,1,1,1.21,1.21,no
singapore,1,7,1.21,1.21,no
singapore,1,1,1.2127296372450274,1.213,yes
singapore,1,1,1.2139428,1.214,no
singapore,1,7,1.22,1.22,no
singapore,1,15,1.228286487068076,1.228,no
singapore,1,7,1.23,1.23,no
singapore,1,15,1.24,1.24,no
singapore,0.5,1,0.6243134400000001,1.249,no
singapore,1,10,1.25,1.25,no
singapore,1,1,1.25,1.25,no
singapore,0.5,1,0.63,1.26,no
singapore,1,30,1.26,1.26,no
singapore,1,10,1.27,1.27,no
singapore,1,30,1.275227371924181,1.275,no
singapore,1,7,1.2833109600000001,1.283,no
singapore,1,20,1.29,1.29,no
singapore,1,1,1.2908743335428825,1.291,no
singapore,1,1,1.2908743335428825,1.291,no
singapore,1,1,1.2948723200000003,1.295,no
singapore,0.5,7,0.65,1.3,no
singapore,1,7,1.3,1.3,no
singapore,1,7,1.3,1.3,no
singapore,1,30,1.3,1.3,no
singapore,1,3,1.31,1.31,no
singapore,0.5,1,0.66,1.32,no
singapore,1,3,1.32,1.32,no
singapore,1,15,1.33,1.33,no
singapore,1,1,1.3488523516296735,1.349,yes
singapore,1,7,1.3491997362601456,1.349,no
singapore,1,15,1.35,1.35,no
singapore,1,7,1.35,1.35,no
singapore,1,1,1.35,1.35,no
singapore,0.5,3,0.68,1.36,no
singapore,0.5,1,0.6806135719232298,1.361,yes
singapore,1,1,1.3612271438464596,1.361,yes
singapore,0.5,7,0.68212024,1.364,no
singapore,1,30,1.37,1.37,no
singapore,1,7,1.38,1.38,no
singapore,1,7,1.38,1.38,no
singapore,1,7,1.39,1.39,no
singapore,1,30,1.39,1.39,no
singapore,1,30,1.39,1.39,no
singapore,10,30,14,1.4,no
singapore,0.5,5,0.7,1.4,no
singapore,0.5,1,0.7,1.4,no
singapore,0.5,1,0.7,1.4,no
singapore,1,10,1.4,1.4,no
singapore,1,1,1.4,1.4,yes
singapore,1,7,1.4,1.4,no
singapore,1,1,1.41,1.41,no
singapore,1,1,1.41,1.41,no
singapore,0.5,1,0.71,1.42,no
singapore,1,7,1.42,1.42,no
singapore,1,3,1.43,1.43,no
singapore,1,1,1.43,1.43,no
singapore,1,3,1.43,1.43,no
singapore,1,1,1.43,1.43,no
singapore,0.5,7,0.72,1.44,no
singapore,0.5,1,0.72,1.44,no
singapore,1,1,1.44,1.44,no
singapore,0.5,7,0.73,1.46,no
singapore,1,1,1.47,1.47,no
singapore,1,7,1.49,1.49,no
singapore,1,1,1.49,1.49,no
singapore,1,7,1.49,1.49,no
singapore,1,1,1.49,1.49,yes
singapore,1,1,1.49,1.49,no
singapore,0.5,7,0.75,1.5,no
singapore,0.5,1,0.75,1.5,no
singapore,1,7,1.5,1.5,no
singapore,1,1,1.5,1.5,no
singapore,1,3,1.5,1.5,no
singapore,1,15,1.5,1.5,no
singapore,1,1,1.5,1.5,yes
singapore,1,1,1.5,1.5,no
singapore,1,7,1.5,1.5,no
singapore,1,1,1.5,1.5,no
singapore,1,5,1.51,1.51,no
singapore,0.5,3,0.76,1.52,no
singapore,1,1,1.52,1.52,no
singapore,1,7,1.5468490270982493,1.547,no
singapore,1,7,1.55,1.55,no
singapore,1,1,1.59,1.59,no
singapore,1,1,1.59,1.59,no
singapore,0.5,1,0.8,1.6,no
singapore,1,30,1.6,1.6,no
singapore,1,7,1.6,1.6,no
singapore,0.5,1,0.8043614940910897,1.609,yes
singapore,0.5,3,0.81,1.62,no
singapore,0.5,1,0.8136420041724836,1.627,no
singapore,5,7,8.17,1.634,no
singapore,0.5,1,0.8555406400000001,1.711,no
singapore,0.5,1,0.8555406400000001,1.711,no
singapore,0.5,7,0.8555406400000001,1.711,no
singapore,0.5,1,0.88,1.76,no
singapore,0.5,1,0.9,1.8,yes
singapore,0.5,30,0.9,1.8,no
singapore,0.5,1,0.9,1.8,no
singapore,0.49,1,0.89,1.816,yes
singapore,0.5,1,0.91,1.82,no
singapore,0.5,1,0.95959288,1.919,no
singapore,0.5,1,0.99,1.98,no
singapore,0.5,7,0.99,1.98,no
singapore,0.5,1,0.99,1.98,no
singapore,0.5,7,1,2,no
singapore,0.5,2,1.08,2.16,no
singapore,0.5,1,1.13,2.26,no
singapore,0.5,1,1.15,2.3,no
singapore,0.2,1,0.46940884856104814,2.347,no
singapore,0.5,1,1.2,2.4,no
singapore,0.5,1,1.2,2.4,no
singapore,0.5,1,1.21,2.42,no
singapore,0.5,1,1.2127296372450274,2.425,yes
singapore,0.5,5,1.23,2.46,no
singapore,0.5,3,1.26,2.52,no
singapore,0.5,1,1.2601882400000002,2.52,no
singapore,0.5,3,1.275227371924181,2.55,no
singapore,0.5,1,1.3,2.6,no
singapore,0.5,3,1.3,2.6,no
singapore,0.5,3,1.31,2.62,no
singapore,0.5,1,1.34111776,2.682,no
singapore,0.5,1,1.35,2.7,no
singapore,0.5,3,1.37,2.74,no
singapore,0.5,7,1.4,2.8,no
singapore,0.5,1,1.41,2.82,no
singapore,0.5,1,1.43,2.86,no
singapore,0.5,1,1.45,2.9,no
singapore,0.5,7,1.471768269229895,2.944,no
singapore,0.5,3,1.4864613537766524,2.973,no
singapore,0.5,1,1.49,2.98,no
singapore,0.5,1,1.49,2.98,yes
singapore,0.5,1,1.49,2.98,yes
singapore,0.5,1,1.49,2.98,yes
singapore,0.5,1,1.5,3,no
singapore,0.5,1,1.5,3,no
singapore,0.5,1,1.5,3,no
singapore,0.2,30,0.61,3.05,no
singapore,0.5,4,1.55,3.1,no
singapore,0.49,1,1.52,3.102,no
singapore,0.5,1,1.56,3.12,no
singapore,0.1,7,0.31215672000000005,3.122,no
singapore,0.5,1,1.58,3.16,no
singapore,0.5,1,1.58,3.16,no
singapore,0.5,3,1.5803431234888623,3.161,no
singapore,0.5,3,1.595990085107564,3.192,no
singapore,0.5,3,1.6,3.2,no
singapore,0.5,7,1.6,3.2,no
singapore,0.5,3,1.61,3.22,no
singapore,0.1,7,0.4,4,no
singapore,0.1,7,0.4207429353707238,4.207,no
singapore,0.1,7,0.5,5,no
singapore,0.2,1,1.01,5.05,no
singapore,0.1,1,0.53,5.3,no
singapore,0.1,7,0.54,5.4,no
singapore,0.1,30,0.55,5.5,no
singapore,0.1,90,0.6,6,no
singapore,0.1,1,0.63,6.3,no
singapore,0.1,3,0.65,6.5,no
singapore,0.1,5,0.67,6.7,no
singapore,0.1,7,0.69,6.9,no
singapore,0.1,7,0.85,8.5,no
singapore,0.1,7,0.8555406400000001,8.555,no
singapore,0.1,1,0.95,9.5,no
singapore,0.1,3,0.95,9.5,no
singapore,0.1,5,0.95,9.5,no
singapore,0.1,7,0.95,9.5,no
singapore,0.1,0,1,10,no
singapore,0.1,1,1,10,no
singapore,0.1,1,1,10,no
singapore,0.1,1,1,10,no
singapore,0.1,7,1.45,14.5,no
spain,3,30,0.6243134400000001,0.208,no
spain,3,1,0.71,0.237,no
spain,3,3,0.71,0.237,no
spain,3,5,0.71,0.237,no
spain,3,7,0.76,0.253,no
spain,3,10,0.76,0.253,no
spain,3,30,0.76,0.253,no
spain,3,12,0.76,0.253,no
spain,3,14,0.76,0.253,no
spain,3,20,0.76,0.253,no
spain,3,21,0.76,0.253,no
spain,3,25,0.76,0.253,no
spain,3,15,0.76,0.253,no
spain,5,1,1.45,0.29,no
spain,5,1,1.4682927200000002,0.294,no
spain,4,1,1.45,0.362,no
spain,2,15,0.76,0.38,no
spain,2,30,0.76,0.38,no
spain,1,7,0.38152488000000007,0.382,no
spain,4,30,1.5839063200000003,0.396,no
spain,3,15,1.2,0.4,no
spain,3,1,1.2,0.4,no
spain,3,3,1.2,0.4,no
spain,3,5,1.2,0.4,no
spain,3,7,1.2,0.4,no
spain,3,10,1.2,0.4,no
spain,3,15,1.2139428,0.405,no
spain,3,1,1.2139428,0.405,no
spain,3,15,1.2139428,0.405,no
spain,3,30,1.22,0.407,no
spain,3,20,1.22,0.407,no
spain,3,30,1.2370655200000003,0.412,no
spain,3,30,1.2833109600000001,0.428,no
spain,3,15,1.30643368,0.435,no
spain,3,1,1.31799504,0.439,no
spain,3,1,1.3526791200000001,0.451,no
spain,3,3,1.41,0.47,no
spain,2,1,1.02896104,0.514,no
spain,2,15,1.0520837600000001,0.526,no
spain,2,30,1.07520648,0.538,no
spain,20,7,10.8,0.54,no
spain,2,30,1.10989056,0.555,no
spain,2,15,1.1330132800000001,0.567,no
spain,2,1,1.14,0.57,no
spain,2,1,1.156136,0.578,no
spain,2,15,1.2,0.6,no
spain,2,1,1.2023814400000001,0.601,no
spain,2,1,1.24,0.62,yes
spain,2,1,1.25,0.625,no
spain,2,1,1.2601882400000002,0.63,no
spain,1,7,0.66,0.66,no
spain,1,5,0.66,0.66,no
spain,1,1,0.66,0.66,no
spain,2,1,1.3241027671961014,0.662,yes
spain,1,7,0.67055888,0.671,no
spain,1,7,0.68212024,0.682,no
spain,1,1,0.69,0.69,no
spain,1,7,0.69,0.69,no
spain,1,1,0.6936816,0.694,no
spain,2,1,1.41,0.705,no
spain,1,5,0.71,0.71,no
spain,2,1,1.43,0.715,no
spain,2,1,1.431696988111197,0.716,no
spain,2,1,1.4551674305392495,0.728,no
spain,2,1,1.4551674305392495,0.728,no
spain,1,1,0.7301127407903737,0.73,yes
spain,2,1,1.46,0.73,yes
spain,2,1,1.47,0.735,no
spain,1,1,0.7399270400000001,0.74,no
spain,20,14,14.99,0.75,no
spain,1,1,0.75,0.75,no
spain,1,7,0.75,0.75,no
spain,1,3,0.7514884000000001,0.751,no
spain,1,1,0.7514884000000001,0.751,no
spain,1,7,0.7514884000000001,0.751,no
spain,2,1,1.51,0.755,no
spain,1,15,0.76,0.76,no
spain,1,20,0.76,0.76,no
spain,1,30,0.76,0.76,no
spain,1,10,0.76,0.76,no
spain,1,7,0.76,0.76,no
spain,1.5,1,1.14,0.76,no
spain,2,3,1.53,0.765,no
spain,0.5,1,0.3833505596581893,0.767,no
spain,1,3,0.77,0.77,no
spain,0.5,1,0.39,0.78,no
spain,2,1,1.56,0.78,no
spain,0.5,1,0.3911740404675402,0.782,no
spain,2,5,1.57,0.785,no
spain,2,1,1.57,0.785,no
spain,1,5,0.79,0.79,no
spain,2,1,1.58,0.79,no
spain,2,1,1.58,0.79,no
spain,15,30,12,0.8,no
spain,0.5,1,0.4,0.8,no
spain,0.75,7,0.6011907200000001,0.802,no
spain,1,7,0.8043614940910897,0.804,no
spain,1,1,0.81,0.81,no
spain,0.75,7,0.61275208,0.817,no
spain,1,7,0.82,0.82,no
spain,0.8,1,0.66,0.825,no
spain,0.5,1,0.4146444828955926,0.829,no
spain,1,10,0.83,0.83,no
spain,0.5,1,0.42,0.84,no
spain,0.5,1,0.4207429353707238,0.841,yes
spain,1,15,0.85,0.85,no
spain,1,1,0.8555406400000001,0.856,no
spain,1,20,0.86,0.86,no
spain,15,30,12.99,0.866,no
spain,1,30,0.87,0.87,no
spain,1,7,0.8786102473918056,0.879,no
spain,1,7,0.8909850396085915,0.891,no
spain,1,7,0.9,0.9,no
spain,0.5,1,0.46158536775169734,0.923,no
spain,1,1,0.9281094162589496,0.928,yes
spain,0.5,1,0.47,0.94,no
spain,1,1,0.9404842084757357,0.94,yes
spain,1,1,0.95,0.95,no
spain,1,1,0.95,0.95,no
spain,1,1,0.98,0.98,no
spain,1,7,0.99,0.99,no
spain,1,1,0.99,0.99,yes
spain,0.5,1,0.5,1,no
spain,1,7,1,1,no
spain,1,7,1,1,no
spain,1,1,1,1,no
spain,1,3,1,1,no
spain,1,1,1,1,yes
spain,1,1,1.0014055435969027,1.001,no
spain,1,1,1.0170525052156045,1.017,no
spain,1,1,1.02,1.02,no
spain,1,7,1.04,1.04,no
spain,0.5,1,0.5202612000000001,1.041,no
spain,0.5,1,0.5202612000000001,1.041,no
spain,0.5,1,0.5241732142265039,1.048,no
spain,1,7,1.05,1.05,no
spain,1,1,1.07,1.07,no
spain,0.5,1,0.54,1.08,no
spain,1,7,1.09,1.09,no
spain,1,1,1.11,1.11,no
spain,1,1,1.12,1.12,no
spain,1,1,1.12,1.12,no
spain,1,1,1.13,1.13,no
spain,1,7,1.13,1.13,no
spain,1,1,1.14,1.14,no
spain,1,1,1.1422281981652171,1.142,no
spain,1,7,1.14457464,1.145,no
spain,0.5,1,0.58,1.16,no
spain,1,7,1.16,1.16,no
spain,1,1,1.17,1.17,no
spain,1,1,1.18,1.18,no
spain,1,7,1.19,1.19,no
spain,1,1,1.19,1.19,no
spain,1,1,1.19,1.19,no
spain,1,7,1.1946613545329534,1.195,no
spain,1,7,1.1946613545329534,1.195,no
spain,10,30,12,1.2,no
spain,0.5,1,0.6,1.2,no
spain,1,7,1.2,1.2,no
spain,1,3,1.2,1.2,no
spain,1,1,1.2,1.2,no
spain,1,10,1.2,1.2,no
spain,1,15,1.2,1.2,no
spain,0.5,1,0.6024080223200119,1.205,no
spain,1,1,1.21,1.21,no
spain,1,7,1.21,1.21,no
spain,1,1,1.21,1.21,no
spain,1,5,1.21,1.21,no
spain,1,5,1.21,1.21,no
spain,1,20,1.22,1.22,no
spain,1,7,1.24,1.24,no
spain,1,7,1.24,1.24,no
spain,1,1,1.24,1.24,no
spain,1,7,1.26,1.26,no
spain,1,1,1.26,1.26,no
spain,1,30,1.2601882400000002,1.26,no
spain,1,7,1.27,1.27,no
spain,1,7,1.2717496000000001,1.272,no
spain,1,5,1.2830508527335316,1.283,no
spain,1,1,1.29,1.29,no
spain,1,1,1.2908743335428825,1.291,no
spain,0.5,30,0.65,1.3,no
spain,1,3,1.3,1.3,no
spain,1,7,1.3,1.3,no
spain,1,7,1.3,1.3,no
spain,0.5,1,0.66,1.32,no
spain,0.5,3,0.66,1.32,no
spain,1,1,1.32,1.32,no
spain,1,7,1.33,1.33,no
spain,1,7,1.33,1.33,no
spain,1,7,1.33,1.33,no
spain,1,1,1.3378152183989873,1.338,no
spain,1,5,1.34,1.34,no
spain,1,7,1.3491997362601456,1.349,no
spain,1,1,1.35,1.35,no
spain,0.5,3,0.68,1.36,no
spain,1,7,1.36,1.36,no
spain,0.5,1,0.69,1.38,no
spain,1,5,1.39,1.39,no
spain,1,3,1.39,1.39,no
spain,1,7,1.39,1.39,no
spain,1,1,1.39,1.39,no
spain,0.5,5,0.7,1.4,no
spain,0.5,1,0.7,1.4,no
spain,1,7,1.4,1.4,no
spain,1,1,1.4,1.4,no
spain,1,7,1.4,1.4,no
spain,1,5,1.4,1.4,no
spain,1,30,1.4,1.4,no
spain,1,1,1.4,1.4,yes
spain,1,1,1.4,1.4,no
spain,1,1,1.4,1.4,no
spain,1,7,1.4,1.4,no
spain,0.49,1,0.69,1.408,yes
spain,1,30,1.4082265456831446,1.408,no
spain,1,1,1.41,1.41,no
spain,1,7,1.4107263127136034,1.411,no
spain,0.5,3,0.71,1.42,no
spain,1,1,1.42,1.42,no
spain,1,7,1.43,1.43,no
spain,0.5,7,0.72,1.44,no
spain,1,1,1.4395204689205479,1.44,no
spain,1,7,1.44,1.44,no
spain,1,1,1.44,1.44,no
spain,1,7,1.45,1.45,no
spain,1,7,1.45,1.45,no
spain,1,1,1.45,1.45,no
spain,1,1,1.45673136,1.457,no
spain,1,7,1.47,1.47,no
spain,1,1,1.47,1.47,no
spain,1,7,1.48,1.48,no
spain,1,1,1.49,1.49,no
spain,1,7,1.49,1.49,no
spain,1,7,1.49,1.49,no
spain,1,7,1.49,1.49,no
spain,1,1,1.49,1.49,yes
spain,1,1,1.49,1.49,yes
spain,1,7,1.49,1.49,no
spain,1,1,1.49,1.49,yes
spain,1,7,1.49,1.49,no
spain,1,1,1.49,1.49,yes
spain,1,1,1.49,1.49,no
spain,1,14,1.49,1.49,no
spain,1,1,1.5,1.5,no
spain,1,3,1.5,1.5,no
spain,1,1,1.5,1.5,no
spain,1,7,1.5,1.5,no
spain,1,1,1.5,1.5,yes
spain,1,7,1.5,1.5,no
spain,1,7,1.5029768000000001,1.503,no
spain,1,7,1.53,1.53,no
spain,1,3,1.54,1.54,no
spain,1,1,1.55,1.55,no
spain,1,7,1.55,1.55,no
spain,1,7,1.55,1.55,no
spain,1,10,1.55,1.55,no
spain,1,10,1.56,1.56,no
spain,1,1,1.56,1.56,no
spain,1,1,1.5723449600000003,1.572,no
spain,1,1,1.58,1.58,no
spain,0.5,1,0.8,1.6,no
spain,0.5,1,0.83,1.66,no
spain,0.5,1,0.84,1.68,no
spain,0.5,1,0.85,1.7,no
spain,0.5,1,0.8555406400000001,1.711,no
spain,0.5,1,0.86,1.72,no
spain,0.5,1,0.88,1.76,no
spain,0.5,1,0.92,1.84,no
spain,0.5,1,0.99,1.98,no
spain,0.5,1,0.99,1.98,yes
spain,0.5,1,0.99,1.98,no
spain,0.5,1,1.02,2.04,no
spain,0.49,1,1,2.041,no
spain,0.2,1,0.41,2.05,no
spain,0.3,1,0.6187396108392997,2.062,yes
spain,0.5,1,1.04,2.08,no
spain,0.2,1,0.42,2.1,no
spain,0.5,1,1.0766069228603816,2.153,yes
spain,0.5,1,1.08,2.16,no
spain,0.3,1,0.68,2.267,no
spain,0.2,1,0.46158536775169734,2.308,no
spain,0.2,1,0.46940884856104814,2.347,no
spain,0.5,1,1.2,2.4,no
spain,0.5,1,1.2023814400000001,2.405,no
spain,0.5,1,1.28,2.56,no
spain,0.3,1,0.7746111200000001,2.582,no
spain,0.5,3,1.2993531827625295,2.599,yes
spain,0.5,3,1.3299917375896364,2.66,no
spain,0.5,3,1.353462180017689,2.707,no
spain,0.3,1,0.82,2.733,no
spain,0.5,3,1.41,2.82,no
spain,0.5,3,1.41,2.82,no
spain,0.5,1,1.42,2.84,no
spain,0.5,3,1.4238735073018463,2.848,no
spain,0.5,1,1.44,2.88,no
spain,0.5,1,1.45,2.9,no
spain,0.5,3,1.47,2.94,no
spain,0.5,1,1.471768269229895,2.944,no
spain,0.5,1,1.48,2.96,no
spain,0.2,30,0.61,3.05,no
spain,0.5,3,1.53,3.06,no
spain,0.5,3,1.55,3.1,no
spain,0.5,3,1.5803431234888623,3.161,no
spain,0.3,1,0.99,3.3,no
spain,0.3,1,1.08,3.6,no
spain,0.3,1,1.1,3.667,no
spain,0.3,1,1.39,4.633,no
spain,0.3,1,1.49,4.967,yes
spain,0.1,1,0.53,5.3,no
spain,0.1,30,0.55,5.5,no
spain,0.1,1,0.63,6.3,no
spain,0.1,3,0.65,6.5,no
spain,0.1,5,0.67,6.7,no
spain,0.1,7,0.69,6.9,no
spain,0.1,1,1,10,no
spain,0.1,1,1,10,no
spain,0.1,1,1,10,no
thailand,50,7,7.49,0.15,yes
thailand,50,10,7.9,0.158,no
thailand,50,10,8.49,0.17,no
thailand,3,30,0.6243134400000001,0.208,no
thailand,50,10,10.76,0.215,no
thailand,50,10,12,0.24,no
thailand,5,1,1.22,0.244,no
thailand,5,1,1.23,0.246,no
thailand,3,1,0.76,0.253,no
thailand,3,5,0.76,0.253,no
thailand,3,7,0.76,0.253,no
thailand,3,15,0.76,0.253,no
thailand,3,10,0.76,0.253,no
thailand,3,12,0.76,0.253,no
thailand,3,14,0.76,0.253,no
thailand,3,30,0.81,0.27,no
thailand,2,30,0.54338392,0.272,no
thailand,4,1,1.22,0.305,no
thailand,3,1,0.98,0.327,no
thailand,3,7,1.06,0.353,no
thailand,2,15,0.76,0.38,no
thailand,2,1,0.77,0.385,no
thailand,2,30,0.81,0.405,no
thailand,3,15,1.2139428,0.405,no
thailand,4,30,1.6185904,0.405,no
thailand,3,1,1.306521295161584,0.436,no
thailand,3,15,1.335707738897544,0.445,no
thailand,3,1,1.42,0.473,no
thailand,3,1,1.44,0.48,no
thailand,3,1,1.5803431234888623,0.527,no
thailand,3,15,1.60702904,0.536,no
thailand,3,3,1.63,0.543,no
thailand,0.5,1,0.29,0.58,no
thailand,0.5,1,0.3,0.6,no
thailand,0.5,1,0.30511575156468135,0.61,no
thailand,2,1,1.2486268800000002,0.624,no
thailand,0.5,1,0.31293923237403215,0.626,no
thailand,2,1,1.2595804103054793,0.63,no
thailand,2,1,1.26,0.63,no
thailand,2,1,1.2601882400000002,0.63,no
thailand,2,1,1.275227371924181,0.638,no
thailand,2,1,1.3,0.65,no
thailand,2,1,1.37,0.685,no
thailand,2,1,1.37,0.685,no
thailand,2,1,1.3847561032550921,0.692,no
thailand,2,15,1.3873632,0.694,no
thailand,2,1,1.39,0.695,no
thailand,1,1,0.7,0.7,no
thailand,2,1,1.4104859200000002,0.705,no
thailand,2,1,1.46,0.73,yes
thailand,2,1,1.46,0.73,no
thailand,2,1,1.4682927200000002,0.734,no
thailand,1,1,0.74,0.74,no
thailand,1,1,0.75,0.75,no
thailand,1,1,0.75,0.75,no
thailand,2,1,1.5,0.75,no
thailand,1,3,0.7514884000000001,0.751,no
thailand,1,7,0.7514884000000001,0.751,no
thailand,2,1,1.51,0.755,no
thailand,1,3,0.76,0.76,no
thailand,1,5,0.76,0.76,no
thailand,1,7,0.76,0.76,no
thailand,2,3,1.53,0.765,no
thailand,1,3,0.77,0.77,no
thailand,1,1,0.7745246001257294,0.775,no
thailand,2,1,1.57,0.785,no
thailand,2,5,1.57,0.785,no
thailand,1,5,0.79,0.79,no
thailand,2,1,1.6,0.8,no
thailand,2,7,1.6,0.8,no
thailand,1,30,0.81,0.81,no
thailand,2,10,1.62,0.81,no
thailand,1,7,0.82,0.82,no
thailand,2,15,1.64,0.82,no
thailand,1,10,0.83,0.83,no
thailand,1,1,0.837112446600536,0.837,no
thailand,1,15,0.85,0.85,no
thailand,1,1,0.8527594082192376,0.853,no
thailand,1,1,0.8555406400000001,0.856,no
thailand,1,3,0.86,0.86,no
thailand,1,20,0.86,0.86,no
thailand,0.5,1,0.4302914445142942,0.861,no
thailand,1,30,0.87,0.87,no
thailand,0.5,1,0.44,0.88,no
thailand,1,3,0.88,0.88,no
thailand,1,1,0.9,0.9,yes
thailand,1.5,1,1.37,0.913,no
thailand,0.5,1,0.46158536775169734,0.923,no
thailand,0.5,1,0.46940884856104814,0.939,no
thailand,0.5,1,0.47,0.94,no
thailand,1,5,0.94,0.94,no
thailand,1,1,0.95,0.95,no
thailand,0.5,1,0.48,0.96,no
thailand,1,1,0.95959288,0.96,no
thailand,1,1,0.95959288,0.96,no
thailand,1,1,0.96,0.96,no
thailand,1,5,0.97,0.97,no
thailand,1,3,0.9779351011688504,0.978,no
thailand,1,1,0.98,0.98,no
thailand,1,1,0.9827156,0.983,no
thailand,1,3,0.9857585819782012,0.986,no
thailand,1,7,0.9899833773428797,0.99,no
thailand,1,1,0.99,0.99,no
thailand,0.5,7,0.5,1,no
thailand,1,7,1,1,no
thailand,1,1,1,1,no
thailand,1,1,1,1,no
thailand,1,7,1.01739968,1.017,no
thailand,1,7,1.02,1.02,no
thailand,1,1,1.02896104,1.029,no
thailand,1,7,1.03,1.03,no
thailand,1,5,1.0326994668343061,1.033,no
thailand,0.5,1,0.5202612000000001,1.041,no
thailand,0.5,1,0.5202612000000001,1.041,no
thailand,1,5,1.0483464284530077,1.048,no
thailand,1,7,1.05,1.05,no
thailand,1,7,1.0520837600000001,1.052,no
thailand,1,7,1.06,1.06,no
thailand,1,1,1.0639933900717093,1.064,no
thailand,1,10,1.09,1.09,no
thailand,1,3,1.09,1.09,no
thailand,1,7,1.09,1.09,no
thailand,1,7,1.0952873133091123,1.095,no
thailand,1,3,1.1,1.1,no
thailand,1,1,1.1,1.1,yes
thailand,1,3,1.1,1.1,no
thailand,1,7,1.110934274927814,1.111,no
thailand,0.5,1,0.56,1.12,no
thailand,1,10,1.12,1.12,no
thailand,1,3,1.1344047173558665,1.134,no
thailand,1,10,1.1344047173558665,1.134,no
thailand,0.5,7,0.5692404419721557,1.138,no
thailand,1,7,1.14457464,1.145,no
thailand,1,7,1.14457464,1.145,no
thailand,1,5,1.15,1.15,no
thailand,1,10,1.1578751597839188,1.158,no
thailand,1,1,1.16,1.16,no
thailand,1,5,1.16,1.16,no
thailand,1,5,1.1735221214026204,1.174,no
thailand,1,1,1.18,1.18,no
thailand,1,7,1.1946613545329534,1.195,no
thailand,0.5,7,0.6,1.2,no
thailand,1,5,1.2,1.2,no
thailand,1,15,1.2,1.2,no
thailand,1,7,1.2,1.2,no
thailand,1,1,1.2,1.2,yes
thailand,1,1,1.2,1.2,no
thailand,0.5,1,0.6024080223200119,1.205,no
thailand,1,7,1.21,1.21,no
thailand,1,1,1.21,1.21,no
thailand,1,7,1.2126395254493745,1.213,no
thailand,1,15,1.2126395254493745,1.213,no
thailand,1,1,1.2127296372450274,1.213,yes
thailand,1,1,1.2139428,1.214,no
thailand,1,7,1.22,1.22,no
thailand,1,15,1.228286487068076,1.228,no
thailand,1,15,1.24,1.24,no
thailand,0.5,1,0.6243134400000001,1.249,no
thailand,1,10,1.25,1.25,no
thailand,0.5,1,0.63,1.26,no
thailand,1,30,1.2595804103054793,1.26,no
thailand,1,30,1.26,1.26,no
thailand,1,10,1.27,1.27,no
thailand,1,30,1.275227371924181,1.275,no
thailand,1,7,1.2833109600000001,1.283,no
thailand,1,1,1.29,1.29,yes
thailand,1,1,1.2908743335428825,1.291,no
thailand,1,1,1.2908743335428825,1.291,no
thailand,1,1,1.2948723200000003,1.295,no
thailand,0.5,1,0.65,1.3,no
thailand,1,7,1.3,1.3,no
thailand,1,30,1.3,1.3,no
thailand,1,7,1.3,1.3,no
thailand,1,3,1.31,1.31,no
thailand,0.5,1,0.66,1.32,no
thailand,1,3,1.32,1.32,no
thailand,1,7,1.33,1.33,no
thailand,1,15,1.33,1.33,no
thailand,1,1,1.35,1.35,no
thailand,1,15,1.35,1.35,no
thailand,1,1,1.35,1.35,no
thailand,0.5,3,0.68,1.36,no
thailand,0.5,1,0.6806135719232298,1.361,yes
thailand,1,1,1.3612271438464596,1.361,yes
thailand,0.5,7,0.68212024,1.364,no
thailand,1,10,1.3691091416363905,1.369,no
thailand,1,30,1.37,1.37,no
thailand,1,7,1.38,1.38,no
thailand,1,7,1.39,1.39,no
thailand,1,30,1.39,1.39,no
thailand,0.5,5,0.7,1.4,no
thailand,0.5,1,0.7,1.4,no
thailand,0.5,7,0.7,1.4,no
thailand,1,10,1.4,1.4,no
thailand,1,7,1.4,1.4,no
thailand,1,1,1.41,1.41,no
thailand,1,1,1.41,1.41,no
thailand,0.5,1,0.71,1.42,no
thailand,1,7,1.42,1.42,no
thailand,1,1,1.43,1.43,no
thailand,1,3,1.43,1.43,no
thailand,1,1,1.43,1.43,no
thailand,0.5,7,0.72,1.44,no
thailand,1,1,1.44,1.44,no
thailand,1,15,1.4473439497298985,1.447,no
thailand,1,7,1.45,1.45,no
thailand,0.5,1,0.72836568,1.457,no
thailand,0.5,7,0.73,1.46,no
thailand,1,5,1.47,1.47,no
thailand,1,7,1.49,1.49,no
thailand,0.5,1,0.75,1.5,no
thailand,0.5,1,0.75,1.5,no
thailand,1,15,1.5,1.5,no
thailand,1,3,1.5,1.5,no
thailand,1,1,1.5,1.5,no
thailand,1,1,1.5,1.5,yes
thailand,1,1,1.5,1.5,no
thailand,1,1,1.5,1.5,yes
thailand,1,7,1.5,1.5,no
thailand,0.5,3,0.76,1.52,no
thailand,0.5,3,0.76,1.52,no
thailand,1,7,1.52,1.52,no
thailand,1,1,1.52,1.52,no
thailand,1,7,1.5468490270982493,1.547,no
thailand,1,3,1.57,1.57,no
thailand,1,1,1.58,1.58,no
thailand,0.5,30,0.8,1.6,no
thailand,1,30,1.6,1.6,no
thailand,1,1,1.6,1.6,no
thailand,0.5,1,0.8043614940910897,1.609,yes
thailand,0.49,1,0.79,1.612,yes
thailand,1,7,1.6185904,1.619,no
thailand,1,1,1.62,1.62,no
thailand,0.5,1,0.8136420041724836,1.627,no
thailand,0.5,1,0.8136420041724836,1.627,no
thailand,1,3,1.6272840083449671,1.627,no
thailand,1,1,1.63,1.63,no
thailand,0.5,1,0.85,1.7,no
thailand,0.5,1,0.8555406400000001,1.711,no
thailand,0.5,7,0.8555406400000001,1.711,no
thailand,0.5,1,0.88,1.76,no
thailand,0.5,1,0.9,1.8,yes
thailand,0.5,1,0.9,1.8,no
thailand,0.5,7,0.9461367445049325,1.892,no
thailand,0.5,1,0.9461367445049325,1.892,no
thailand,0.5,1,0.95959288,1.919,no
thailand,0.5,1,0.99,1.98,no
thailand,0.5,1,0.99,1.98,no
thailand,0.5,7,0.99,1.98,no
thailand,0.5,1,0.99,1.98,no
thailand,0.5,7,1,2,no
thailand,0.49,1,1.01,2.061,no
thailand,0.5,7,1.0405224000000002,2.081,no
thailand,0.5,1,1.15,2.3,no
thailand,0.2,1,0.46940884856104814,2.347,no
thailand,0.5,1,1.2,2.4,no
thailand,0.5,1,1.2,2.4,no
thailand,0.5,1,1.21,2.42,no
thailand,0.5,1,1.2127296372450274,2.425,yes
thailand,0.5,5,1.23,2.46,no
thailand,0.5,3,1.2595804103054793,2.519,no
thailand,0.5,3,1.26,2.52,no
thailand,0.5,1,1.26,2.52,yes
thailand,0.5,1,1.2601882400000002,2.52,no
thailand,0.5,3,1.275227371924181,2.55,no
thailand,0.5,1,1.3,2.6,no
thailand,0.5,3,1.3,2.6,no
thailand,0.5,3,1.31,2.62,no
thailand,0.5,1,1.34111776,2.682,no
thailand,0.5,1,1.35,2.7,no
thailand,0.5,3,1.37,2.74,no
thailand,0.5,1,1.39,2.78,no
thailand,0.5,1,1.43,2.86,no
thailand,0.5,1,1.45,2.9,no
thailand,0.5,3,1.4864613537766524,2.973,no
thailand,0.5,1,1.49,2.98,yes
thailand,0.5,1,1.49,2.98,yes
thailand,0.5,1,1.49,2.98,no
thailand,0.5,1,1.49,2.98,yes
thailand,0.5,1,1.5,3,yes
thailand,0.5,1,1.5,3,no
thailand,0.5,1,1.5,3,no
thailand,0.2,30,0.61,3.05,no
thailand,0.5,1,1.56,3.12,no
thailand,0.1,7,0.31215672000000005,3.122,no
thailand,0.5,1,1.58,3.16,no
thailand,0.5,3,1.5803431234888623,3.161,no
thailand,0.5,3,1.595990085107564,3.192,no
thailand,0.5,3,1.6,3.2,no
thailand,0.5,1,1.6,3.2,no
thailand,0.5,7,1.6,3.2,no
thailand,0.5,3,1.61,3.22,no
thailand,0.5,3,1.62,3.24,no
thailand,0.5,1,1.63,3.26,no
thailand,0.1,7,0.33411938985322187,3.341,no
thailand,0.1,7,0.4,4,no
thailand,0.3,2,1.29,4.3,no
thailand,0.1,7,0.5,5,no
thailand,0.2,1,1.01,5.05,no
thailand,0.1,1,0.53,5.3,no
thailand,0.1,7,0.54,5.4,no
thailand,0.1,30,0.55,5.5,no
thailand,0.1,1,0.63,6.3,no
thailand,0.1,3,0.65,6.5,no
thailand,0.1,5,0.67,6.7,no
thailand,0.1,7,0.69,6.9,no
thailand,0.1,7,0.85,8.5,no
thailand,0.1,7,0.8555406400000001,8.555,no
thailand,0.1,1,0.95,9.5,no
thailand,0.1,3,0.95,9.5,no
thailand,0.1,5,0.95,9.5,no
thailand,0.1,7,0.95,9.5,no
thailand,0.1,1,1,10,no
thailand,0.1,1,1,10,no
thailand,0.1,7,1.45,14.5,no
turkey,3,30,0.71680432,0.239,no
turkey,4,30,1.16769736,0.292,no
turkey,2,30,0.6243134400000001,0.312,no
turkey,3,30,0.96,0.32,no
turkey,3,15,0.96,0.32,no
turkey,3,1,0.96,0.32,no
turkey,3,12,0.96,0.32,no
turkey,3,20,0.96,0.32,no
turkey,3,25,0.96,0.32,no
turkey,3,14,0.96,0.32,no
turkey,3,21,0.96,0.32,no
turkey,3,1,1.2,0.4,no
turkey,3,3,1.2,0.4,no
turkey,3,5,1.2,0.4,no
turkey,3,7,1.2,0.4,no
turkey,3,10,1.2,0.4,no
turkey,3,20,1.22,0.407,no
turkey,3,1,1.2717496000000001,0.424,no
turkey,3,15,1.37580184,0.459,no
turkey,3,30,1.4,0.467,no
turkey,10,7,4.8,0.48,no
turkey,2,15,0.96,0.48,no
turkey,2,30,0.96,0.48,no
turkey,2,1,1.07520648,0.538,no
turkey,2,1,1.0766069228603816,0.538,yes
turkey,1,1,0.5692404419721557,0.569,yes
turkey,2,1,1.14,0.57,no
turkey,2,1,1.156136,0.578,no
turkey,2,15,1.1908200800000002,0.595,no
turkey,2,1,1.2,0.6,no
turkey,2,1,1.22,0.61,no
turkey,2,1,1.23,0.615,no
turkey,2,1,1.24,0.62,yes
turkey,2,1,1.25,0.625,no
turkey,1,1,0.63,0.63,no
turkey,2,1,1.27,0.635,yes
turkey,2,1,1.2908743335428825,0.645,no
turkey,1,7,0.65,0.65,no
turkey,2,1,1.3,0.65,no
turkey,1,7,0.6558639874896578,0.656,no
turkey,1,5,0.66,0.66,no
turkey,1,1,0.66,0.66,no
turkey,0.5,7,0.33411938985322187,0.668,no
turkey,0.5,1,0.33411938985322187,0.668,no
turkey,2,1,1.35,0.675,no
turkey,1,1,0.68,0.68,no
turkey,1,3,0.68,0.68,no
turkey,1,5,0.68,0.68,no
turkey,1,7,0.68,0.68,no
turkey,2,1,1.37,0.685,no
turkey,1,1,0.69,0.69,no
turkey,1,7,0.69,0.69,no
turkey,2,1,1.41,0.705,no
turkey,25,30,17.99,0.72,no
turkey,1,1,0.75,0.75,no
turkey,1,1,0.75,0.75,no
turkey,1,3,0.7514884000000001,0.751,no
turkey,1,1,0.76,0.76,yes
turkey,1.5,1,1.14,0.76,no
turkey,0.5,1,0.3833505596581893,0.767,no
turkey,1,3,0.77,0.77,no
turkey,20,30,15.55,0.778,no
turkey,0.5,1,0.39,0.78,no
turkey,1,5,0.79,0.79,no
turkey,1,7,0.79,0.79,no
turkey,1,7,0.79773384,0.798,no
turkey,1,7,0.8,0.8,no
turkey,1,1,0.8,0.8,no
turkey,1,1,0.8,0.8,yes
turkey,0.5,1,0.4083681431539378,0.817,yes
turkey,1,7,0.82,0.82,no
turkey,0.8,1,0.66,0.825,no
turkey,1,10,0.83,0.83,no
turkey,1,7,0.84,0.84,no
turkey,1,15,0.85,0.85,no
turkey,1,7,0.85,0.85,no
turkey,1,20,0.86,0.86,no
turkey,1,30,0.87,0.87,no
turkey,1,7,0.9,0.9,no
turkey,1,7,0.9,0.9,no
turkey,1,1,0.91,0.91,no
turkey,1,1,0.91,0.91,no
turkey,1,30,0.91,0.91,no
turkey,0.5,1,0.46158536775169734,0.923,no
turkey,0.5,1,0.47,0.94,no
turkey,1,1,0.95,0.95,no
turkey,1,1,0.96,0.96,no
turkey,1,5,0.96,0.96,no
turkey,1,10,0.96,0.96,no
turkey,1,15,0.96,0.96,no
turkey,1,20,0.96,0.96,no
turkey,1,30,0.96,0.96,no
turkey,15,7,14.5,0.967,no
turkey,1,3,0.98,0.98,no
turkey,1,7,0.99,0.99,no
turkey,1,3,0.99,0.99,no
turkey,1,1,0.99,0.99,no
turkey,1,1,0.99,0.99,yes
turkey,0.5,1,0.5,1,no
turkey,0.5,1,0.5,1,no
turkey,0.5,7,0.5,1,no
turkey,1,1,1,1,no
turkey,1,1,1,1,no
turkey,1,3,1,1,no
turkey,1,1,1,1,yes
turkey,1,1,1,1,yes
turkey,1,1,1,1,no
turkey,1,1,1.0170525052156045,1.017,no
turkey,0.5,1,0.51,1.02,no
turkey,1,1,1.02,1.02,no
turkey,1,1,1.03,1.03,no
turkey,0.5,1,0.5241732142265039,1.048,no
turkey,1,2,1.05,1.05,no
turkey,0.5,1,0.53,1.06,no
turkey,0.5,1,0.53,1.06,no
turkey,1,1,1.06,1.06,no
turkey,15,30,16,1.067,no
turkey,1,1,1.07520648,1.075,no
turkey,1,7,1.07520648,1.075,no
turkey,0.5,1,0.54,1.08,no
turkey,0.5,7,0.54,1.08,no
turkey,0.5,1,0.54,1.08,no
turkey,1,5,1.08,1.08,no
turkey,1,7,1.09,1.09,no
turkey,1,0,1.09,1.09,no
turkey,1,7,1.1,1.1,no
turkey,1,7,1.1,1.1,no
turkey,1,1,1.11,1.11,no
turkey,1,1,1.13,1.13,no
turkey,0.5,7,0.5665066400000001,1.133,no
turkey,1,7,1.14457464,1.145,no
turkey,1,7,1.14457464,1.145,no
turkey,1,7,1.15,1.15,no
turkey,1,1,1.15,1.15,no
turkey,0.5,1,0.578068,1.156,no
turkey,0.5,1,0.578068,1.156,no
turkey,1,1,1.156136,1.156,no
turkey,0.49,1,0.57,1.163,yes
turkey,1,1,1.18,1.18,no
turkey,0.5,7,0.5937961762175626,1.188,no
turkey,1,7,1.19,1.19,no
turkey,1,14,1.19,1.19,no
turkey,1,1,1.19,1.19,no
turkey,1,7,1.1946613545329534,1.195,no
turkey,0.5,1,0.6,1.2,no
turkey,1,3,1.2,1.2,no
turkey,1,10,1.2,1.2,no
turkey,1,15,1.2,1.2,no
turkey,1,7,1.2,1.2,no
turkey,1,1,1.2,1.2,no
turkey,0.5,1,0.6024080223200119,1.205,no
turkey,1,1,1.21,1.21,no
turkey,1,7,1.21,1.21,no
turkey,1,5,1.21,1.21,no
turkey,1,20,1.22,1.22,no
turkey,0.5,1,0.62,1.24,no
turkey,1,3,1.24,1.24,no
turkey,1,7,1.24,1.24,no
turkey,1,3,1.2439334486867777,1.244,no
turkey,1,7,1.2439334486867777,1.244,no
turkey,1,7,1.25,1.25,no
turkey,1,7,1.2717496000000001,1.272,no
turkey,1,7,1.2717496000000001,1.272,no
turkey,1,1,1.29,1.29,no
turkey,1,20,1.29,1.29,no
turkey,1,1,1.2908743335428825,1.291,no
turkey,0.5,7,0.65,1.3,no
turkey,1,7,1.3,1.3,no
turkey,1,1,1.31,1.31,no
turkey,1,1,1.31,1.31,no
turkey,1,5,1.3143447759709348,1.314,no
turkey,1,2,1.3143447759709348,1.314,no
turkey,0.5,7,0.65899752,1.318,no
turkey,0.5,1,0.66,1.32,no
turkey,0.5,3,0.66,1.32,no
turkey,1,7,1.33,1.33,no
turkey,1,7,1.33,1.33,no
turkey,1,1,1.3378152183989873,1.338,no
turkey,1,7,1.34,1.34,no
turkey,1,7,1.3491997362601456,1.349,no
turkey,1,5,1.35,1.35,no
turkey,0.5,3,0.68,1.36,no
turkey,0.5,3,0.68,1.36,no
turkey,0.5,5,0.68,1.36,no
turkey,0.5,7,0.68,1.36,no
turkey,1,3,1.36,1.36,no
turkey,1,7,1.36,1.36,no
turkey,1,1,1.36,1.36,no
turkey,1,7,1.37,1.37,no
turkey,0.5,1,0.69,1.38,no
turkey,1,3,1.39,1.39,no
turkey,1,1,1.39,1.39,no
turkey,1,30,1.39,1.39,no
turkey,1,10,1.39,1.39,no
turkey,1,15,1.39,1.39,no
turkey,1,20,1.39,1.39,no
turkey,1,30,1.39,1.39,no
turkey,0.5,5,0.7,1.4,no
turkey,0.5,1,0.7,1.4,no
turkey,0.5,1,0.7,1.4,no
turkey,1,1,1.4,1.4,yes
turkey,1,30,1.4,1.4,no
turkey,1,1,1.4,1.4,yes
turkey,1,10,1.4082265456831446,1.408,no
turkey,1,7,1.41,1.41,no
turkey,0.5,1,0.7119367536509231,1.424,no
turkey,0.5,7,0.72,1.44,no
turkey,0.5,2,0.75,1.5,no
turkey,0.5,5,0.8,1.6,no
turkey,0.5,1,0.82,1.64,no
turkey,0.5,30,0.85,1.7,no
turkey,0.5,1,0.85,1.7,no
turkey,0.5,7,0.85,1.7,no
turkey,0.5,1,0.87,1.74,no
turkey,0.5,1,0.88,1.76,no
turkey,0.5,1,0.92,1.84,no
turkey,0.5,7,0.9461367445049325,1.892,no
turkey,0.5,1,0.9461367445049325,1.892,no
turkey,0.5,1,0.99,1.98,no
turkey,0.5,7,0.99,1.98,no
turkey,0.5,1,0.99,1.98,yes
turkey,0.5,1,0.99,1.98,no
turkey,0.5,1,1.02,2.04,no
turkey,0.2,1,0.41,2.05,no
turkey,0.3,1,0.6187396108392997,2.062,yes
turkey,0.5,1,1.04,2.08,no
turkey,0.2,1,0.42,2.1,no
turkey,0.5,1,1.07181687088106,2.144,no
turkey,0.5,7,1.07520648,2.15,no
turkey,0.5,1,1.07520648,2.15,no
turkey,0.5,1,1.0766069228603816,2.153,yes
turkey,0.5,1,1.08,2.16,no
turkey,0.3,1,0.68,2.267,no
turkey,0.2,1,0.46158536775169734,2.308,no
turkey,0.2,1,0.46940884856104814,2.347,no
turkey,0.5,1,1.2,2.4,no
turkey,0.5,1,1.2023814400000001,2.405,no
turkey,0.5,1,1.21,2.42,no
turkey,0.5,3,1.2127296372450274,2.425,yes
turkey,0.5,1,1.26,2.52,no
turkey,0.5,3,1.275227371924181,2.55,no
turkey,0.3,1,0.7746111200000001,2.582,no
turkey,0.5,1,1.3,2.6,no
turkey,0.5,1,1.31,2.62,no
turkey,0.5,3,1.32,2.64,no
turkey,0.5,5,1.32,2.64,no
turkey,0.5,7,1.33,2.66,no
turkey,0.5,3,1.34,2.68,no
turkey,0.5,5,1.34,2.68,no
turkey,0.5,7,1.35,2.7,no
turkey,0.5,1,1.36,2.72,no
turkey,0.3,1,0.82,2.733,no
turkey,0.5,1,1.38,2.76,no
turkey,0.5,3,1.39,2.78,no
turkey,0.5,10,1.39,2.78,no
turkey,0.5,15,1.39,2.78,no
turkey,0.5,20,1.39,2.78,no
turkey,0.5,30,1.39,2.78,no
turkey,0.5,10,1.39,2.78,no
turkey,0.5,15,1.39,2.78,no
turkey,0.5,20,1.39,2.78,no
turkey,0.5,30,1.39,2.78,no
turkey,0.5,10,1.39,2.78,no
turkey,0.5,15,1.39,2.78,no
turkey,0.5,20,1.39,2.78,no
turkey,0.5,30,1.39,2.78,no
turkey,0.1,7,0.31215672000000005,3.122,no
turkey,0.3,1,0.99,3.3,no
turkey,0.1,7,0.33411938985322187,3.341,no
turkey,0.2,30,0.7,3.5,no
turkey,0.3,1,1.08,3.6,no
turkey,0.3,1,1.1,3.667,no
turkey,0.1,7,0.4,4,no
turkey,0.3,1,1.39,4.633,no
turkey,0.1,7,0.5,5,no
turkey,0.1,1,0.53,5.3,no
turkey,0.1,7,0.54,5.4,no
turkey,0.1,30,0.55,5.5,no
turkey,0.1,1,0.63,6.3,no
turkey,0.1,3,0.65,6.5,no
turkey,0.1,5,0.67,6.7,no
turkey,0.1,3,0.68,6.8,no
turkey,0.1,5,0.68,6.8,no
turkey,0.1,7,0.68,6.8,no
turkey,0.1,7,0.69,6.9,no
turkey,0.1,1,0.83,8.3,no
turkey,0.1,7,0.85,8.5,no
turkey,0.1,1,0.89,8.9,no
turkey,0.1,1,0.95,9.5,no
turkey,0.1,3,0.95,9.5,no
turkey,0.1,5,0.95,9.5,no
turkey,0.1,7,0.95,9.5,no
turkey,0.1,1,1,10,no
turkey,0.1,1,1,10,no
turkey,0.1,1,1,10,no
turkey,0.1,7,1.07520648,10.752,no
turkey,0.1,3,1.22,12.2,no
turkey,0.1,5,1.22,12.2,no
turkey,0.1,7,1.22,12.2,no
turkey,0.1,3,1.22,12.2,no
turkey,0.1,5,1.22,12.2,no
turkey,0.1,7,1.22,12.2,no
turkey,0.1,1,1.23,12.3,no
turkey,0.1,1,1.23,12.3,no
turkey,0.1,1,1.23,12.3,no
turkey,0.1,10,1.39,13.9,no
turkey,0.1,15,1.39,13.9,no
turkey,0.1,20,1.39,13.9,no
turkey,0.1,30,1.39,13.9,no
turkey,0.1,10,1.39,13.9,no
turkey,0.1,15,1.39,13.9,no
turkey,0.1,20,1.39,13.9,no
turkey,0.1,30,1.39,13.9,no
turkey,0.1,10,1.39,13.9,no
turkey,0.1,15,1.39,13.9,no
turkey,0.1,20,1.39,13.9,no
turkey,0.1,30,1.39,13.9,no
uae,5,1,2.93,0.586,no
uae,5,1,2.94,0.588,no
uae,4,1,2.93,0.733,no
uae,3,1,2.51,0.837,no
uae,3,1,2.52,0.84,no
uae,1,1,0.92,0.92,no
uae,1,1,0.93,0.93,no
uae,3,1,2.9365854400000004,0.979,no
uae,2,1,1.9654312,0.983,no
uae,2,1,2.03,1.015,no
uae,12,30,12.99,1.083,no
uae,2,1,2.2660265600000002,1.133,no
uae,3,15,3.54,1.18,no
uae,3,9,3.54,1.18,no
uae,3,10,3.54,1.18,no
uae,3,12,3.54,1.18,no
uae,3,14,3.54,1.18,no
uae,3,15,3.5608988800000003,1.187,no
uae,1,1,1.19,1.19,no
uae,3,1,3.57,1.19,no
uae,1,1,1.2139428,1.214,no
uae,0.5,1,0.63,1.26,no
uae,0.5,1,0.63,1.26,no
uae,0.5,1,0.64,1.28,no
uae,1,1,1.2948723200000003,1.295,no
uae,15,30,19.63,1.309,no
uae,1,1,1.33,1.33,no
uae,2,1,2.66,1.33,no
uae,2,3,2.7,1.35,no
uae,1,3,1.36,1.36,no
uae,1,5,1.37,1.37,no
uae,1,7,1.37,1.37,no
uae,2,5,2.74,1.37,no
uae,2,1,2.74,1.37,yes
uae,1,5,1.38,1.38,no
uae,1,7,1.3873632,1.387,no
uae,2,7,2.78,1.39,no
uae,2,10,2.79,1.395,no
uae,0.5,1,0.7,1.4,no
uae,2,10,2.8,1.4,no
uae,1,7,1.41,1.41,no
uae,0.5,1,0.71,1.42,no
uae,1,10,1.42,1.42,no
uae,2,15,2.84,1.42,no
uae,2,12,2.84,1.42,no
uae,2,14,2.84,1.42,no
uae,2,15,2.85,1.425,no
uae,1,10,1.43,1.43,no
uae,2,20,2.86,1.43,no
uae,2,20,2.87,1.435,no
uae,0.5,3,0.72,1.44,no
uae,1,15,1.44,1.44,no
uae,2,30,2.88,1.44,no
uae,2,21,2.88,1.44,no
uae,2,30,2.89,1.445,no
uae,1,15,1.45,1.45,no
uae,0.5,3,0.73,1.46,no
uae,1,20,1.46,1.46,no
uae,1,20,1.47,1.47,no
uae,1,30,1.47,1.47,no
uae,1,30,1.48,1.48,no
uae,0.5,5,0.75,1.5,no
uae,2,1,3,1.5,no
uae,0.5,1,0.7588776385070278,1.518,no
uae,0.5,5,0.76,1.52,no
uae,2,1,3.05,1.525,no
uae,0.5,7,0.77,1.54,no
uae,0.5,7,0.77,1.54,no
uae,0.5,7,0.78,1.56,no
uae,1,1,1.63,1.63,no
uae,1,7,1.63,1.63,no
uae,2,1,3.27,1.635,no
uae,1,7,1.6417131200000001,1.642,no
uae,0.75,7,1.2370655200000003,1.649,no
uae,1,7,1.69,1.69,no
uae,10,30,17,1.7,no
uae,2,1,3.45,1.725,yes
uae,2,1,3.45,1.725,yes
uae,2,1,3.45,1.725,yes
uae,0.5,1,0.87,1.74,no
uae,0.5,1,0.87,1.74,no
uae,2,1,3.49,1.745,yes
uae,0.5,1,0.88,1.76,no
uae,2,10,3.54,1.77,no
uae,2,1,3.575330729873317,1.788,no
uae,1,5,1.79,1.79,no
uae,20,30,35.99,1.8,no
uae,1,7,1.8,1.8,no
uae,10,30,18.5,1.85,no
uae,1,7,1.89,1.89,no
uae,1,3,1.95386984,1.954,no
uae,1,7,1.99,1.99,no
uae,1,1,1.9949876063844547,1.995,no
uae,1,1,2,2,no
uae,1,7,2,2,no
uae,0.5,7,1.01739968,2.035,no
uae,0.5,1,1.01739968,2.035,no
uae,1,1,2.04,2.04,no
uae,1,1,2.04636072,2.046,no
uae,0.5,1,1.07181687088106,2.144,no
uae,1,1,2.19,2.19,yes
uae,1,1,2.29,2.29,no
uae,1,7,2.29,2.29,no
uae,1,1,2.3,2.3,yes
uae,1,7,2.30071064,2.301,no
uae,1,1,2.35,2.35,no
uae,1,1,2.36,2.36,no
uae,0.3,3,0.72,2.4,no
uae,1,1,2.44,2.44,no
uae,1,5,2.45,2.45,no
uae,1,1,2.45,2.45,no
uae,1,3,2.464396454945503,2.464,no
uae,1,3,2.49,2.49,no
uae,1,7,2.49,2.49,no
uae,1,7,2.49,2.49,no
uae,1,1,2.5,2.5,no
uae,1,1,2.5,2.5,no
uae,1,7,2.5,2.5,no
uae,1,7,2.54,2.54,no
uae,1,7,2.55,2.55,no
uae,1,1,2.55,2.55,no
uae,0.5,1,1.2833109600000001,2.567,no
uae,1,3,2.5739251862764143,2.574,no
uae,1,7,2.58,2.58,no
uae,1,7,2.6,2.6,no
uae,1,7,2.6,2.6,no
uae,1,7,2.65,2.65,no
uae,1,7,2.66,2.66,no
uae,1,7,2.69,2.69,no
uae,1,5,2.699100879226027,2.699,no
uae,1,1,2.7,2.7,yes
uae,1,5,2.72,2.72,no
uae,1,1,2.72,2.72,no
uae,1,3,2.75,2.75,no
uae,1,7,2.75,2.75,no
uae,1,1,2.75,2.75,no
uae,1,5,2.8164530913662893,2.816,no
uae,0.5,10,1.42,2.84,no
uae,1,1,2.85,2.85,no
uae,0.5,15,1.44,2.88,no
uae,1,7,2.89,2.89,no
uae,1,7,2.89034,2.89,no
uae,1,7,2.9181583418878496,2.918,no
uae,0.5,20,1.46,2.92,no
uae,1,7,2.92,2.92,no
uae,1,7,2.9365854400000004,2.937,no
uae,0.5,30,1.47,2.94,no
uae,1,0,2.95,2.95,no
uae,1,1,2.95,2.95,no
uae,1,7,2.95,2.95,no
uae,1,7,2.96,2.96,no
uae,1,7,2.99,2.99,no
uae,1,7,2.99,2.99,no
uae,1,1,2.99,2.99,no
uae,1,7,2.99,2.99,no
uae,1,1,2.99,2.99,yes
uae,1,1,2.99,2.99,no
uae,1,7,2.997256889479126,2.997,no
uae,1,7,3,3,no
uae,1,7,3,3,no
uae,1,3,3,3,no
uae,1,3,3,3,no
uae,1,3,3,3,no
uae,1,30,3,3,no
uae,1,5,3.01,3.01,no
uae,1,7,3.01,3.01,no
uae,1,7,3.03,3.03,no
uae,1,1,3.04,3.04,no
uae,1,7,3.0761753986731315,3.076,no
uae,1,7,3.1,3.1,no
uae,1,10,3.105921881312269,3.106,no
uae,1,1,3.12,3.12,no
uae,1,10,3.13,3.13,no
uae,1,1,3.15,3.15,no
uae,1,7,3.18,3.18,no
uae,1,1,3.19,3.19,no
uae,1,1,3.2,3.2,no
uae,1,7,3.2,3.2,no
uae,1,7,3.2,3.2,no
uae,1,7,3.2298207685811446,3.23,no
uae,1,7,3.238079367024349,3.238,no
uae,1,7,3.24,3.24,no
uae,1,7,3.24,3.24,no
uae,0.49,1,1.59,3.245,yes
uae,1,7,3.25,3.25,no
uae,1,1,3.25,3.25,no
uae,1,1,3.29,3.29,no
uae,1,1,3.293685420736688,3.294,no
uae,0.5,1,1.65,3.3,no
uae,1,7,3.3,3.3,no
uae,1,3,3.3,3.3,no
uae,1,1,3.3,3.3,no
uae,1,15,3.301508901546039,3.302,no
uae,1,7,3.3055393538373568,3.306,no
uae,1,15,3.33,3.33,no
uae,1,10,3.3406263055927927,3.341,no
uae,1,7,3.35,3.35,no
uae,1,7,3.3527944,3.353,no
uae,1,1,3.3527944,3.353,yes
uae,1,7,3.36,3.36,no
uae,0.5,1,1.71,3.42,no
uae,1,1,3.42,3.42,no
uae,1,1,3.45,3.45,yes
uae,1,30,3.45,3.45,no
uae,1,30,3.45,3.45,no
uae,1,7,3.4568466400000006,3.457,no
uae,1,7,3.48,3.48,no
uae,1,7,3.49,3.49,no
uae,1,7,3.49,3.49,no
uae,1,1,3.49,3.49,no
uae,1,7,3.49,3.49,no
uae,1,1,3.49,3.49,yes
uae,1,7,3.49,3.49,no
uae,1,7,3.5,3.5,no
uae,1,7,3.5,3.5,no
uae,1,7,3.5,3.5,no
uae,1,7,3.5,3.5,no
uae,1,7,3.5,3.5,no
uae,1,7,3.5,3.5,no
uae,1,3,3.5,3.5,no
uae,1,7,3.51,3.51,no
uae,1,1,3.52,3.52,no
uae,1,7,3.5262148,3.526,no
uae,0.5,7,1.9,3.8,no
uae,0.1,7,0.38152488000000007,3.815,no
uae,0.5,7,1.99,3.98,no
uae,0.5,1,1.99,3.98,no
uae,0.5,7,1.99,3.98,no
uae,0.1,7,0.4,4,no
uae,0.5,1,2,4,no
uae,0.5,7,2,4,no
uae,0.5,1,2,4,no
uae,0.5,3,2.03,4.06,no
uae,0.5,1,2.05,4.1,no
uae,0.5,7,2.06,4.12,no
uae,0.5,1,2.06,4.12,no
uae,0.49,1,2.02,4.122,no
uae,0.5,7,2.1,4.2,no
uae,0.5,1,2.1,4.2,no
uae,0.5,7,2.18509704,4.37,no
uae,0.5,1,2.4254592744900547,4.851,yes
uae,0.1,1,0.5202612000000001,4.955,no
uae,0.5,1,2.48,4.96,no
uae,0.5,1,2.49,4.98,yes
uae,0.1,1,0.5,5,no
uae,0.1,7,0.5,5,no
uae,0.49,7,2.49,5.082,no
uae,0.5,7,2.56,5.12,no
uae,0.5,1,2.56,5.12,no
uae,0.5,1,2.63,5.26,no
uae,0.1,1,0.53,5.3,no
uae,0.1,7,0.54,5.4,no
uae,0.5,1,2.7,5.4,yes
uae,0.5,1,2.7,5.4,no
uae,0.1,3,0.55,5.5,no
uae,0.5,7,2.76,5.52,no
uae,0.5,1,2.76,5.52,yes
uae,0.5,7,2.8,5.6,no
uae,0.5,1,2.8,5.6,no
uae,0.5,1,2.9,5.8,no
uae,0.3,3,1.79,5.967,no
uae,0.5,1,2.99,5.98,yes
uae,0.5,7,2.99,5.98,no
uae,0.5,1,2.99,5.98,yes
uae,0.5,1,2.99,5.98,no
uae,0.1,30,0.6,6,no
uae,0.5,7,3,6,no
uae,0.49,1,2.99,6.102,yes
uae,0.49,1,3.01,6.143,no
uae,0.5,1,3.1,6.2,no
uae,0.5,1,3.1,6.2,no
uae,0.5,3,3.1293923237403214,6.259,no
uae,0.1,1,0.63,6.3,no
uae,0.5,1,3.16,6.32,no
uae,0.5,7,3.2,6.4,no
uae,0.1,3,0.65,6.5,no
uae,0.1,90,0.65,6.5,no
uae,0.3,3,1.97,6.567,no
uae,0.5,1,3.29,6.58,no
uae,0.5,7,3.3,6.6,no
uae,0.5,1,3.3,6.6,no
uae,0.5,3,3.3,6.6,no
uae,0.3,3,1.99,6.633,no
uae,0.1,5,0.67,6.7,no
uae,0.5,5,3.36,6.72,no
uae,0.5,7,3.49,6.98,no
uae,0.5,1,3.49,6.98,yes
uae,0.1,7,0.7,7,no
uae,0.2,30,1.47,7.35,no
uae,0.3,2,2.29,7.633,no
uae,0.1,7,0.85,8.5,no
uae,0.1,7,0.8555406400000001,8.555,no
uae,0.1,1,0.95,9.5,no
uae,0.1,3,0.95,9.5,no
uae,0.1,5,0.95,9.5,no
uae,0.1,7,0.95,9.5,no
uae,0.2,30,1.96,9.8,no
uae,0.2,30,1.97,9.85,no
uae,0.1,1,1,10,no
uae,0.1,1,1,10,no
uae,0.2,30,2.3,11.5,no
uae,0.3,2,3.49,11.633,no
uae,0.1,7,1.471768269229895,14.718,no
uae,0.2,30,2.99,14.95,no
uae,0.1,7,1.5,15,no
uae,0.1,7,1.71,17.1,no
uae,0.1,7,1.84,18.4,no
uae,0.1,7,1.9,19,no
uae,0.1,7,2,20,no
uae,0.1,0,2,20,no
uae,0.1,1,2,20,no
uae,0.1,0,2,20,no
uae,0.1,0,2,20,no
uae,0.1,7,2.1966584,21.536,no
uae,0.1,7,2.99,29.9,no
uae,0.1,7,2.99,29.9,no
uae,0.1,7,2.99,29.9,no
uae,0.1,0,3,30,no
uae,0.1,0,3,30,no
uae,0.1,7,3.49,34.9,no
uk,3,30,0.6243134400000001,0.208,no
uk,5,1,1.45,0.29,no
uk,5,1,1.4682927200000002,0.294,no
uk,3,3,0.91,0.303,no
uk,3,1,0.91,0.303,no
uk,3,5,0.91,0.303,no
uk,3,30,0.96,0.32,no
uk,3,15,0.96,0.32,no
uk,3,7,0.96,0.32,no
uk,3,10,0.96,0.32,no
uk,3,20,0.96,0.32,no
uk,40,30,13,0.325,no
uk,4,1,1.45,0.362,no
uk,3,15,1.2,0.4,no
uk,3,1,1.2,0.4,no
uk,3,3,1.2,0.4,no
uk,3,5,1.2,0.4,no
uk,3,7,1.2,0.4,no
uk,3,10,1.2,0.4,no
uk,3,15,1.2139428,0.405,no
uk,3,1,1.2139428,0.405,no
uk,3,15,1.2139428,0.405,no
uk,3,30,1.22,0.407,no
uk,3,20,1.22,0.407,no
uk,3,30,1.2370655200000003,0.412,no
uk,3,30,1.2833109600000001,0.428,no
uk,3,15,1.30643368,0.435,no
uk,3,1,1.31799504,0.439,no
uk,3,1,1.3526791200000001,0.451,no
uk,2,15,0.96,0.48,no
uk,2,30,0.96,0.48,no
uk,30,30,14.9,0.497,yes
uk,2,15,1.0520837600000001,0.526,no
uk,2,15,1.0520837600000001,0.526,no
uk,2,30,1.07520648,0.538,no
uk,2,1,1.10989056,0.555,no
uk,2,30,1.10989056,0.555,no
uk,2,15,1.1330132800000001,0.567,no
uk,2,1,1.14,0.57,no
uk,2,1,1.156136,0.578,no
uk,2,1,1.1908200800000002,0.595,no
uk,2,15,1.2,0.6,no
uk,2,1,1.2023814400000001,0.601,no
uk,2,1,1.24,0.62,yes
uk,2,1,1.25,0.625,no
uk,1,3,0.66,0.66,no
uk,1,7,0.66,0.66,no
uk,1,5,0.66,0.66,no
uk,1,1,0.66,0.66,no
uk,0.5,7,0.33411938985322187,0.668,no
uk,1,7,0.67055888,0.671,no
uk,10,7,6.8,0.68,no
uk,2,1,1.3612271438464596,0.681,yes
uk,1,7,0.68212024,0.682,no
uk,1,1,0.69,0.69,no
uk,1,7,0.69,0.69,no
uk,1,1,0.6936816,0.694,no
uk,2,1,1.43,0.715,no
uk,2,1,1.431696988111197,0.716,no
uk,2,1,1.4551674305392495,0.728,no
uk,2,1,1.4551674305392495,0.728,no
uk,1,1,0.7301127407903737,0.73,yes
uk,1,1,0.7399270400000001,0.74,no
uk,1,1,0.75,0.75,no
uk,1,1,0.7514884000000001,0.751,no
uk,1,7,0.7514884000000001,0.751,no
uk,1.5,1,1.14,0.76,no
uk,0.5,1,0.3833505596581893,0.767,no
uk,1,3,0.77,0.77,no
uk,0.5,1,0.3911740404675402,0.782,no
uk,1,5,0.79,0.79,no
uk,0.5,1,0.4,0.8,no
uk,0.75,7,0.6011907200000001,0.802,no
uk,1,7,0.8043614940910897,0.804,no
uk,1,1,0.81,0.81,no
uk,0.75,7,0.61275208,0.817,no
uk,1,7,0.82,0.82,no
uk,0.8,1,0.66,0.825,no
uk,0.5,1,0.4146444828955926,0.829,no
uk,1,10,0.83,0.83,no
uk,0.5,1,0.42,0.84,no
uk,0.5,1,0.4207429353707238,0.841,yes
uk,1,15,0.85,0.85,no
uk,1,1,0.8555406400000001,0.856,no
uk,1,20,0.86,0.86,no
uk,1,30,0.87,0.87,no
uk,1,7,0.8786102473918056,0.879,no
uk,1,7,0.8909850396085915,0.891,no
uk,10,7,9,0.9,no
uk,1,1,0.9,0.9,yes
uk,1,3,0.91,0.91,no
uk,1,5,0.91,0.91,no
uk,1,7,0.9133474400000001,0.913,no
uk,0.5,1,0.46158536775169734,0.923,no
uk,1,1,0.9281094162589496,0.928,yes
uk,0.5,1,0.47,0.94,no
uk,1,1,0.9404842084757357,0.94,yes
uk,1,1,0.95,0.95,no
uk,1,7,0.95,0.95,no
uk,1,1,0.95,0.95,no
uk,1,7,0.96,0.96,no
uk,1,10,0.96,0.96,no
uk,1,15,0.96,0.96,no
uk,1,20,0.96,0.96,no
uk,1,30,0.96,0.96,no
uk,1,1,0.98,0.98,no
uk,1,7,0.99,0.99,no
uk,1,7,0.99,0.99,no
uk,1,1,0.99,0.99,yes
uk,0.5,1,0.5,1,no
uk,0.5,7,0.5,1,no
uk,1,1,1,1,no
uk,1,1,1,1,no
uk,1,3,1,1,no
uk,1,1,1,1,yes
uk,1,1,1,1,yes
uk,1,1,1,1,yes
uk,1,1,1.0014055435969027,1.001,no
uk,1,1,1.0170525052156045,1.017,no
uk,1,1,1.02,1.02,no
uk,1,3,1.02896104,1.029,no
uk,1,7,1.04,1.04,no
uk,0.5,1,0.5202612000000001,1.041,no
uk,0.5,1,0.5202612000000001,1.041,no
uk,0.5,1,0.5241732142265039,1.048,no
uk,1,7,1.05,1.05,no
uk,1,1,1.07,1.07,no
uk,0.5,1,0.54,1.08,no
uk,1,1,1.11,1.11,no
uk,0.5,7,0.56,1.12,no
uk,1,1,1.12,1.12,no
uk,1,1,1.12,1.12,no
uk,1,1,1.13,1.13,no
uk,1,7,1.13,1.13,no
uk,15,30,17,1.133,no
uk,0.5,7,0.5665066400000001,1.133,no
uk,1,1,1.14,1.14,no
uk,1,1,1.1422281981652171,1.142,no
uk,1,7,1.14457464,1.145,no
uk,0.5,1,0.58,1.16,no
uk,1,7,1.16,1.16,no
uk,1,1,1.17,1.17,no
uk,1,1,1.18,1.18,no
uk,1,7,1.19,1.19,no
uk,1,1,1.19,1.19,no
uk,1,1,1.19,1.19,no
uk,1,7,1.1946613545329534,1.195,no
uk,1,7,1.1946613545329534,1.195,no
uk,1,3,1.2,1.2,no
uk,1,7,1.2,1.2,no
uk,1,1,1.2,1.2,no
uk,1,10,1.2,1.2,no
uk,1,15,1.2,1.2,no
uk,0.5,1,0.6024080223200119,1.205,no
uk,1,1,1.21,1.21,no
uk,1,7,1.21,1.21,no
uk,1,5,1.21,1.21,no
uk,1,5,1.21,1.21,no
uk,1,1,1.21,1.21,no
uk,1,20,1.22,1.22,no
uk,1,7,1.24,1.24,no
uk,1,7,1.24,1.24,no
uk,1,1,1.24,1.24,no
uk,1,1,1.26,1.26,no
uk,1,7,1.26,1.26,no
uk,1,3,1.2601882400000002,1.26,no
uk,1,30,1.2601882400000002,1.26,no
uk,1,7,1.27,1.27,no
uk,1,7,1.2717496000000001,1.272,no
uk,1,5,1.2830508527335316,1.283,no
uk,1,1,1.29,1.29,no
uk,1,1,1.2908743335428825,1.291,no
uk,0.5,7,0.65,1.3,no
uk,1,3,1.3,1.3,no
uk,1,7,1.3,1.3,no
uk,1,7,1.3,1.3,no
uk,0.5,1,0.66,1.32,no
uk,0.5,3,0.66,1.32,no
uk,1,3,1.32,1.32,no
uk,1,1,1.32,1.32,no
uk,1,7,1.33,1.33,no
uk,1,7,1.33,1.33,no
uk,1,7,1.33,1.33,no
uk,1,1,1.3378152183989873,1.338,no
uk,1,5,1.34,1.34,no
uk,1,7,1.3491997362601456,1.349,no
uk,1,7,1.35,1.35,no
uk,1,1,1.35,1.35,no
uk,0.5,3,0.68,1.36,no
uk,1,7,1.36,1.36,no
uk,0.5,1,0.69,1.38,no
uk,1,5,1.39,1.39,no
uk,1,3,1.39,1.39,no
uk,1,7,1.39,1.39,no
uk,1,1,1.39,1.39,no
uk,1,3,1.3983515204968173,1.398,no
uk,0.5,5,0.7,1.4,no
uk,0.5,1,0.7,1.4,no
uk,1,5,1.4,1.4,no
uk,1,30,1.4,1.4,no
uk,1,7,1.4,1.4,no
uk,1,1,1.4,1.4,no
uk,1,7,1.4,1.4,no
uk,1,1,1.4,1.4,yes
uk,1,1,1.4,1.4,no
uk,1,7,1.4,1.4,no
uk,0.49,1,0.69,1.408,yes
uk,1,30,1.4082265456831446,1.408,no
uk,1,1,1.41,1.41,no
uk,1,7,1.4107263127136034,1.411,no
uk,1,1,1.42,1.42,no
uk,1,1,1.43,1.43,no
uk,1,7,1.43,1.43,no
uk,0.5,7,0.72,1.44,no
uk,1,1,1.4395204689205479,1.44,no
uk,1,1,1.44,1.44,no
uk,1,7,1.45,1.45,no
uk,1,1,1.45,1.45,no
uk,1,1,1.45673136,1.457,no
uk,1,7,1.47,1.47,no
uk,1,1,1.47,1.47,no
uk,1,1,1.4708143921579508,1.471,no
uk,1,7,1.48,1.48,no
uk,1,1,1.49,1.49,no
uk,1,7,1.49,1.49,no
uk,1,7,1.49,1.49,no
uk,1,7,1.49,1.49,no
uk,1,1,1.49,1.49,yes
uk,1,1,1.49,1.49,yes
uk,1,7,1.49,1.49,no
uk,1,1,1.49,1.49,yes
uk,1,7,1.49,1.49,no
uk,1,1,1.49,1.49,yes
uk,1,1,1.49,1.49,no
uk,1,14,1.49,1.49,no
uk,0.5,2,0.75,1.5,no
uk,1,1,1.5,1.5,no
uk,1,3,1.5,1.5,no
uk,1,7,1.5,1.5,no
uk,1,7,1.5,1.5,no
uk,0.5,5,0.8,1.6,no
uk,0.5,1,0.83,1.66,no
uk,0.5,1,0.84,1.68,no
uk,0.5,1,0.85,1.7,no
uk,0.5,30,0.85,1.7,no
uk,0.5,7,0.8555406400000001,1.711,no
uk,0.5,1,0.8555406400000001,1.711,no
uk,0.5,1,0.86,1.72,no
uk,0.5,7,0.87,1.74,no
uk,0.5,1,0.88,1.76,no
uk,0.5,1,0.9,1.8,no
uk,0.5,7,0.91,1.82,no
uk,0.5,1,0.92,1.84,no
uk,0.5,7,0.9461367445049325,1.892,no
uk,0.5,1,0.9461367445049325,1.892,no
uk,0.5,1,0.99,1.98,no
uk,0.5,1,0.99,1.98,no
uk,0.5,1,0.99,1.98,yes
uk,0.5,7,0.99,1.98,no
uk,0.5,1,1.02,2.04,no
uk,0.2,1,0.41,2.05,no
uk,0.49,1,1.01,2.061,no
uk,0.3,1,0.6187396108392997,2.062,yes
uk,0.5,1,1.04,2.08,no
uk,0.2,1,0.42,2.1,no
uk,0.5,1,1.0766069228603816,2.153,yes
uk,0.5,1,1.08,2.16,no
uk,0.3,1,0.68,2.267,no
uk,0.2,1,0.46158536775169734,2.308,no
uk,0.2,1,0.46940884856104814,2.347,no
uk,0.5,1,1.2,2.4,no
uk,0.5,1,1.2023814400000001,2.405,no
uk,0.5,1,1.28,2.56,no
uk,0.3,1,0.7746111200000001,2.582,no
uk,0.5,3,1.2993531827625295,2.599,yes
uk,0.5,3,1.3299917375896364,2.66,no
uk,0.5,3,1.353462180017689,2.707,no
uk,0.3,1,0.82,2.733,no
uk,0.5,3,1.41,2.82,no
uk,0.5,3,1.41,2.82,no
uk,0.5,3,1.4238735073018463,2.848,no
uk,0.5,1,1.43,2.86,no
uk,0.5,1,1.44,2.88,no
uk,0.5,1,1.45,2.9,no
uk,0.5,3,1.47,2.94,no
uk,0.5,7,1.47,2.94,no
uk,0.5,1,1.48,2.96,no
uk,0.2,30,0.61,3.05,no
uk,0.1,7,0.31215672000000005,3.122,no
uk,0.3,1,0.99,3.3,no
uk,0.1,7,0.33411938985322187,3.341,no
uk,0.3,1,1.08,3.6,no
uk,0.3,1,1.1,3.667,no
uk,0.1,7,0.4,4,no
uk,0.3,1,1.39,4.633,no
uk,0.3,1,1.49,4.967,yes
uk,0.1,7,0.5,5,no
uk,0.1,1,0.53,5.3,no
uk,0.1,7,0.54,5.4,no
uk,0.1,30,0.55,5.5,no
uk,0.1,7,0.6,6,no
uk,0.1,1,0.63,6.3,no
uk,0.1,3,0.65,6.5,no
uk,0.1,5,0.67,6.7,no
uk,0.1,7,0.69,6.9,no
uk,0.1,1,0.84,8.4,no
uk,0.1,7,0.85,8.5,no
uk,0.1,7,0.8555406400000001,8.555,no
uk,0.1,1,0.95,9.5,no
uk,0.1,3,0.95,9.5,no
uk,0.1,5,0.95,9.5,no
uk,0.1,7,0.95,9.5,no
uk,0.1,1,1,10,no
uk,0.1,1,1,10,no
uk,0.1,1,1,10,no
uk,0.1,7,1.22,12.2,no
uk,0.1,7,1.45,14.5,no
usa,3,3,0.61,0.203,no
usa,3,1,0.61,0.203,no
usa,3,30,0.6243134400000001,0.208,no
usa,2,15,0.66,0.33,no
usa,2,30,0.66,0.33,no
usa,2,14,0.66,0.33,no
usa,2,21,0.66,0.33,no
usa,2,7,0.66,0.33,no
usa,5,1,1.91,0.382,no
usa,3,20,1.22,0.407,no
usa,2,1,0.91,0.455,no
usa,50,10,24.99,0.5,yes
usa,3,15,1.53,0.51,no
usa,3,7,1.53,0.51,no
usa,3,1,1.54,0.513,no
usa,3,15,1.5492222400000002,0.516,no
usa,3,15,1.5492222400000002,0.516,no
usa,3,30,1.59,0.53,no
usa,3,20,1.59,0.53,no
usa,3,30,1.60702904,0.536,no
usa,3,1,1.67,0.557,no
usa,3,1,1.674224893201072,0.558,no
usa,3,1,1.7,0.567,yes
usa,2,1,1.156136,0.578,no
usa,3,1,1.734204,0.578,no
usa,3,1,1.7573267200000002,0.586,no
usa,3,7,1.7804494400000002,0.593,no
usa,2,1,1.1908200800000002,0.595,no
usa,1,3,0.61,0.61,no
usa,1,5,0.61,0.61,no
usa,2,1,1.2370655200000003,0.619,no
usa,2,1,1.24,0.62,yes
usa,3,1,1.87,0.623,no
usa,2,1,1.25,0.625,no
usa,1,7,0.66,0.66,no
usa,1,30,0.66,0.66,no
usa,1,25,0.66,0.66,no
usa,1,12,0.66,0.66,no
usa,1,20,0.66,0.66,no
usa,1,10,0.66,0.66,no
usa,2,15,1.34111776,0.671,no
usa,2,1,1.345638699208338,0.673,no
usa,1,1,0.68,0.68,no
usa,2,1,1.37,0.685,no
usa,2,30,1.3873632,0.694,no
usa,2,1,1.39,0.695,no
usa,2,1,1.46,0.73,no
usa,1,1,0.8,0.8,yes
usa,1,1,0.8214654849818344,0.821,no
usa,2,1,1.6417131200000001,0.821,no
usa,1,1,0.84397928,0.844,no
usa,1,1,0.8555406400000001,0.856,no
usa,1,7,0.8555406400000001,0.856,no
usa,2,1,1.74,0.87,no
usa,2,1,1.75245970129458,0.876,no
usa,2,3,1.76,0.88,no
usa,2,1,1.77,0.885,yes
usa,1,7,0.89,0.89,no
usa,2,5,1.79,0.895,no
usa,1,1,0.91,0.91,no
usa,1,1,0.91,0.91,no
usa,2,7,1.82,0.91,no
usa,2,10,1.84,0.92,no
usa,2,15,1.86,0.93,no
usa,1,1,0.9364701600000002,0.936,no
usa,2,20,1.88,0.94,no
usa,2,30,1.89,0.945,no
usa,2,1,1.89,0.945,no
usa,0.5,1,0.47723232937039894,0.954,no
usa,0.5,1,0.48,0.96,no
usa,1,7,0.95959288,0.96,no
usa,1,1,0.96,0.96,no
usa,1,3,0.98,0.98,no
usa,1,7,0.99,0.99,no
usa,1,3,0.99,0.99,no
usa,1,1,0.99,0.99,no
usa,1,3,1,1,no
usa,1,30,1,1,no
usa,1,1,1,1,no
usa,1,5,1.01,1.01,no
usa,0.5,1,0.50869984,1.017,no
usa,1,7,1.03,1.03,no
usa,1,10,1.04,1.04,no
usa,0.5,1,0.5202612000000001,1.041,no
usa,1,15,1.06,1.06,no
usa,1,1,1.07,1.07,no
usa,1,20,1.07,1.07,no
usa,1,30,1.08,1.08,no
usa,1,7,1.09,1.09,no
usa,1,3,1.0952873133091123,1.095,no
usa,15,7,16.5,1.1,no
usa,1,7,1.1,1.1,no
usa,1,1,1.1,1.1,yes
usa,1,7,1.1,1.1,no
usa,1,1,1.11,1.11,no
usa,1,3,1.1344047173558665,1.134,no
usa,0.5,1,0.57,1.14,no
usa,0.5,1,0.57,1.14,no
usa,0.5,1,0.57,1.14,no
usa,20,30,22.99,1.149,no
usa,1,1,1.156136,1.156,no
usa,1,5,1.1656986405932697,1.166,no
usa,1,1,1.17,1.17,no
usa,0.5,1,0.5867610607013102,1.174,no
usa,1,3,1.18,1.18,no
usa,1,5,1.18,1.18,no
usa,1,7,1.18,1.18,no
usa,1,7,1.19,1.19,no
usa,1,14,1.19,1.19,no
usa,10,7,12,1.2,no
usa,0.5,1,0.6,1.2,no
usa,0.5,1,0.6,1.2,no
usa,1,1,1.2,1.2,no
usa,0.5,1,0.6024080223200119,1.205,no
usa,1,3,1.21,1.21,no
usa,1,7,1.21,1.21,no
usa,1,5,1.2126395254493745,1.213,no
usa,1,1,1.2139428,1.214,no
usa,1,7,1.236109967877427,1.236,no
usa,0.5,1,0.63,1.26,no
usa,1,3,1.26,1.26,no
usa,1,1,1.2601882400000002,1.26,no
usa,1,7,1.2622288061121716,1.262,no
usa,1,7,1.275227371924181,1.275,no
usa,1,5,1.28,1.28,no
usa,1,20,1.29,1.29,no
usa,0.5,1,0.65,1.3,no
usa,0.5,7,0.65,1.3,no
usa,1,10,1.306521295161584,1.307,no
usa,0.5,1,0.6571723879854674,1.314,no
usa,0.5,30,0.66,1.32,no
usa,1,3,1.32,1.32,no
usa,1,10,1.3221682567802857,1.322,no
usa,1,1,1.3299917375896364,1.33,no
usa,0.5,3,0.67,1.34,no
usa,1,7,1.35,1.35,no
usa,1,7,1.37580184,1.376,no
usa,1,15,1.3769326224457414,1.377,no
usa,0.5,5,0.69,1.38,no
usa,1,5,1.38,1.38,no
usa,1,1,1.38,1.38,no
usa,1,1,1.3847561032550921,1.385,no
usa,1,30,1.39,1.39,no
usa,1,15,1.392579584064443,1.393,no
usa,1,7,1.4,1.4,no
usa,1,1,1.4,1.4,yes
usa,1,7,1.4,1.4,no
usa,0.5,7,0.7053631563568017,1.411,no
usa,0.5,7,0.71,1.42,no
usa,0.5,1,0.71,1.42,no
usa,1,10,1.42,1.42,no
usa,9,30,12.99,1.443,no
usa,1,30,1.4473439497298985,1.447,no
usa,1,1,1.45,1.45,no
usa,1,1,1.46,1.46,no
usa,1,15,1.49,1.49,no
usa,1,7,1.49,1.49,no
usa,1,7,1.49,1.49,no
usa,1,1,1.5,1.5,no
usa,1,3,1.5,1.5,no
usa,1,1,1.5,1.5,no
usa,1,7,1.5,1.5,no
usa,1,1,1.54,1.54,no
usa,1,7,1.54,1.54,no
usa,1,7,1.54,1.54,no
usa,1,1,1.5492222400000002,1.549,no
usa,1,1,1.55,1.55,no
usa,1,30,1.56,1.56,no
usa,1,1,1.57,1.57,no
usa,1,10,1.58,1.58,no
usa,1,15,1.58,1.58,no
usa,1,20,1.58,1.58,no
usa,1,30,1.58,1.58,no
usa,1,10,1.59,1.59,no
usa,1,7,1.59,1.59,no
usa,1,5,1.59,1.59,no
usa,1,30,1.59546768,1.595,no
usa,1,1,1.6,1.6,no
usa,1,7,1.60702904,1.607,no
usa,0.5,1,0.8136420041724836,1.627,no
usa,1,7,1.63,1.63,no
usa,1,7,1.64,1.64,no
usa,1,7,1.6417131200000001,1.642,no
usa,1,7,1.65,1.65,no
usa,1,7,1.65,1.65,no
usa,1,1,1.6585779315823703,1.659,no
usa,1,15,1.67,1.67,no
usa,1,1,1.6763972,1.676,no
usa,0.5,1,0.85,1.7,no
usa,1,5,1.7,1.7,no
usa,0.5,1,0.8555406400000001,1.711,no
usa,0.5,7,0.8555406400000001,1.711,no
usa,1,7,1.7226426400000001,1.723,no
usa,1,1,1.74,1.74,no
usa,1,7,1.75,1.75,no
usa,1,7,1.75,1.75,no
usa,1,1,1.7572204947836112,1.757,yes
usa,1,30,1.76,1.76,no
usa,1,1,1.7602831821039306,1.76,no
usa,1,1,1.77,1.77,no
usa,1,1,1.79,1.79,no
usa,1,5,1.79,1.79,no
usa,1,7,1.7955265328483443,1.796,no
usa,1,7,1.8,1.8,no
usa,1,7,1.8,1.8,no
usa,1,7,1.8,1.8,no
usa,0.5,1,0.91,1.82,no
usa,0.5,7,0.91,1.82,no
usa,1,7,1.82,1.82,no
usa,0.5,7,0.9133474400000001,1.827,no
usa,0.5,1,0.92,1.84,no
usa,1,1,1.8498176000000002,1.85,no
usa,1,1,1.85,1.85,no
usa,1,1,1.88,1.88,no
usa,1,7,1.89,1.89,no
usa,1,14,1.89,1.89,no
usa,1,1,1.9,1.9,no
usa,1,7,1.9,1.9,no
usa,0.75,7,1.4798540800000002,1.973,no
usa,0.5,7,0.99,1.98,no
usa,0.3,3,0.61,2.033,no
usa,0.5,1,1.01739968,2.035,no
usa,0.2,1,0.41,2.05,no
usa,0.2,1,0.42,2.1,no
usa,0.5,1,1.06,2.12,no
usa,0.5,1,1.06364512,2.127,no
usa,0.5,1,1.11,2.22,no
usa,0.5,7,1.15,2.3,no
usa,0.5,1,1.1508556761610975,2.302,yes
usa,0.2,1,0.46158536775169734,2.308,no
usa,0.5,3,1.17,2.34,no
usa,0.2,1,0.46940884856104814,2.347,no
usa,0.5,3,1.18,2.36,no
usa,0.5,5,1.18,2.36,no
usa,0.5,7,1.18,2.36,no
usa,0.5,7,1.2,2.4,no
usa,0.5,1,1.2,2.4,no
usa,0.5,1,1.2,2.4,no
usa,0.5,1,1.21,2.42,no
usa,0.49,1,1.19,2.429,yes
usa,0.5,1,1.22,2.44,no
usa,0.5,1,1.236109967877427,2.472,no
usa,0.5,1,1.29,2.58,no
usa,0.5,1,1.31,2.62,no
usa,0.5,1,1.36,2.72,no
usa,0.5,1,1.4,2.8,no
usa,0.5,1,1.41,2.82,no
usa,0.5,1,1.42,2.84,no
usa,0.5,1,1.4849750660143193,2.97,yes
usa,0.5,1,1.49,2.98,yes
usa,0.5,1,1.4973498582311053,2.995,yes
usa,0.5,7,1.51,3.02,no
usa,0.49,7,1.49,3.041,no
usa,0.2,30,0.61,3.05,no
usa,0.5,1,1.53,3.06,no
usa,0.5,1,1.56,3.12,no
usa,0.1,7,0.31215672000000005,3.122,no
usa,0.5,10,1.58,3.16,no
usa,0.5,15,1.58,3.16,no
usa,0.5,20,1.58,3.16,no
usa,0.5,30,1.58,3.16,no
usa,0.5,1,1.59,3.18,no
usa,0.5,1,1.59,3.18,no
usa,0.5,3,1.6,3.2,no
usa,0.5,3,1.61,3.22,no
usa,0.5,3,1.61,3.22,no
usa,0.5,3,1.6429309699636687,3.286,no
usa,0.5,1,1.65,3.3,no
usa,0.5,1,1.67,3.34,no
usa,0.1,7,0.33411938985322187,3.341,no
usa,0.5,1,1.69,3.38,no
usa,0.5,1,1.7,3.4,yes
usa,0.5,1,1.7,3.4,no
usa,0.5,1,1.73,3.46,no
usa,0.5,7,1.75,3.5,no
usa,0.5,1,1.9,3.8,no
usa,0.5,7,1.9,3.8,no
usa,0.1,7,0.4,4,no
usa,0.1,7,0.5,5,no
usa,0.1,1,0.5,5,no
usa,0.2,1,1,5,no
usa,0.2,1,1.01,5.05,no
usa,0.2,1,1.01,5.05,no
usa,0.1,1,0.53,5.3,no
usa,0.1,7,0.54,5.4,no
usa,0.1,30,0.55,5.5,no
usa,0.3,2,1.69,5.633,no
usa,0.3,3,1.79,5.967,no
usa,0.1,1,0.6,6,no
usa,0.1,1,0.61,6.1,no
usa,0.1,3,0.63,6.3,no
usa,0.1,5,0.65,6.5,no
usa,0.1,7,0.67,6.7,no
usa,0.1,7,0.85,8.5,no
usa,0.1,7,0.8555406400000001,8.555,no
usa,0.1,7,0.88,8.8,no
usa,0.1,1,0.95,9.5,no
usa,0.1,3,0.95,9.5,no
usa,0.1,5,0.95,9.5,no
usa,0.1,7,0.95,9.5,no
usa,0.1,1,1,10,no
usa,0.1,1,1,10,no
usa,0.1,1,1,10,no
usa,0.1,3,1.18,11.8,no
usa,0.1,5,1.18,11.8,no
usa,0.1,7,1.18,11.8,no
usa,0.1,1,1.3,13,no
usa,0.1,7,1.45,14.5,no
usa,0.1,7,1.471768269229895,14.718,no
usa,0.1,7,1.5,15,no
usa,0.1,10,1.58,15.8,no
usa,0.1,15,1.58,15.8,no
usa,0.1,20,1.58,15.8,no
usa,0.1,30,1.58,15.8,no
usa,0.1,7,1.7,17,no
usa,0.1,7,1.71,17.1,no
usa,0.1,7,1.84,18.4,no
vietnam,50,10,7.8,0.156,no
vietnam,50,10,11.88,0.238,no
vietnam,5,3,1.74,0.348,no
vietnam,5,1,1.74,0.348,no
vietnam,5,3,1.75,0.35,no
vietnam,5,5,1.93,0.386,no
vietnam,5,5,1.94,0.388,no
vietnam,3,1,1.28,0.427,no
vietnam,3,1,1.2908743335428825,0.43,no
vietnam,4,1,1.74,0.435,no
vietnam,4,3,1.74,0.435,no
vietnam,3,15,1.32,0.44,no
vietnam,3,30,1.32,0.44,no
vietnam,3,12,1.32,0.44,no
vietnam,3,14,1.32,0.44,no
vietnam,3,20,1.32,0.44,no
vietnam,3,21,1.32,0.44,no
vietnam,3,25,1.32,0.44,no
vietnam,3,30,1.3295564,0.443,no
vietnam,3,3,1.41,0.47,no
vietnam,4,5,1.93,0.482,no
vietnam,3,5,1.4786378729673018,0.493,no
vietnam,3,1,1.5492222400000002,0.516,no
vietnam,3,15,1.59546768,0.532,no
vietnam,3,5,1.6,0.533,no
vietnam,2,1,1.09,0.545,no
vietnam,2,1,1.1031107941184632,0.552,no
vietnam,3,30,1.7110812800000001,0.57,no
vietnam,0.5,1,0.2894687899459797,0.579,no
vietnam,3,7,1.75,0.583,no
vietnam,3,1,1.77,0.59,yes
vietnam,3,1,1.78,0.593,no
vietnam,3,1,1.7994005861506845,0.6,no
vietnam,3,3,1.8072240669600355,0.602,no
vietnam,2,1,1.2139428,0.607,no
vietnam,3,1,1.88,0.627,no
vietnam,2,1,1.2601882400000002,0.63,no
vietnam,3,1,1.91,0.637,no
vietnam,3,3,1.93,0.643,no
vietnam,3,5,1.93,0.643,no
vietnam,3,5,1.94,0.647,no
vietnam,3,1,1.94,0.647,no
vietnam,3,10,1.94,0.647,no
vietnam,2,15,1.32,0.66,no
vietnam,2,30,1.32,0.66,no
vietnam,3,7,1.9793406447657529,0.66,no
vietnam,3,7,1.99,0.663,no
vietnam,2,1,1.37,0.685,no
vietnam,2,1,1.3847561032550921,0.692,no
vietnam,2,1,1.41,0.705,no
vietnam,2,1,1.46,0.73,yes
vietnam,2,1,1.46,0.73,no
vietnam,2,1,1.49,0.745,yes
vietnam,1,1,0.75,0.75,no
vietnam,2,1,1.5,0.75,no
vietnam,2,1,1.5,0.75,no
vietnam,2,1,1.51,0.755,no
vietnam,2,3,1.53,0.765,no
vietnam,1,3,0.77,0.77,no
vietnam,2,1,1.5607836000000002,0.78,no
vietnam,2,5,1.57,0.785,no
vietnam,1,5,0.79,0.79,no
vietnam,1,1,0.8,0.8,yes
vietnam,2,7,1.6,0.8,no
vietnam,2,10,1.62,0.81,no
vietnam,1,7,0.82,0.82,no
vietnam,2,15,1.64,0.82,no
vietnam,1,10,0.83,0.83,no
vietnam,2,20,1.66,0.83,no
vietnam,2,1,1.67,0.835,no
vietnam,2,30,1.68,0.84,no
vietnam,2,1,1.6898718548197735,0.845,no
vietnam,1,15,0.85,0.85,no
vietnam,1,1,0.85,0.85,no
vietnam,1,1,0.8555406400000001,0.856,no
vietnam,1,20,0.86,0.86,no
vietnam,1,7,0.86,0.86,no
vietnam,1,3,0.86,0.86,no
vietnam,1,5,0.86,0.86,no
vietnam,1,10,0.86,0.86,no
vietnam,1,15,0.86,0.86,no
vietnam,1,20,0.86,0.86,no
vietnam,2,1,1.72,0.86,no
vietnam,0.5,1,0.4302914445142942,0.861,no
vietnam,2,1,1.734204,0.867,no
vietnam,2,1,1.7368127396758783,0.868,no
vietnam,1,30,0.87,0.87,no
vietnam,0.5,1,0.44,0.88,no
vietnam,2,1,1.79,0.895,no
vietnam,1,7,0.9,0.9,no
vietnam,1,7,0.9017860800000002,0.902,no
vietnam,1,30,0.91,0.91,no
vietnam,1.5,1,1.37,0.913,no
vietnam,2,3,1.8306945093880878,0.915,no
vietnam,2,1,1.84,0.92,no
vietnam,0.5,1,0.46158536775169734,0.923,no
vietnam,2,3,1.861988432625491,0.931,no
vietnam,1,1,0.9388176971220963,0.939,no
vietnam,0.5,1,0.47,0.94,no
vietnam,1,1,0.94,0.94,no
vietnam,2,2,1.8854588750535437,0.943,no
vietnam,1,1,0.95,0.95,no
vietnam,1,1,0.96,0.96,no
vietnam,1,1,0.9711542400000001,0.971,no
vietnam,1,1,0.98,0.98,no
vietnam,2,1,1.96,0.98,no
vietnam,1,1,0.99,0.99,no
vietnam,1,1,1,1,no
vietnam,1,7,1.03,1.03,no
vietnam,1,1,1.0326994668343061,1.033,no
vietnam,0.5,1,0.5202612000000001,1.041,no
vietnam,1,1,1.0639933900717093,1.064,no
vietnam,1,1,1.07520648,1.075,no
vietnam,10,7,10.9,1.09,no
vietnam,1,2,1.1031107941184632,1.103,no
vietnam,1,5,1.13,1.13,no
vietnam,1,7,1.14457464,1.145,no
vietnam,1.5,1,1.72,1.147,no
vietnam,1,5,1.1656986405932697,1.166,no
vietnam,0.5,1,0.59,1.18,no
vietnam,1,1,1.18,1.18,no
vietnam,1,7,1.1879800528114555,1.188,no
vietnam,1,1,1.1908200800000002,1.191,no
vietnam,1,7,1.2,1.2,no
vietnam,1,1,1.2,1.2,yes
vietnam,1,1,1.2,1.2,no
vietnam,0.5,1,0.6024080223200119,1.205,no
vietnam,1,1,1.21,1.21,no
vietnam,1,1,1.2139428,1.214,no
vietnam,1,1,1.23,1.23,no
vietnam,1,7,1.2370655200000003,1.237,no
vietnam,1,7,1.28,1.28,no
vietnam,1,7,1.2833109600000001,1.283,no
vietnam,1,3,1.2908743335428825,1.291,no
vietnam,1,1,1.2908743335428825,1.291,no
vietnam,1,1,1.2948723200000003,1.295,no
vietnam,1,1,1.2993531827625295,1.299,yes
vietnam,0.5,1,0.65,1.3,no
vietnam,1,7,1.3,1.3,no
vietnam,0.5,7,0.6558639874896578,1.312,no
vietnam,0.5,1,0.65899752,1.318,no
vietnam,0.5,1,0.66,1.32,no
vietnam,1,3,1.32,1.32,no
vietnam,1,3,1.32,1.32,no
vietnam,1,3,1.3299917375896364,1.33,no
vietnam,1,7,1.33,1.33,no
vietnam,0.5,3,0.68,1.36,no
vietnam,0.5,7,0.68212024,1.364,no
vietnam,1,1,1.39,1.39,no
vietnam,1,7,1.39,1.39,no
vietnam,1,1,1.39,1.39,no
vietnam,1,5,1.392579584064443,1.393,no
vietnam,0.5,1,0.7,1.4,no
vietnam,0.5,5,0.7,1.4,no
vietnam,0.5,1,0.7,1.4,no
vietnam,0.5,7,0.7,1.4,no
vietnam,1,1,1.4,1.4,yes
vietnam,1,1,1.41,1.41,no
vietnam,1,7,1.42,1.42,no
vietnam,1,3,1.43,1.43,no
vietnam,1,5,1.43,1.43,no
vietnam,0.5,7,0.72,1.44,no
vietnam,1,1,1.44,1.44,no
vietnam,1,15,1.4473439497298985,1.447,no
vietnam,1,7,1.4473439497298985,1.447,no
vietnam,1,10,1.4473439497298985,1.447,no
vietnam,1,7,1.47,1.47,no
vietnam,1,1,1.48,1.48,yes
vietnam,1,5,1.49,1.49,no
vietnam,0.5,7,0.75,1.5,no
vietnam,1,1,1.5,1.5,no
vietnam,1,1,1.5,1.5,yes
vietnam,0.75,7,1.1330132800000001,1.511,no
vietnam,0.5,1,0.77,1.54,no
vietnam,1,1,1.54,1.54,no
vietnam,1,7,1.57,1.57,no
vietnam,0.5,1,0.8,1.6,no
vietnam,1,1,1.6,1.6,no
vietnam,0.5,3,0.81,1.62,no
vietnam,0.5,1,0.8136420041724836,1.627,no
vietnam,0.5,1,0.8136420041724836,1.627,no
vietnam,1,1,1.63,1.63,no
vietnam,1,7,1.65,1.65,no
vietnam,0.5,1,0.8291110785246617,1.658,yes
vietnam,1,1,1.6585779315823703,1.659,no
vietnam,0.5,7,0.84,1.68,no
vietnam,1,5,1.68,1.68,no
vietnam,1,7,1.68,1.68,no
vietnam,1,1,1.68,1.68,no
vietnam,0.5,1,0.85,1.7,no
vietnam,0.5,1,0.85,1.7,no
vietnam,0.5,7,0.8555406400000001,1.711,no
vietnam,0.5,1,0.8555406400000001,1.711,no
vietnam,1,7,1.73,1.73,no
vietnam,1,7,1.73,1.73,no
vietnam,0.3,1,0.5202612000000001,1.734,no
vietnam,1,7,1.734204,1.734,no
vietnam,1,1,1.74,1.74,no
vietnam,0.5,1,0.88,1.76,no
vietnam,1,1,1.76,1.76,no
vietnam,1,5,1.79,1.79,no
vietnam,1,7,1.7955265328483443,1.796,no
vietnam,0.5,30,0.9,1.8,no
vietnam,1,7,1.8,1.8,no
vietnam,1,3,1.81,1.81,no
vietnam,1,1,1.84,1.84,no
vietnam,1,1,1.8498176000000002,1.85,no
vietnam,0.5,1,0.93,1.86,no
vietnam,1,5,1.861988432625491,1.862,no
vietnam,0.5,1,0.94,1.88,no
vietnam,1,7,1.89,1.89,no
vietnam,1,3,1.89,1.89,no
vietnam,1,7,1.9,1.9,no
vietnam,1,7,1.9,1.9,no
vietnam,1,3,1.91,1.91,no
vietnam,0.5,1,0.95959288,1.919,no
vietnam,1,1,1.92,1.92,no
vietnam,1,0,1.95,1.95,no
vietnam,1,1,1.95,1.95,no
vietnam,1,7,1.97,1.97,no
vietnam,0.5,1,0.99,1.98,no
vietnam,1,7,1.99,1.99,no
vietnam,1,7,1.99,1.99,no
vietnam,1,1,1.99,1.99,no
vietnam,1,7,1.99,1.99,no
vietnam,1,7,1.99,1.99,no
vietnam,1,7,1.99,1.99,no
vietnam,1,7,1.99,1.99,no
vietnam,1,1,1.99,1.99,yes
vietnam,1,1,1.99,1.99,yes
vietnam,0.5,7,1.1,2.2,no
vietnam,8,15,17.68,2.21,no
vietnam,0.49,1,1.09,2.224,yes
vietnam,0.5,1,1.13,2.26,no
vietnam,0.5,1,1.17,2.34,no
vietnam,0.2,1,0.46940884856104814,2.347,no
vietnam,0.5,7,1.2,2.4,no
vietnam,0.5,1,1.21,2.42,no
vietnam,0.5,1,1.2127296372450274,2.425,yes
vietnam,0.5,1,1.2601882400000002,2.52,no
vietnam,0.5,3,1.2830508527335316,2.566,no
vietnam,5,10,12.9,2.58,no
vietnam,0.5,3,1.3,2.6,no
vietnam,0.5,1,1.3,2.6,no
vietnam,0.5,3,1.31,2.62,no
vietnam,0.5,1,1.33,2.66,no
vietnam,0.5,1,1.34111776,2.682,no
vietnam,0.5,3,1.35,2.7,no
vietnam,0.5,1,1.35,2.7,no
vietnam,0.5,1,1.45,2.9,no
vietnam,0.5,1,1.45,2.9,no
vietnam,0.5,3,1.46,2.92,no
vietnam,0.5,5,1.4786378729673018,2.957,no
vietnam,0.5,3,1.4864613537766524,2.973,no
vietnam,0.5,1,1.49,2.98,yes
vietnam,0.5,1,1.49,2.98,yes
vietnam,0.5,1,1.49,2.98,no
vietnam,0.49,1,1.51,3.082,no
vietnam,0.1,7,0.31215672000000005,3.122,no
vietnam,0.5,1,1.58,3.16,no
vietnam,0.5,1,1.58,3.16,no
vietnam,0.5,3,1.5803431234888623,3.161,no
vietnam,0.5,1,1.6,3.2,no
vietnam,0.5,7,1.61,3.22,no
vietnam,0.5,3,1.61,3.22,no
vietnam,0.5,3,1.62,3.24,no
vietnam,0.5,1,1.63,3.26,no
vietnam,0.5,7,1.69,3.38,no
vietnam,0.5,3,1.7,3.4,no
vietnam,0.5,1,1.73,3.46,no
vietnam,0.5,1,1.75,3.5,no
vietnam,0.5,1,1.78,3.56,no
vietnam,0.5,7,1.88,3.76,no
vietnam,0.5,7,1.9,3.8,no
vietnam,0.5,1,1.93,3.86,no
vietnam,0.5,1,1.93,3.86,yes
vietnam,0.5,3,1.94,3.88,no
vietnam,0.5,5,1.95,3.9,no
vietnam,0.5,7,1.99,3.98,no
vietnam,0.5,1,1.99,3.98,no
vietnam,0.5,1,1.99,3.98,yes
vietnam,0.1,7,0.4,4,no
vietnam,0.1,7,0.4207429353707238,4.207,no
vietnam,0.2,30,0.86,4.3,no
vietnam,0.1,7,0.5,5,no
vietnam,0.2,1,1.01,5.05,no
vietnam,0.1,1,0.53,5.3,no
vietnam,0.1,7,0.54,5.4,no
vietnam,0.1,30,0.55,5.5,no
vietnam,0.3,2,1.69,5.633,no
vietnam,0.3,3,1.79,5.967,no
vietnam,0.1,90,0.6,6,no
vietnam,0.1,1,0.63,6.3,no
vietnam,0.3,2,1.89,6.3,no
vietnam,0.3,2,1.89,6.3,no
vietnam,0.1,3,0.65,6.5,no
vietnam,0.3,3,1.97,6.567,no
vietnam,0.1,5,0.67,6.7,no
vietnam,0.1,7,0.69,6.9,no
vietnam,0.1,7,0.85,8.5,no
vietnam,0.1,7,0.8555406400000001,8.555,no
vietnam,0.1,7,0.89,8.9,no
vietnam,0.1,1,0.95,9.5,no
vietnam,0.1,3,0.95,9.5,no
vietnam,0.1,5,0.95,9.5,no
vietnam,0.1,7,0.95,9.5,no
vietnam,0.2,30,1.96,9.8,no
vietnam,0.2,30,1.97,9.85,no
vietnam,0.1,0,1,10,no
vietnam,0.1,1,1,10,no
vietnam,0.1,1,1,10,no
vietnam,0.1,1,1,10,no
vietnam,0.1,7,1.45,14.5,no
vietnam,0.1,7,1.471768269229895,14.718,no
vietnam,0.1,7,1.5,15,no
vietnam,0.1,7,1.7,17,no
vietnam,0.1,7,1.84,18.4,no
