country,provider,plan,gb,days,price_usd,price_per_gb,promo_code,5g
egypt,"ESIM.DOG 🐶","⚡️ Best Coverage in Egypt (2GB/1Days) - Black route",2,1,1.49,0.745,,no
egypt,"Superalink","Egypt - 2GB/day",2,1,1.5,0.75,,yes
egypt,"ESIM.DOG 🐶","⚡️ [5G] Vodafone Egypt - Best 5G Coverage (3GB/1Days) - Black route",3,1,2.25,0.75,,yes
egypt,"ESIM.DOG 🐶","⚡️ Best Coverage in Egypt (3GB/1Days) - Pink route",3,1,2.25,0.75,,no
egypt,"RedEx eSIM","Unlimited Data - 1 Days (3 GB / 384 KBPS)",3,1,2.26,0.753,,no
egypt,"ESIM.DOG 🐶","⚡️ [5G] Vodafone Egypt - Best 5G Coverage (3GB/7Days) - Black route",3,7,2.31,0.77,,yes
egypt,"thirr.com","EG 3GB 7D",3,7,2.32383336,0.775,,no
egypt,"RedEx eSIM","Unlimited Data - 1 Days (2 GB / 384 KBPS)",2,1,1.62,0.81,,no
egypt,"ESIM.DOG 🐶","⚡️ [5G] Vodafone Egypt - Best 5G Coverage (3GB/15Days) - Black route",3,15,2.64,0.88,,yes
egypt,"ESIM.DOG 🐶","⚡️ [5G] Vodafone Egypt - Best 5G Coverage (3GB/30Days) - Black route",3,30,2.64,0.88,,yes
egypt,"ESIM.DOG 🐶","⚡️ [5G] Vodafone Egypt - Best 5G Coverage (3GB/12Days) - Black route",3,12,2.64,0.88,,yes
egypt,"ESIM.DOG 🐶","⚡️ [5G] Vodafone Egypt - Best 5G Coverage (3GB/20Days) - Black route",3,20,2.64,0.88,,yes
egypt,"ESIM.DOG 🐶","⚡️ [5G] Vodafone Egypt - Best 5G Coverage (3GB/25Days) - Black route",3,25,2.64,0.88,,yes
egypt,"ESIM.DOG 🐶","⚡️ [5G] Vodafone Egypt - Best 5G Coverage (3GB/14Days) - Black route",3,14,2.64,0.88,,yes
egypt,"ESIM.DOG 🐶","⚡️ [5G] Vodafone Egypt - Best 5G Coverage (3GB/21Days) - Black route",3,21,2.64,0.88,,yes
egypt,"ESIM.DOG 🐶","⚡️ Best Coverage in Egypt (3GB/12Days) - Pink route",3,12,2.64,0.88,,no
egypt,"ESIM.DOG 🐶","⚡️ [5G] Vodafone Egypt &amp; more - Best 5G Coverage (3GB/15Days) - Blue route",3,15,2.64,0.88,,yes
egypt,"ESIM888","Egypt (3GB/30DAYS)",3,30,2.65,0.883,,no
egypt,"MobiMatter","Egypt 12 GB",12,30,11.49,0.958,,no
egypt,"RedEx eSIM","3 GB - 3 Days",3,3,2.91,0.97,,no
egypt,"ESIM.DOG 🐶","⚡️ [5G] Vodafone Egypt - Best 5G Coverage (1GB/1Days) - Black route",1,1,0.99,0.99,,yes
egypt,"Stellar eSim","Egypt 2GB/Day + Free Stellar VPN",2,1,1.9885539200000002,0.994,,no
egypt,"Orbit Mobile","Global Pass",1,1,1,1,,no
egypt,"Billion Connect","North Africa eSIM [4 Countries] 1 Day 3GB/Day",3,1,3.02,1.007,,yes
egypt,"RedEx eSIM","3 GB - 5 Days",3,5,3.05,1.017,,no
egypt,"4S eSIM","Egypt 3GB - 1 Day",3,1,3.11,1.037,,no
egypt,"Stellar eSim","Egypt 3GB/Day + Free Stellar VPN",3,1,3.1215672000000003,1.041,,no
egypt,"RedEx eSIM","3 GB - 7 Days",3,7,3.19,1.063,,no
egypt,"ESIM.DOG 🐶","⚡️ Best Coverage in Egypt (3GB/20Days) - Pink route",3,20,3.21,1.07,,no
egypt,"ESIM.DOG 🐶","⚡️ Best Coverage in Egypt (3GB/25Days) - Pink route",3,25,3.21,1.07,,no
egypt,"Horizon eSIM","Egypt 3GB 30Days",3,30,3.2256194400000004,1.075,,no
egypt,"4S eSIM","Egypt 3GB - 5 Days",3,5,3.25,1.083,,no
egypt,"RedEx eSIM","3 GB - 10 Days",3,10,3.33,1.11,,no
egypt,"ESIM.DOG 🐶","⚡️ [5G] Vodafone Egypt - Best 5G Coverage (1GB/3Days) - Black route",1,3,1.15,1.15,,yes
egypt,"ESIM.DOG 🐶","⚡️ Best Coverage in Egypt (2GB/7Days) - Black route",2,7,2.31,1.155,,no
egypt,"ESIM.DOG 🐶","⚡️ Etisalat/Orange Egypt (EMS) Egypt - Best Coverage (500MB/1Days) - Green route",0.5,1,0.58,1.16,,no
egypt,"thirr.com","EG 1GB 3D",1,3,1.16769736,1.168,,no
egypt,"abesteSIM","eSIM Egypt - 1 Day / Daily 500MB",0.5,1,0.594584541510661,1.189,,yes
egypt,"ESIM.DOG 🐶","⚡️ [5G] Vodafone Egypt - Best 5G Coverage (1GB/7Days) - Black route",1,7,1.19,1.19,,yes
egypt,"ESIM.DOG 🐶","⚡️ [5G] Vodafone Egypt - Best 5G Coverage (1GB/5Days) - Black route",1,5,1.19,1.19,,yes
egypt,"ESIM.DOG 🐶","🎁 $0.60 + VPN | [5G] Vodafone Egypt - Best 5G Coverage (500MB/1Days) - Black route",0.5,1,0.6,1.2,,yes
egypt,"ESIM888","Egypt (1GB/7DAYS)",1,7,1.2,1.2,,no
egypt,"abesteSIM","eSIM Global (66 Destinations) - 1 Day / Daily 500MB",0.5,1,0.6024080223200119,1.205,,yes
egypt,"Stellar eSim","Egypt 1GB/Day + Free Stellar VPN",1,1,1.2139428,1.214,,no
egypt,"Horizon eSIM","Egypt 1GB 7Days",1,7,1.2601882400000002,1.26,,no
egypt,"abesteSIM","eSIM Egypt - 1 Day / Daily 2GB",2,1,2.5269843014203093,1.263,,yes
egypt,"Stellar eSim","Egypt 1GB/Day FUP1Mbps + Free Stellar VPN",1,1,1.2833109600000001,1.283,,no
egypt,"Stellar eSim","Egypt 1GB 7Days + Free Stellar VPN",1,7,1.2833109600000001,1.283,,no
egypt,"SimOptions","Egypt 10GB",10,30,12.9,1.29,,no
egypt,"Billion Connect","Egypt eSIM 1 Day 2GB/Day",2,1,2.58,1.29,,yes
egypt,"abesteSIM","eSIM Global (66 Destinations) - 1 Day / Daily 2GB",2,1,2.5973956287044664,1.299,,yes
egypt,"GlobaleSIM","Egypt",10,30,13,1.3,,no
egypt,"ESIM.DOG 🐶","🎁 $0.65 + VPN | [5G] Vodafone Egypt - Best 5G Coverage (500MB/7Days) - Black route",0.5,7,0.65,1.3,,yes
egypt,"Superalink","Egypt - 1GB/day",1,1,1.3,1.3,,yes
egypt,"Billion Connect","North Africa eSIM [4 Countries] 1 Day 2GB/Day",2,1,2.6,1.3,,yes
egypt,"Yesim","Egypt",0.4,1,0.5202612000000001,1.301,,yes
egypt,"Stellar eSim","Egypt 2GB/Day FUP1Mbps + Free Stellar VPN",2,1,2.601306,1.301,,no
egypt,"ESIM.DOG 🐶","⚡️ Best Coverage in Egypt (2GB/1Days) - Pink route",2,1,2.63,1.315,,no
egypt,"ESIM.DOG 🐶","⚡️ Best Coverage in Egypt (2GB/15Days) - Black route",2,15,2.64,1.32,,no
egypt,"ESIM.DOG 🐶","⚡️ Best Coverage in Egypt (2GB/30Days) - Black route",2,30,2.64,1.32,,no
egypt,"EZsim","Egypt - 1GB/7Days",1,7,1.35,1.35,,no
egypt,"RedEx eSIM","2 GB - 15 Days",2,15,2.71,1.355,,no
egypt,"RedEx eSIM","Unlimited Data - 1 Days (2 GB / 384 KBPS)",2,1,2.74,1.37,,no
egypt,"MicroEsim","Egypt eSIM 5G - 1 Day / Daily 2GB",2,1,2.82,1.41,ESIMDB,yes
egypt,"EscapeSIM","Egypt 2GB",2,15,2.89,1.445,,yes
egypt,"eSIMNEXA","Egypt 1GB 3Days",1,3,1.5,1.5,,no
egypt,"Billion Connect","Africa eSIM [6 countries] 1 Day 2GB/Day",2,1,3.06,1.53,,yes
egypt,"4S eSIM","Egypt 1GB - 1 Day",1,1,1.54,1.54,,no
egypt,"RedEx eSIM","2 GB - 15 Days",2,15,3.13,1.565,,no
egypt,"ESIM.DOG 🐶","⚡️ [5G] Asia (10 countries) - Best 5G Coverage (2GB/1Days) - Pink route",2,1,3.15,1.575,,no
egypt,"ESIM.DOG 🐶","⚡️ [5G] Vodafone Egypt &amp; more - Best 5G Coverage (500MB/7Days) - Blue route",0.5,7,0.79,1.58,,yes
egypt,"4S eSIM","Egypt 1GB - 5 Days",1,5,1.59,1.59,,no
egypt,"RedEx eSIM","1 GB - 7 Days",1,7,1.59,1.59,,no
egypt,"Horizon eSIM","Egypt 500MB 7Days",0.5,7,0.79773384,1.595,,no
egypt,"ESIM.DOG 🐶","⚡️ Vodafone/Orange Egypt - Best Coverage (2GB/15Days) - Yellow route",2,15,3.21,1.605,,no
egypt,"eSIM4Travel","Egypt (Vodafone, Orange, Etisalat/e&amp;) - 1GB/1Days",1,1,1.62,1.62,,yes
egypt,"GoMoWorld","Egypt",8,30,12.99,1.624,,no
egypt,"abesteSIM","eSIM Egypt - 1 Day / Daily 1GB",1,1,1.6272840083449671,1.627,,yes
egypt,"ESIM.DOG 🐶","⚡️ Asia (10 countries) - Best Coverage (1GB/7Days) - Green route",1,7,1.63,1.63,,no
egypt,"eSimfly","Egypt 2 GB 15 Days",2,15,3.26,1.63,,no
egypt,"4S eSIM","Egypt 1GB - 7 Days",1,7,1.64,1.64,,no
egypt,"abesteSIM","eSIM Global (66 Destinations) - 1 Day / Daily 1GB",1,1,1.6585779315823703,1.659,,yes
egypt,"eSIM4Travel","Middle East 6 &amp; North Africa 2 - 1GB/7Days",1,7,1.69,1.69,,yes
egypt,"eSIM4Travel","Egypt (Vodafone, Orange, Etisalat/e&amp;) - 1GB/7Days",1,7,1.7,1.7,,yes
egypt,"ESIM.DOG 🐶","⚡️ Asia (10 countries) - Best Coverage (500MB/1Days) - Green route",0.5,1,0.87,1.74,,no
egypt,"ASIMGO","eSIM Middle East - 17 Countries - 1 Day / Daily 500MB",0.5,1,0.88,1.76,,yes
egypt,"ESIM.DOG 🐶","⚡️ [5G] Vodafone Egypt - Best 5G Coverage (1GB/30Days) - Black route",1,30,1.79,1.79,,yes
egypt,"ESIM.DOG 🐶","⚡️ [5G] Global (202 countries) - Best 5G Coverage (1GB/5Days) - Yellow route",1,5,1.79,1.79,,yes
egypt,"esimzon","Egypt 1GB 30Days",1,30,1.8,1.8,,no
egypt,"MicroEsim","Egypt eSIM 5G - 1 Day / Daily 1GB",1,1,1.8,1.8,ESIMDB,yes
egypt,"mobineX","Unlimited Standard",1,1,1.8,1.8,,yes
egypt,"eSIM4Travel","Global 72 - 1GB/7Days",1,7,1.8,1.8,,yes
egypt,"AlpineSIM","AlpineSIM Egypt eSIM - 1GB | 7Days",1,7,1.831469248084327,1.831,,yes
egypt,"Billion Connect","Egypt eSIM 1 Day 1GB/Day",1,1,1.88,1.88,,yes
egypt,"Billion Connect","North Africa eSIM [4 Countries] 1 Day 1GB/Day",1,1,1.88,1.88,,yes
egypt,"Billion Connect","Africa eSIM [6 countries] 1 Day 1GB/Day",1,1,1.88,1.88,,yes
egypt,"EscapeSIM","Egypt 1GB",1,14,1.89,1.89,,yes
egypt,"ESIM.DOG 🐶","⚡️ Etisalat/Orange Egypt (EMS) Egypt - Best Coverage (1GB/7Days) - Green route",1,7,1.92,1.92,,no
egypt,"abesteSIM","eSIM Egypt - 3 Days / Total 1GB",1,3,1.9245762791002976,1.925,,yes
egypt,"AlpineSIM","AlpineSIM Unlimited Egypt eSIM - 1GB/Day / 1",1,1,1.9552171702521872,1.955,,yes
egypt,"4S eSIM","Middle East 1GB - 1 Day",1,1,1.97,1.97,,no
egypt,"nadanada","eSIM, 1GB, 7 Days, Middle East and North Africa",1,7,1.99,1.99,,no
egypt,"SimSmash","Egypt 1GB for 7 Days",1,7,1.99,1.99,,no
egypt,"SimSmash","Egypt Daily Unlimited 1GB/day for 1 Days",1,1,1.99,1.99,,no
egypt,"Superalink","Egypt - 500MB/day",0.5,1,1,2,,yes
egypt,"eSIM4Travel","Egypt (Vodafone, Orange, Etisalat/e&amp;) - 500MB/1Days",0.5,1,1,2,,yes
egypt,"Journey Esims","Egypt 1 GB · 1 day",1,1,2,2,,no
egypt,"Journey Esims","Egypt 1 GB · 7 days",1,7,2,2,,no
egypt,"eSimfly","Egypt 1 GB 7 Days",1,7,2,2,,no
egypt,"Giga.Tel","World 66 - 1GB/Lifetime",1,0,2,2,,yes
egypt,"RedEx eSIM","1 GB - 7 Days",1,7,2,2,,no
egypt,"4S eSIM","Middle East 1GB - 5 Days",1,5,2.04,2.04,,no
egypt,"Stellar eSim","Egypt 500MB/Day + Free Stellar VPN",0.5,1,1.02896104,2.058,,no
egypt,"Stellar eSim","Egypt 500MB 7Days + Free Stellar VPN",0.5,7,1.02896104,2.058,,no
egypt,"ESIM.DOG 🐶","⚡️ [5G] Vodafone Egypt &amp; more - Best 5G Coverage (1GB/7Days) - Blue route",1,7,2.11,2.11,,yes
egypt,"4S eSIM","Middle East 1GB - 7 Days",1,7,2.12,2.12,,no
egypt,"abesteSIM","eSIM Egypt - 5 Days / Total 1GB",1,5,2.1201632993340676,2.12,,yes
egypt,"MicroEsim","Egypt eSIM 5G - 3 Days / Total 1GB",1,3,2.13,2.13,ESIMDB,yes
egypt,"abesteSIM","eSIM Middle East (17 Countries) - 1 Day / Daily 500MB",0.5,1,1.07181687088106,2.144,,yes
egypt,"Ozly eSIM","Egypt 1GB 7Days",1,7,2.15,2.15,,yes
egypt,"abesteSIM","eSIM Egypt - 7 Days / Total 1GB",1,7,2.1592807033808215,2.159,,yes
egypt,"ESIM.DOG 🐶","⚡️ [5G] Africa (2 countries) - Best 5G Coverage (500MB/1Days) - Black route",0.5,1,1.08,2.16,,yes
egypt,"YonoSIM","Egypt 1GB/Day",1,1,2.17,2.17,,no
egypt,"ESIM.DOG 🐶","⚡️ Best Coverage in Egypt (1GB/1Days) - Pink route",1,1,2.18,2.18,,no
egypt,"abesteSIM","eSIM Africa (21 Countries) - 1 Day / Daily 500MB",0.5,1,1.0952873133091123,2.191,,yes
egypt,"ESIM.DOG 🐶","⚡️ [5G] Vodafone Egypt &amp; more - Best 5G Coverage (1GB/1Days) - Blue route",1,1,2.24,2.24,,yes
egypt,"eSimy","Egypt - 1 GB - 7 Days",1,7,2.30071064,2.301,,no
egypt,"Roamic","Egypt eSIM 1GB / 7 Days",1,7,2.30071064,2.301,,no
egypt,"ASIMGO","eSIM Africa - 21 Counties - 1 Day / Daily 500MB",0.5,1,1.16,2.32,,yes
egypt,"MicroEsim","Egypt eSIM 5G - 5 Days / Total 1GB",1,5,2.35,2.35,ESIMDB,yes
egypt,"4S eSIM","Global 1GB - 1 Day",1,1,2.35,2.35,,no
egypt,"Connect Me Guru","Egypt 1GB 7Days",1,7,2.35,2.35,,yes
egypt,"Hiroaming","Egypt 1GB 7Days",1,7,2.36,2.36,,no
egypt,"Tourist eSIM","Egypt • 1 GB • 7 Days",1,7,2.39,2.39,,no
egypt,"AdventureSIMs","Egypt 1GB 7 Days",1,7,2.3963917111637354,2.396,,yes
egypt,"Breeze","Egypt",10,30,23.99,2.399,ESIMDB10OFF,no
egypt,"eSimFlare","Egypt 1GB 7Days",1,7,2.4,2.4,,no
egypt,"MicroEsim","Egypt eSIM 5G - 7 Days / Total 1GB",1,7,2.41,2.41,ESIMDB,yes
egypt,"Yatelo","EGY 1GB 7 Days",1,7,2.41,2.41,,yes
egypt,"MicroEsim","Egypt eSIM 5G - 1 Day / Daily 500MB",0.5,1,1.22,2.44,ESIMDB,yes
egypt,"4S eSIM","Global 1GB - 5 Days",1,5,2.45,2.45,,no
egypt,"Astaroam","Egypt 1GB 7Days",1,7,2.455543519993465,2.456,,yes
egypt,"SimSwift","Egypt 1GB 7Days",1,7,2.49,2.49,,no
egypt,"MoodSIM","Egypt 1 GB 7 Days",1,7,2.49,2.49,,yes
egypt,"Giga.Tel","Egypt – 1GB – 7 Days – Free VPN",1,7,2.49,2.49,,yes
egypt,"abesteSIM","eSIM Egypt - 10 Days / Total 1GB",1,10,2.495690378182906,2.496,,yes
egypt,"iRoamly","Egypt-eSIM-1GB-1 Day-Daily",1,1,2.5,2.5,,yes
egypt,"iRoamly","Egypt-eSIM-1GB-3 Days-Total",1,3,2.5,2.5,,yes
egypt,"Zwitchy","Egypt · 1 GB · 30 days",1,30,2.5,2.5,,yes
egypt,"ESIM.DOG 🐶","⚡️ [5G] Global (202 countries) - Best 5G Coverage (1GB/7Days) - Yellow route",1,7,2.54,2.54,,yes
egypt,"4S eSIM","Global 1GB - 7 Days",1,7,2.55,2.55,,no
egypt,"abesteSIM","eSIM Middle East (8 Countries) - 3 Days / Total 1GB",1,3,2.5739251862764143,2.574,,yes
egypt,"Connect Me Guru","Egypt 1GB/Day",1,1,2.58,2.58,,yes
egypt,"eSimFlare","Egypt 1GB/Day",1,1,2.6,2.6,,no
egypt,"Billion Connect","North Africa eSIM [4 Countries] 3 Days 1GB",1,3,2.6,2.6,,yes
egypt,"ESIM.DOG 🐶","⚡️ [5G] Asia (10 countries) - Best 5G Coverage (1GB/1Days) - Pink route",1,1,2.63,2.63,,no
egypt,"ESIM.DOG 🐶","⚡️ Best Coverage in Egypt (300MB/3Days) - Yellow route",0.3,3,0.79,2.633,,no
egypt,"SparkRoam","1 GB / 7 Days",1,7,2.66,2.66,,no
egypt,"RedEx eSIM","1 GB - 7 Days",1,7,2.69,2.69,,no
egypt,"AlpineSIM","AlpineSIM Unlimited Egypt eSIM - 500MB/Day / 1",0.5,1,1.3488523516296735,2.698,,yes
egypt,"abesteSIM","eSIM Egypt - 15 Days / Total 1GB",1,15,2.699100879226027,2.699,,yes
egypt,"Awinst Connect","1 GB / 7 days",1,7,2.7,2.7,,no
egypt,"YonoSIM","Egypt 1GB/Day FUP1Mbps",1,1,2.7,2.7,,no
egypt,"voilà","",1,7,2.7,2.7,,yes
egypt,"eSimfly","Europe Max 1 GB 7 Days",1,7,2.71,2.71,,no
egypt,"Giga.Tel","Egypt – 1GB ($2.75) – 7 Days – Free VPN",1,7,2.75,2.75,,yes
egypt,"Giga.Tel","Egypt – 1GB – 1 Day – Free VPN",1,1,2.75,2.75,,yes
egypt,"RedEx eSIM","Egypt 1GB 7Days",1,7,2.77,2.77,,yes
egypt,"Superalink","Egypt - Regular",1,7,2.78,2.78,,yes
egypt,"MicroEsim","Egypt eSIM 5G - 10 Days / Total 1GB",1,10,2.78,2.78,ESIMDB,yes
egypt,"iRoamly","Egypt-eSIM-1GB-5 Days-Total",1,5,2.8,2.8,,yes
egypt,"eSIMCard","eSIM Data For 1GB in 3 Days, Egypt",1,3,2.81,2.81,,yes
egypt,"abesteSIM","eSIM Middle East (8 Countries) - 5 Days / Total 1GB",1,5,2.8164530913662893,2.816,,yes
egypt,"AlpineSIM","AlpineSIM Egypt eSIM - 500MB | 7Days",0.5,7,1.4107263127136034,2.821,,yes
egypt,"BNESIM","Surf 1 GB in Egypt for 30 days",1,30,2.87,2.87,,no
egypt,"abesteSIM","eSIM Egypt - 30 Days / Total 1GB",1,30,2.8790409378410957,2.879,,yes
egypt,"eSIMPal","Egypt - 1GB 30 Days",1,30,2.9,2.9,,yes
egypt,"Esimglobe","eSIM Egypt Unlimited Egypt 1GB/Day / 1",1,1,2.9,2.9,,no
egypt,"GIGAGO","Africa eSIM (6 countries)",1,1,2.9,2.9,,no
egypt,"GIGAGO","Egypt eSIM",1,1,2.9,2.9,,no
egypt,"RedEx eSIM","Egypt 1GB/Day",1,1,2.92,2.92,,yes
egypt,"Roamless","Egypt - No Expiration",1,0,2.95,2.95,,yes
egypt,"DashRoam","Egypt 1GB 7Days",1,7,2.95,2.95,,yes
egypt,"Giga.Tel","Egypt – 1 GB/Day – 1 Day (Activate within 90 Days)",1,1,2.95,2.95,,yes
egypt,"abesteSIM","eSIM Africa (17 Countries) - 1 Day / Daily 500MB",0.5,1,1.4864613537766524,2.973,,yes
egypt,"SimSwift","Egypt 1GB/Day",1,1,2.99,2.99,,no
egypt,"Govora","Egypt 1GB 7Days",1,7,2.99,2.99,,no
egypt,"YonoSIM","Egypt 1GB 7Days",1,7,2.99,2.99,,no
egypt,"Hungry eSIM","Egypt eSIM Data — 7 Day / 1GB",1,7,2.99,2.99,,yes
egypt,"Movisim","Egypt 1.0GB - 7-Day eSIM",1,7,2.99,2.99,,yes
egypt,"Movisim","Egypt 1.0GB/day (Unlimited) - 1-Day eSIM",1,1,2.99,2.99,,yes
egypt,"Earth Esim","1GB/1 Day Egypt 5G eSIM",1,1,2.99,2.99,,yes
egypt,"Esimify","Egypt 1GB 7Days",1,7,2.99,2.99,,yes
egypt,"Movisim","Egypt 1.0GB - 1-Day eSIM",1,1,2.99,2.99,,yes
egypt,"Movisim","Egypt 1GB - 7-Day eSIM",1,7,2.99,2.99,,no
egypt,"MoodSIM","Egypt Unlimited (1 GB/day, then 512 Kbps) 1 Day",1,1,2.99,2.99,,yes
egypt,"Simbye","Egypt 1GB 7Days",1,7,2.99,2.99,,no
egypt,"YonoSIM","Egypt 500MB/Day",0.5,1,1.5,3,,no
egypt,"Instabridge","1 GB Egypt eSIM Mobile Data Plan",1,7,3,3,,no
egypt,"iRoamly","Egypt-eSIM-1GB-7 Days-Total",1,7,3,3,,yes
egypt,"MicroEsim","Egypt eSIM 5G - 15 Days / Total 1GB",1,15,3,3,ESIMDB,yes
egypt,"Roamify","Global Plus eSIM 1 GB - 3 Days",1,3,3,3,,yes
egypt,"Connect Me Guru","Egypt 1GB/Day FUP1Mbps",1,1,3.1,3.1,,yes
egypt,"Billion Connect","North Africa eSIM [4 Countries] 1 Day 500MB/Day",0.5,1,1.56,3.12,,yes
egypt,"Horizon eSIM","Egypt 100MB 7Days",0.1,7,0.31215672000000005,3.122,,no
egypt,"Revo eSIM","Egypt",1,7,3.15,3.15,,no
egypt,"Giga.Tel","Egypt – 1GB ($3.15) – 1 Day – Free VPN",1,1,3.15,3.15,,yes
egypt,"Hungry eSIM","Egypt Unlimited eSIM — 1GB/Day · 512 Kbps after",1,1,3.16,3.16,,yes
egypt,"MicroEsim","Egypt eSIM 5G - 30 Days / Total 1GB",1,30,3.2,3.2,ESIMDB,yes
egypt,"Giga.Tel","Global 60-1GB",1,30,3.2,3.2,,yes
egypt,"Voyasim","Egypt 1GB 7Days",1,7,3.2,3.2,,yes
egypt,"TraveleSIM.CH","Sim Card for Egypt - 1GB - 7 Days",1,7,3.2050711841475725,3.205,,yes
egypt,"Always Mobile","Egypt 1GB 7Days",1,7,3.25,3.25,,yes
egypt,"Flysimio","Egypt 1GB 7Days",1,7,3.25,3.25,,yes
egypt,"Giga.Tel","Egypt – 1GB ($3.25) – 7 Days – Free VPN",1,7,3.25,3.25,,yes
egypt,"Giga.Tel","Egypt – 1GB ($3.25) – 1 Day – Free VPN",1,1,3.25,3.25,,yes
egypt,"eSIModo","eSIM Egypt",1,3,3.26,3.26,,no
egypt,"Hiroaming","Egypt 1GB/Day FUP1Mbps",1,1,3.27,3.27,,no
egypt,"RedEx eSIM","Egypt 1GB/Day FUP1Mbps",1,1,3.29,3.29,,yes
egypt,"abesteSIM","eSIM Middle East (17 Countries) - 1 Day / Daily 1GB",1,1,3.293685420736688,3.294,,yes
egypt,"iRoamly","Egypt-eSIM-1GB-10 Days-Total",1,10,3.3,3.3,,yes
egypt,"Billion Connect","Egypt eSIM 1 Day 500MB/Day",0.5,1,1.67,3.34,,yes
egypt,"AlpineSIM","AlpineSIM Egypt eSIM - 100MB | 7Days",0.1,7,0.33411938985322187,3.341,,yes
egypt,"abesteSIM","eSIM Middle East (8 Countries) - 10 Days / Total 1GB",1,10,3.3406263055927927,3.341,,yes
egypt,"Yesim","Egypt",1,30,3.3527944,3.353,,yes
egypt,"Manet Travel","Local Egypt - 7 Days - 1 GB",1,7,3.3527944,3.353,,no
egypt,"SimBalkan","Egypt · 1 GB · 7 days",1,7,3.3527944,3.353,,yes
egypt,"SimBalkan","Egypt · Unlimited · 1 days",1,1,3.3527944,3.353,,yes
egypt,"AdventureSIMs","Egypt 500MB 7 Days",0.5,7,1.7955265328483443,3.591,,yes
egypt,"Hiroaming","Egypt 500MB/Day",0.5,1,1.82,3.64,,no
egypt,"Hiroaming","Egypt 500MB 7Days",0.5,7,1.82,3.64,,no
egypt,"SimSmash","Egypt Daily Unlimited 0.49GB/day for 1 Days",0.49,1,1.79,3.653,,no
egypt,"ESIM.DOG 🐶","⚡️ [5G] Vodafone Egypt &amp; more - Best 5G Coverage (500MB/1Days) - Blue route",0.5,1,1.85,3.7,,yes
egypt,"Connect Me Guru","Egypt 500MB 7Days",0.5,7,1.9,3.8,,yes
egypt,"Connect Me Guru","Egypt 500MB/Day",0.5,1,1.9,3.8,,yes
egypt,"YonoSIM","Egypt 500MB 7Days",0.5,7,1.99,3.98,,no
egypt,"Earth Esim","500MB/1 Day Egypt 5G eSIM",0.5,1,1.99,3.98,,yes
egypt,"Lumbus","Egypt 500MB 7Days",0.5,7,1.99,3.98,,no
egypt,"MoodSIM","Egypt Unlimited (500 MB/day, then 512 Kbps) 1 Day",0.5,1,1.99,3.98,,yes
egypt,"Simsima","Egypt 100MB 7Days",0.1,7,0.4,4,,yes
egypt,"eSimFlare","Egypt 500MB 7Days",0.5,7,2,4,,no
egypt,"eSimFlare","Egypt 500MB/Day",0.5,1,2,4,,no
egypt,"Giga.Tel","World 99 - 500MB/Lifetime",0.5,0,2,4,,yes
egypt,"ESIM.DOG 🐶","⚡️ Best Coverage in Egypt (500MB/1Days) - Pink route",0.5,1,2.04,4.08,,no
egypt,"abesteSIM","eSIM Egypt - 3 Days / Daily 500MB",0.5,3,2.2375155114743297,4.475,,yes
egypt,"ESIM.DOG 🐶","⚡️ [5G] Asia (10 countries) - Best 5G Coverage (500MB/1Days) - Pink route",0.5,1,2.26,4.52,,no
egypt,"abesteSIM","eSIM Global (66 Destinations) - 3 Days / Daily 500MB",0.5,3,2.300103357949136,4.6,,yes
egypt,"RedEx eSIM","Egypt 500MB 7Days",0.5,7,2.45,4.9,,yes
egypt,"RedEx eSIM","Egypt 500MB/Day",0.5,1,2.45,4.9,,yes
egypt,"MicroEsim","Egypt eSIM 5G - 3 Days / Daily 500MB",0.5,3,2.49,4.98,ESIMDB,yes
egypt,"Voyasim","Egypt 100MB 7Days",0.1,7,0.5,5,,yes
egypt,"GIGAGO","Africa eSIM (6 countries)",0.5,1,2.5,5,,no
egypt,"GIGAGO","Egypt eSIM",0.5,1,2.5,5,,no
egypt,"Voyasim","Egypt 500MB/Day",0.5,1,2.5,5,,yes
egypt,"Voyasim","Egypt 500MB 7Days",0.5,7,2.5,5,,yes
egypt,"DashRoam","Egypt 500MB 7Days",0.5,7,2.5,5,,yes
egypt,"Govora","Egypt 500MB 7Days",0.49,7,2.49,5.082,,no
egypt,"Esimglobe","Sharm el Sheikh eSIM Egypt 500MB 7Days",0.5,7,2.6,5.2,,no
egypt,"ESIM.DOG 🐶","🎁 $0.53 + VPN | [5G] Vodafone Egypt - Best 5G Coverage (100MB/1Days) - Black route",0.1,1,0.53,5.3,,yes
egypt,"Hungry eSIM","Egypt eSIM Data — 7 Day / 0.5GB",0.5,7,2.65,5.3,,yes
egypt,"Hungry eSIM","Egypt Unlimited eSIM — 0.5GB/Day · 512 Kbps after",0.5,1,2.65,5.3,,yes
egypt,"Hiroaming","Egypt 100MB 7Days",0.1,7,0.54,5.4,,no
egypt,"ESIM.DOG 🐶","🎁 $0.55 + VPN | [5G] Vodafone Egypt - Best 5G Coverage (100MB/30Days) - Black route",0.1,30,0.55,5.5,,yes
egypt,"Billion Connect","Africa eSIM [18 Regions] 1 Day 500MB/Day",0.5,1,2.79,5.58,,yes
egypt,"ByteSIM","Egypt 500MB/day for 1 day",0.5,1,2.9,5.8,,no
egypt,"GIGAGO","Global eSIM (76 countries)",0.5,1,2.9,5.8,,no
egypt,"ESIM.DOG 🐶","⚡️ [5G] Global (202 countries) - Best 5G Coverage (300MB/3Days) - Yellow route",0.3,3,1.79,5.967,,yes
egypt,"Movisim","Egypt 500MB - 7-Day eSIM",0.5,7,2.99,5.98,,yes
egypt,"Movisim","Egypt 500MB/day (Unlimited) - 1-Day eSIM",0.5,1,2.99,5.98,,yes
egypt,"Movisim","Egypt 500MB - 1-Day eSIM",0.5,1,2.99,5.98,,yes
egypt,"YeeSiM","Egypt eSIM - 500MB Total for 7 days",0.5,7,3,6,,yes
egypt,"Skyalo","Egypt • 500 MB/day • 1 day",0.5,1,3,6,,yes
egypt,"Skyalo","Egypt • 500 MB • 7 days",0.5,7,3,6,,yes
egypt,"Wiiline","Middle East 8 Countries - 1 490 MB",0.49,1,3.01,6.143,,yes
egypt,"Billion Connect","Egypt eSIM 3 Days 500MB/Day",0.5,3,3.1,6.2,,yes
egypt,"Billion Connect","North Africa eSIM [4 Countries] 3 Days 500MB/Day",0.5,3,3.23,6.46,,yes
egypt,"BlueSky eSIM","🔷 [5G] Worldwide (201 countries) Best Coverage (300MB/3d)",0.3,3,1.97,6.567,,yes
egypt,"JamboSim","eSIM JamboSim Global 300MB / 3 Days",0.3,3,1.99,6.633,,no
egypt,"Truely","Egypt - 300MB, 2 days",0.3,2,2.09,6.967,,yes
egypt,"eSIM4Travel","Egypt (Vodafone, Orange, Etisalat/e&amp;) - 100MB/1Days",0.1,1,0.7,7,,yes
egypt,"Connect Me Guru","Egypt 100MB 7Days",0.1,7,0.85,8.5,,yes
egypt,"Stellar eSim","Egypt 100MB 7Days + Free Stellar VPN",0.1,7,0.8555406400000001,8.555,,no
egypt,"ESIM.DOG 🐶","⚡️ Best Coverage in Egypt (200MB/30Days) - Yellow route",0.2,30,1.79,8.95,,no
egypt,"Roamix","Egypt 100MB 1Days",0.1,1,0.95,9.5,,yes
egypt,"Roamix","Egypt 100MB 3Days",0.1,3,0.95,9.5,,yes
egypt,"Roamix","Egypt 100MB 5Days",0.1,5,0.95,9.5,,yes
egypt,"Roamix","Egypt 100MB 7Days",0.1,7,0.95,9.5,,yes
egypt,"ESIM.DOG 🐶","⚡️ [5G] Global (202 countries) - Best 5G Coverage (200MB/30Days) - Yellow route",0.2,30,1.96,9.8,,yes
egypt,"BlueSky eSIM","✈️ [5G] Worldwide (201 countries) Best Coverage (200MB/30d)",0.2,30,1.97,9.85,,yes
egypt,"Journey Esims","Egypt 100 MB · 1 day",0.1,1,1,10,,no
egypt,"Zwitchy","Egypt · 100 MB · 1 day",0.1,1,1,10,,yes
egypt,"ESIM.DOG 🐶","⚡️ [5G] Africa (2 countries) - Best 5G Coverage (100MB/1Days) - Black route",0.1,1,1.08,10.8,,yes
egypt,"MobileSIM","Global 200 MB for 30 days",0.2,30,2.3,11.5,,no
egypt,"DashRoam","Egypt 100MB 7Days",0.1,7,1.45,14.5,,yes
egypt,"merdata","eSIM Egypt 100 MB 7 days",0.1,7,1.471768269229895,14.718,,no
egypt,"JamboSim","eSIM JamboSim Global 200MB / 30 Days",0.2,30,2.99,14.95,,no
egypt,"PikaSim","Egypt 100MB 7Days",0.1,7,1.5,15,,no
egypt,"Esimglobe","Sharm el Sheikh eSIM Egypt 100MB 7Days",0.1,7,1.7,17,,no
egypt,"RedEx eSIM","Egypt 100MB 7Days",0.1,7,1.71,17.1,,yes
egypt,"Hungry eSIM","Egypt eSIM Data — 7 Day / 0.1GB",0.1,7,1.84,18.4,,yes
egypt,"Esimglobe","Egypt eSIM Egypt 100MB 7Days",0.1,7,1.9,19,,no
egypt,"ESIM.DOG 🐶","⚡️ [5G] Africa (2 countries) - Best 5G Coverage (100MB/3Days) - Black route",0.1,3,1.96,19.6,,yes
egypt,"ESIM.DOG 🐶","⚡️ [5G] Africa (2 countries) - Best 5G Coverage (100MB/5Days) - Black route",0.1,5,1.96,19.6,,yes
egypt,"ESIM.DOG 🐶","⚡️ [5G] Africa (2 countries) - Best 5G Coverage (100MB/7Days) - Black route",0.1,7,1.96,19.6,,yes
egypt,"ESIM.DOG 🐶","⚡️ [5G] Africa (2 countries) - Best 5G Coverage (100MB/10Days) - Black route",0.1,10,1.96,19.6,,yes
egypt,"ESIM.DOG 🐶","⚡️ [5G] Africa (2 countries) - Best 5G Coverage (100MB/15Days) - Black route",0.1,15,1.96,19.6,,yes
egypt,"ESIM.DOG 🐶","⚡️ [5G] Africa (2 countries) - Best 5G Coverage (100MB/20Days) - Black route",0.1,20,1.96,19.6,,yes
egypt,"ESIM.DOG 🐶","⚡️ [5G] Africa (2 countries) - Best 5G Coverage (100MB/30Days) - Black route",0.1,30,1.96,19.6,,yes
egypt,"eSimFlare","Egypt 100MB 7Days",0.1,7,2,20,,no
egypt,"Keepgo","Hydrus",0.1,0,2,20,,yes
egypt,"Journey Esims","Regional (9 countries) 100 MB · 1 day",0.1,1,2,20,,no
egypt,"Keepgo","Tucana",0.1,0,2,20,,yes
egypt,"Giga.Tel","World 129 - 100MB/Lifetime",0.1,0,2,20,,yes
egypt,"yaySIM","EG_0.1_7",0.1,7,2.1966584,21.536,,yes
egypt,"Turnaa eSIM","Egypt · 0.1 GB · 7 days",0.1,7,2.99,29.9,,yes
egypt,"Movisim","Egypt 100MB - 7-Day eSIM",0.1,7,2.99,29.9,,yes
egypt,"Bordersim","Egypt 100MB 7Days",0.1,7,2.99,29.9,,yes
egypt,"Keepgo","Eridanus World",0.1,0,3,30,,yes
france,"Stellar eSim","France 3GB 30Days + Free Stellar VPN",3,30,0.6243134400000001,0.208,,no
france,"Sim Local","France eSIM – 70 GB for 15 Days + EU Roaming",70,15,17.5,0.25,,no
france,"ESIM.DOG 🐶","⚡️ Best Coverage in France (3GB/1Days) - Pink route",3,1,0.76,0.253,,no
france,"ESIM.DOG 🐶","⚡️ [5G] Bouygues France - Best 5G Coverage (3GB/3Days) - Black route",3,3,0.76,0.253,,yes
france,"ESIM.DOG 🐶","⚡️ [5G] Bouygues France - Best 5G Coverage (3GB/5Days) - Black route",3,5,0.76,0.253,,yes
france,"ESIM.DOG 🐶","⚡️ [5G] Bouygues France - Best 5G Coverage (3GB/30Days) - Black route",3,30,0.76,0.253,,yes
france,"ESIM.DOG 🐶","⚡️ [5G] Bouygues France - Best 5G Coverage (3GB/15Days) - Black route",3,15,0.76,0.253,,yes
france,"ESIM.DOG 🐶","⚡️ [5G] Bouygues France - Best 5G Coverage (3GB/7Days) - Black route",3,7,0.76,0.253,,yes
france,"ESIM.DOG 🐶","⚡️ [5G] Bouygues France - Best 5G Coverage (3GB/10Days) - Black route",3,10,0.76,0.253,,yes
france,"ESIM.DOG 🐶","⚡️ [5G] Bouygues France - Best 5G Coverage (3GB/12Days) - Black route",3,12,0.76,0.253,,yes
france,"ESIM.DOG 🐶","⚡️ [5G] Bouygues France - Best 5G Coverage (3GB/14Days) - Black route",3,14,0.76,0.253,,yes
france,"ESIM.DOG 🐶","⚡️ [5G] Bouygues France - Best 5G Coverage (3GB/20Days) - Black route",3,20,0.76,0.253,,yes
france,"ESIM.DOG 🐶","⚡️ [5G] Bouygues France - Best 5G Coverage (3GB/21Days) - Black route",3,21,0.76,0.253,,yes
france,"ESIM.DOG 🐶","⚡️ [5G] Bouygues France - Best 5G Coverage (3GB/25Days) - Black route",3,25,0.76,0.253,,yes
france,"ESIM.DOG 🐶","⚡️ [5G] Bouygues France - Best 5G Coverage (5GB/1Days) - Black route",5,1,1.63,0.326,,yes
france,"Stellar eSim","France 5GB/Day + Free Stellar VPN",5,1,1.6417131200000001,0.328,,no
france,"ESIM.DOG 🐶","⚡️ [5G] Bouygues France - Best 5G Coverage (2GB/15Days) - Black route",2,15,0.76,0.38,,yes
france,"ESIM.DOG 🐶","⚡️ [5G] Bouygues France - Best 5G Coverage (2GB/30Days) - Black route",2,30,0.76,0.38,,yes
france,"ESIM.DOG 🐶","⚡️ [5G] Europe (33 countries) - Best 5G Coverage (3GB/1Days) - Pink route",3,1,1.2,0.4,,no
france,"ESIM.DOG 🐶","⚡️ [5G] Europe (33 countries) - Best 5G Coverage (3GB/3Days) - Pink route",3,3,1.2,0.4,,no
france,"ESIM.DOG 🐶","⚡️ [5G] Europe (33 countries) - Best 5G Coverage (3GB/5Days) - Pink route",3,5,1.2,0.4,,no
france,"ESIM.DOG 🐶","⚡️ [5G] Europe (33 countries) - Best 5G Coverage (3GB/7Days) - Pink route",3,7,1.2,0.4,,no
france,"ESIM.DOG 🐶","⚡️ [5G] Europe (33 countries) - Best 5G Coverage (3GB/10Days) - Pink route",3,10,1.2,0.4,,no
france,"Stellar eSim","Europe (33 areas) 3GB 15Days + Free Stellar VPN",3,15,1.2139428,0.405,,no
france,"Stellar eSim","France 3GB 15Days + Free Stellar VPN",3,15,1.2139428,0.405,,no
france,"ESIM.DOG 🐶","⚡️ [5G] Europe (45 countries) - Best 5G Coverage (3GB/20Days) - Pink route",3,20,1.22,0.407,,no
france,"ESIM.DOG 🐶","⚡️ [5G] Bouygues France - Best 5G Coverage (4GB/1Days) - Black route",4,1,1.63,0.407,,yes
france,"Stellar eSim","Europe (33 areas) 4GB 30Days + Free Stellar VPN",4,30,1.6417131200000001,0.41,,no
france,"Stellar eSim","France 3GB/Day + Free Stellar VPN",3,1,1.2717496000000001,0.424,,no
france,"Stellar eSim","Europe (33 areas) 3GB 30Days + Free Stellar VPN",3,30,1.2833109600000001,0.428,,no
france,"Stellar eSim","Europe (33 areas) 3GB/Day FUP1Mbps + Free Stellar VPN",3,1,1.3526791200000001,0.451,,no
france,"thirr.com","FR 3GB 7D",3,7,1.5260995200000003,0.509,,yes
france,"Stellar eSim","Europe (33 areas) 2GB 15Days + Free Stellar VPN",2,15,1.0520837600000001,0.526,,no
france,"Stellar eSim","France 2GB 15Days + Free Stellar VPN",2,15,1.0520837600000001,0.526,,no
france,"ESIM888","France (3GB/30DAYS)",3,30,1.65,0.55,,no
france,"Stellar eSim","France 2GB/Day + Free Stellar VPN",2,1,1.10989056,0.555,,no
france,"Stellar eSim","Europe (33 areas) 2GB 30Days + Free Stellar VPN",2,30,1.10989056,0.555,,no
france,"Billion Connect","Global eSIM [45 Countries] 1 Day 3GB/Day",3,1,1.67,0.557,,yes
france,"ESIM.DOG 🐶","⚡️ [5G] Europe (33 countries) - Best 5G Coverage (2GB/1Days) - Pink route",2,1,1.14,0.57,,no
france,"ESIM.DOG 🐶","⚡️ [5G] Europe (28 countries) - Best 5G Coverage (2GB/15Days) - Yellow route",2,15,1.2,0.6,,yes
france,"Stellar eSim","Europe (33 areas) 2GB/Day FUP1Mbps + Free Stellar VPN",2,1,1.2023814400000001,0.601,,no
france,"RedEx eSIM","Unlimited Data - 1 Days (2 GB / 384 KBPS)",2,1,1.24,0.62,,no
france,"Billion Connect","Global eSIM [45 Countries] 1 Day 2GB/Day",2,1,1.25,0.625,,yes
france,"Stellar eSim","France 2GB/Day FUP1Mbps + Free Stellar VPN",2,1,1.2601882400000002,0.63,,no
france,"ASIMGO","eSIM France - 1 Day / Daily 1GB",1,1,0.65,0.65,,yes
france,"ESIM.DOG 🐶","⚡️ [5G] Europe (33 countries) - Best 5G Coverage (1GB/5Days) - Pink route",1,5,0.66,0.66,,no
france,"ESIM.DOG 🐶","⚡️ [5G] Europe (33 countries) - Best 5G Coverage (1GB/1Days) - Pink route",1,1,0.66,0.66,,no
france,"eSIMX","France 10GB 7Days",10,7,6.8,0.68,,yes
france,"Stellar eSim","Europe (33 areas) 1GB 7Days + Free Stellar VPN",1,7,0.68212024,0.682,,no
france,"eSIM4Travel","Best Europe 41 - 1GB/1Days",1,1,0.69,0.69,,yes
france,"eSIM4Travel","Best Europe 41 - 1GB/7Days",1,7,0.69,0.69,,yes
france,"Stellar eSim","France 1GB/Day + Free Stellar VPN",1,1,0.6936816,0.694,,no
france,"Billion Connect","Europe eSIM [33 Countries] 1 Day 2GB/Day",2,1,1.43,0.715,,yes
france,"abesteSIM","eSIM Europe (36 Countries) - 1 Day / Daily 2GB",2,1,1.4551674305392495,0.728,,yes
france,"RedEx eSIM","Unlimited Data - 1 Days (2 GB / 384 KBPS)",2,1,1.46,0.73,,no
france,"Superalink","France - Regular",1,1,0.75,0.75,,yes
france,"Stellar eSim","Europe (33 areas) 1GB/Day FUP1Mbps + Free Stellar VPN",1,1,0.7514884000000001,0.751,,no
france,"Stellar eSim","France 1GB 7Days + Free Stellar VPN",1,7,0.7514884000000001,0.751,,no
france,"Superalink","France - Regular",2,1,1.51,0.755,,yes
france,"ESIM.DOG 🐶","⚡️ [5G] Bouygues France - Best 5G Coverage (1GB/5Days) - Black route",1,5,0.76,0.76,,yes
france,"ESIM.DOG 🐶","⚡️ [5G] Bouygues France - Best 5G Coverage (1GB/15Days) - Black route",1,15,0.76,0.76,,yes
france,"ESIM.DOG 🐶","⚡️ [5G] Bouygues France - Best 5G Coverage (1GB/20Days) - Black route",1,20,0.76,0.76,,yes
france,"ESIM.DOG 🐶","⚡️ [5G] Bouygues France - Best 5G Coverage (1GB/30Days) - Black route",1,30,0.76,0.76,,yes
france,"ESIM.DOG 🐶","⚡️ [5G] Bouygues France - Best 5G Coverage (1GB/10Days) - Black route",1,10,0.76,0.76,,yes
france,"ESIM.DOG 🐶","⚡️ [5G] Bouygues France - Best 5G Coverage (1GB/7Days) - Black route",1,7,0.76,0.76,,yes
france,"ESIM.DOG 🐶","⚡️ [5G] Europe (34 countries) - Best 5G Coverage (1.5GB/1Days) - Blue route",1.5,1,1.14,0.76,,yes
france,"Superalink","France - Regular",2,3,1.53,0.765,,yes
france,"Superalink","France - Regular",1,3,0.77,0.77,,yes
france,"abesteSIM","eSIM Europe (36 Countries) - 1 Day / Daily 500MB",0.5,1,0.3911740404675402,0.782,,yes
france,"Superalink","France - Regular",2,5,1.57,0.785,,yes
france,"MicroEsim","Europe eSIM 36 Countries - 1 Day / Daily 2GB",2,1,1.57,0.785,ESIMDB,yes
france,"Superalink","France - Regular",1,5,0.79,0.79,,yes
france,"ASIMGO","eSIM Europe (36 Countries) - 1 Day / Daily 2GB",2,1,1.58,0.79,,yes
france,"Ubigi","",10,7,8,0.8,,yes
france,"ASIMGO","eSIM Europe (36 Countries) - 1 Day / Daily 500MB",0.5,1,0.4,0.8,,yes
france,"Superalink","France - Regular",2,7,1.6,0.8,,yes
france,"AlpineSIM","AlpineSIM Unlimited France eSIM - 2GB/Day / 1",2,1,1.6087229881821794,0.804,,yes
france,"Superalink","France - Regular",2,10,1.62,0.81,,yes
france,"RedEx eSIM","Unlimited Data - 1 Days (2 GB / 384 KBPS)",2,1,1.62,0.81,,no
france,"Stellar eSim","Europe (33 areas) 750MB 7Days + Free Stellar VPN",0.75,7,0.61275208,0.817,,no
france,"Superalink","France - Regular",1,7,0.82,0.82,,yes
france,"Superalink","France - Regular",2,15,1.64,0.82,,yes
france,"ESIM.DOG 🐶","⚡️ [5G] Europe (33 countries) - Best 5G Coverage (800MB/1Days) - Pink route",0.8,1,0.66,0.825,,no
france,"MicroEsim","Europe eSIM 33 Countries - 1 Day / Daily 2GB",2,1,1.65,0.825,ESIMDB,yes
france,"Superalink","France - Regular",1,10,0.83,0.83,,yes
france,"Superalink","France - Regular",2,20,1.66,0.83,,yes
france,"RedEx eSIM","Unlimited Data - 1 Days (2 GB / 384 KBPS)",2,1,1.66,0.83,,no
france,"Superalink","France - Regular",2,30,1.68,0.84,,yes
france,"ESIM888","France (1GB/7DAYS)",1,7,0.85,0.85,,no
france,"Superalink","France - Regular",1,15,0.85,0.85,,yes
france,"Stellar eSim","France 1GB/Day FUP1Mbps + Free Stellar VPN",1,1,0.8555406400000001,0.856,,no
france,"Superalink","France - Regular",1,20,0.86,0.86,,yes
france,"Superalink","France - Regular",1,30,0.87,0.87,,yes
france,"AlpineSIM","AlpineSIM Unlimited France eSIM - 1GB/Day / 1",1,1,0.8786102473918056,0.879,,yes
france,"AlpineSIM","AlpineSIM Europe (33 areas) eSIM - 1GB | 7Days",1,7,0.8909850396085915,0.891,,yes
france,"EZsim","France - 1GB/7Days",1,7,0.9,0.9,,no
france,"Horizon eSIM","France 1GB 7Days",1,7,0.9133474400000001,0.913,,no
france,"abesteSIM","eSIM Asia+Europe 52 Regions - 1 Day / Daily 500MB",0.5,1,0.46158536775169734,0.923,,yes
france,"ASIMGO","eSIM Asia&amp;Europe - 52 Countries - 1 Day / Daily 500MB",0.5,1,0.47,0.94,,yes
france,"AlpineSIM","AlpineSIM Unlimited Europe (33 areas) eSIM - 1GB/Day / 1",1,1,0.9404842084757357,0.94,,yes
france,"MicroEsim","France eSIM 5G - 1 Day / Daily 1GB",1,1,0.95,0.95,,yes
france,"MicroEsim","Europe eSIM 33 Countries - 1 Day / Daily 1GB",1,1,0.98,0.98,,yes
france,"YonoSIM","France 1GB/Day",1,1,0.98,0.98,,no
france,"AlpineSIM","AlpineSIM France eSIM - 1GB | 7Days",1,7,0.9899833773428797,0.99,,yes
france,"Textr eSIM","France 1GB",1,7,0.99,0.99,,no
france,"SimSmash","France 1GB for 7 Days",1,7,0.99,0.99,,yes
france,"SimSmash","France Daily Unlimited 1GB/day for 1 Days",1,1,0.99,0.99,,yes
france,"Voyasim","France 500MB/Day",0.5,1,0.5,1,,yes
france,"eSIMNEXA","France 1GB 3Days",1,3,1,1,,yes
france,"Wiiline","for France 7 Days 1GB - 7 days",1,7,1,1,,no
france,"Orbit Mobile","Global Pass",1,1,1,1,,no
france,"Journey Esims","France 1 GB · 1 day",1,1,1,1,,no
france,"mobineX","Unlimited Standard",1,1,1,1,,yes
france,"mobineX","Unlimited Standard",1,1,1,1,,yes
france,"mobineX","Unlimited Standard",1,1,1,1,,yes
france,"abesteSIM","eSIM France - 1 Day / Daily 1GB",1,1,1.0014055435969027,1.001,,yes
france,"abesteSIM","eSIM Europe (36 Countries) - 1 Day / Daily 1GB",1,1,1.0170525052156045,1.017,,yes
france,"Yesim","France",0.5,1,0.5202612000000001,1.041,,yes
france,"Yesim","Europe &amp; UK",0.5,1,0.5202612000000001,1.041,,yes
france,"abesteSIM","eSIM Europe (49 Destinations) - 1 Day / Daily 500MB",0.5,1,0.5241732142265039,1.048,,yes
france,"YonoSIM","Europe (33 areas) 1GB/Day FUP1Mbps",1,1,1.07,1.07,,no
france,"ASIMGO","eSIM Europe (49 Destinations) - 1 Day / Daily 500MB",0.5,1,0.54,1.08,,yes
france,"AlpineSIM","AlpineSIM Unlimited France eSIM - 500MB/Day / 1",0.5,1,0.5444908575385837,1.089,,yes
france,"Billion Connect","Global eSIM [45 Countries] 1 Day 1GB/Day",1,1,1.11,1.11,,yes
france,"MicroEsim","Europe eSIM 36 Countries - 1 Day / Daily 1GB",1,1,1.12,1.12,ESIMDB,yes
france,"ASIMGO","eSIM Europe (36 Countries) - 1 Day / Daily 1GB",1,1,1.13,1.13,,yes
france,"GlobaleSIM","France",15,30,17,1.133,,no
france,"thirr.com","FR 1GB 3D",1,3,1.156136,1.156,,yes
france,"Hiroaming","Europe (33 areas) 1GB 7Days",1,7,1.16,1.16,,no
france,"MicroEsim","Europe eSIM 42 Countries - 1 Day / Daily 1GB",1,1,1.18,1.18,ESIMDB,yes
france,"eSIMCard","eSIM Data For 1GB in 3 Days, France",1,3,1.19,1.19,,yes
france,"nadanada","eSIM, 1GB, 7 Days, France",1,7,1.19,1.19,,no
france,"nadanada","eSIM, 1GB, 7 Days, Europe Extra",1,7,1.19,1.19,,no
france,"4S eSIM","France 1GB - 1 Day",1,1,1.19,1.19,,no
france,"4S eSIM","Europe+ 1GB - 1 Day",1,1,1.19,1.19,,no
france,"AdventureSIMs","France 1GB 7 Days",1,7,1.1946613545329534,1.195,,yes
france,"Orange Travel","France 20GB",20,14,23.99,1.2,,no
france,"YonoSIM","France 500MB/Day",0.5,1,0.6,1.2,,no
france,"mobineX","1 GB - 3 days",1,3,1.2,1.2,,yes
france,"eSIM4Travel","France (Orange, Bouygues) - 1GB/1Days",1,1,1.2,1.2,,yes
france,"ESIM.DOG 🐶","⚡️ [5G] Europe (33 countries) - Best 5G Coverage (1GB/10Days) - Pink route",1,10,1.2,1.2,,no
france,"ESIM.DOG 🐶","⚡️ [5G] Europe (33 countries) - Best 5G Coverage (1GB/15Days) - Pink route",1,15,1.2,1.2,,no
france,"YonoSIM","France 1GB/Day FUP1Mbps",1,1,1.2,1.2,,no
france,"abesteSIM","eSIM Global (66 Destinations) - 1 Day / Daily 500MB",0.5,1,0.6024080223200119,1.205,,yes
france,"Billion Connect","Europe eSIM [33 Countries] 1 Day 1GB/Day",1,1,1.21,1.21,,yes
france,"RedEx eSIM","1 GB - 7 Days",1,7,1.21,1.21,,no
france,"4S eSIM","France 1GB - 5 Days",1,5,1.21,1.21,,no
france,"4S eSIM","Europe+ 1GB - 5 Days",1,5,1.21,1.21,,no
france,"ESIM.DOG 🐶","⚡️ [5G] Europe (33 countries) - Best 5G Coverage (1GB/20Days) - Pink route",1,20,1.22,1.22,,no
france,"4S eSIM","France 1GB - 7 Days",1,7,1.24,1.24,,no
france,"4S eSIM","Europe+ 1GB - 7 Days",1,7,1.24,1.24,,no
france,"eSIM4Travel","France (Orange, Bouygues) - 1GB/7Days",1,7,1.25,1.25,,yes
france,"Horizon eSIM","Europe 1 GB / 30 days",1,30,1.2601882400000002,1.26,,no
france,"Hiroaming","France 1GB 7Days",1,7,1.27,1.27,,no
france,"Stellar eSim","Europe(30+ areas) 1GB 7Days + Free Stellar VPN",1,7,1.2717496000000001,1.272,,no
france,"abesteSIM","eSIM France - 5 Days / Total 1GB",1,5,1.2830508527335316,1.283,,yes
france,"Hiroaming","Europe (33 areas) 1GB/Day FUP1Mbps",1,1,1.29,1.29,,no
france,"abesteSIM","eSIM Asia+Europe 52 Regions - 1 Day / Daily 1GB",1,1,1.2908743335428825,1.291,,yes
france,"ESIM.DOG 🐶","🎁 $0.65 + VPN | [5G] Bouygues France - Best 5G Coverage (500MB/1Days) - Black route",0.5,1,0.65,1.3,,yes
france,"MicroEsim","Europe eSIM 33 Countries - 3 Days / Total 1GB",1,3,1.3,1.3,ESIMDB,yes
france,"voilà","",1,7,1.3,1.3,,no
france,"mobineX","1 GB - 7 days",1,7,1.3,1.3,,yes
france,"Yatelo","FRA 1GB 7 Days",1,7,1.3,1.3,,yes
france,"Superalink","France - Regular",0.5,1,0.66,1.32,,yes
france,"ESIM.DOG 🐶","⚡️ [5G] Europe (41 countries) - Best 5G Coverage (500MB/3Days) - Yellow route",0.5,3,0.66,1.32,,yes
france,"SparkRoam","1 GB / 7 Days",1,7,1.33,1.33,,no
france,"SparkRoam","1 GB / 7 Days",1,7,1.33,1.33,,no
france,"abesteSIM","eSIM Europe (41 Countries) - 1 Day / Daily 1GB",1,1,1.3378152183989873,1.338,,yes
france,"MicroEsim","France eSIM 5G - 5 Days / Total 1GB",1,5,1.34,1.34,ESIMDB,yes
france,"Superalink","France - Regular",0.5,3,0.68,1.36,,yes
france,"Connect Me Guru","Europe (33 areas) 1GB 7Days",1,7,1.36,1.36,,no
france,"Connect Me Guru","France 1GB/Day",1,1,1.38,1.38,,yes
france,"Manet Travel","Local France - 7 Days - 1 GB",1,7,1.3873632,1.387,,no
france,"MicroEsim","Europe eSIM 33 Countries - 5 Days / Total 1GB",1,5,1.39,1.39,ESIMDB,yes
france,"Textr eSIM","Europe 1GB",1,7,1.39,1.39,,no
france,"MicroEsim","Europe eSIM 5G 41 Countries - 1 Day / Daily 1GB",1,1,1.39,1.39,ESIMDB,yes
france,"Superalink","France - Regular",0.5,5,0.7,1.4,,yes
france,"ESIM.DOG 🐶","🎁 $0.70 + VPN | [5G] Bouygues France - Best 5G Coverage (500MB/30Days) - Black route",0.5,30,0.7,1.4,,yes
france,"eSIM4Travel","France (Orange, Bouygues) - 500MB/1Days",0.5,1,0.7,1.4,,yes
france,"ASIMGO","eSIM France - 5 Days / Total 1GB",1,5,1.4,1.4,,yes
france,"mobineX","1 GB - 30 days",1,30,1.4,1.4,,yes
france,"voilà","",1,7,1.4,1.4,,yes
france,"mobineX","Unlimited Standard",1,1,1.4,1.4,,yes
france,"SimSmash","France Daily Unlimited 0.49GB/day for 1 Days",0.49,1,0.69,1.408,,yes
france,"TravelGator eSIM","Europe eSIM Roaming Data",1,30,1.4082265456831446,1.408,,no
france,"ASIMGO","eSIM Asia&amp;Europe - 52 Countries - 1 Day / Daily 1GB",1,1,1.41,1.41,,yes
france,"AlpineSIM","AlpineSIM Europe(30+ areas) eSIM - 1GB | 7Days",1,7,1.4107263127136034,1.411,,yes
france,"Superalink","France - Regular",0.5,7,0.72,1.44,,yes
france,"abesteSIM","eSIM Europe (49 Destinations) - 1 Day / Daily 1GB",1,1,1.4395204689205479,1.44,,yes
france,"RedEx eSIM","1 GB - 7 Days",1,7,1.44,1.44,,no
france,"RedEx eSIM","Europe (33 areas) 1GB/Day FUP1Mbps",1,1,1.44,1.44,,yes
france,"Connect Me Guru","France 1GB 7Days",1,7,1.45,1.45,,yes
france,"Hiroaming","France 1GB/Day FUP1Mbps",1,1,1.45,1.45,,no
france,"ASIMGO","eSIM Europe (41 Countries) - 1 Day / Daily 1GB",1,1,1.45,1.45,,yes
france,"Hiroaming","France 500MB/Day",0.5,1,0.73,1.46,,no
france,"eSIMCard","Unlimited eSIM Data For 1 Day in France",1,1,1.46,1.46,,yes
france,"MicroEsim","Europe eSIM 33 Countries - 7 Days / Total 1GB",1,7,1.47,1.47,ESIMDB,yes
france,"Connect Me Guru","Europe (33 areas) 1GB/Day FUP1Mbps",1,1,1.47,1.47,,no
france,"TravelGator eSIM","France eSIM Roaming Data",1,1,1.4708143921579508,1.471,,no
france,"MicroEsim","Europe eSIM 36 Countries - 7 Days / Total 1GB",1,7,1.48,1.48,ESIMDB,yes
france,"Govora","France 1GB 7Days",1,7,1.49,1.49,,no
france,"MoodSIM","France 1 GB 7 Days",1,7,1.49,1.49,,yes
france,"MoodSIM","France Unlimited (1 GB/day, then 512 Kbps) 1 Day",1,1,1.49,1.49,,yes
france,"MoodSIM","Europe 1 GB 7 Days",1,7,1.49,1.49,,yes
france,"MoodSIM","Europe Unlimited (1 GB/day, then 1 Mbps) 1 Day",1,1,1.49,1.49,,yes
france,"Earth Esim","1GB/1 Day France 5G eSIM",1,1,1.49,1.49,,yes
france,"EscapeSIM","France 1GB",1,14,1.49,1.49,,yes
france,"ESIM.DOG 🐶","🎁 $0.75 + VPN | Best Coverage in France (500MB/1Days) - Pink route",0.5,1,0.75,1.5,,no
france,"iRoamly","France-eSIM-1GB-1 Day-Daily",1,1,1.5,1.5,,yes
france,"iRoamly","France-eSIM-1GB-3 Days-Total",1,3,1.5,1.5,,yes
france,"Ezy eSIM","France 1GB 7Days",1,7,1.5,1.5,,no
france,"Journey Esims","France 1 GB · 7 days",1,7,1.5,1.5,,no
france,"Gaza Online","eSIM, Unlimited, (1GB) 1 Day, France",1,1,1.5,1.5,,yes
france,"Ozly eSIM","France 1GB 7Days",1,7,1.5,1.5,,yes
france,"TravelGator eSIM","France eSIM Roaming Data",1,3,1.509931796204705,1.51,,no
france,"ESIM.DOG 🐶","⚡️ Best Coverage in France (500MB/3Days) - Yellow route",0.5,3,0.76,1.52,,no
france,"nextSIM","eSIM France 1GB 7Days Standard",1,7,1.5260995200000003,1.526,,yes
france,"RedEx eSIM","Europe (33 areas) 1GB 7Days",1,7,1.53,1.53,,yes
france,"TravelGator eSIM","France eSIM Roaming Data",1,5,1.5334022386327573,1.533,,no
france,"MicroEsim","Europe eSIM 42 Countries - 3 Days / Total 1GB",1,3,1.54,1.54,ESIMDB,yes
france,"TravelGator eSIM","France eSIM Roaming Data",1,7,1.5412257194421082,1.541,,no
france,"TravelGator eSIM","France eSIM Roaming Data",1,10,1.5490492002514589,1.549,,no
france,"MicroEsim","Europe eSIM 5G 49 Destinations - 1 Day / Daily 1GB",1,1,1.55,1.55,ESIMDB,yes
france,"ESIM.DOG 🐶","⚡️ Best Coverage in France (1GB/7Days) - Blue route",1,7,1.55,1.55,,no
france,"ESIM.DOG 🐶","⚡️ [5G] Europe (33 countries) - Best 5G Coverage (1GB/7Days) - Blue route",1,7,1.55,1.55,,yes
france,"MicroEsim","Europe eSIM 33 Countries - 10 Days / Total 1GB",1,10,1.56,1.56,ESIMDB,yes
france,"ASIMGO","eSIM Europe (49 Destinations) - 1 Day / Daily 1GB",1,1,1.56,1.56,,yes
france,"TravelGator eSIM","France eSIM Roaming Data",1,15,1.5646961618701607,1.565,,no
france,"RedEx eSIM","1 GB - 7 Days",1,7,1.57,1.57,,no
france,"eSIM Agora","Europe (33 areas) 1GB/Day FUP1Mbps",1,1,1.5723449600000003,1.572,,no
france,"Earth Esim","500MB/1 Day France 5G eSIM",0.5,1,0.79,1.58,,yes
france,"EscapeSIM","EU36 Saver 1GB Stopover",1,7,1.59,1.59,,yes
france,"RedEx eSIM","1 GB - 7 Days",1,7,1.59,1.59,,no
france,"iRoamly","France-eSIM-1GB-5 Days-Total",1,5,1.6,1.6,,yes
france,"esimzon","France 1GB 30Days",1,30,1.6,1.6,,no
france,"Connect Me Guru","France 1GB/Day FUP1Mbps",1,1,1.6,1.6,,yes
france,"Voyasim","France 1GB/Day",1,1,1.6,1.6,,yes
france,"ESIM.DOG 🐶","⚡️ [5G] Europe (33 countries) - Best 5G Coverage (1GB/1Days) - Blue route",1,1,1.61,1.61,,yes
france,"ESIM.DOG 🐶","⚡️ Orange/Bouygues France - Best Coverage (1GB/7Days) - Green route",1,7,1.64,1.64,,no
france,"MicroEsim","Europe eSIM 33 Countries - 15 Days / Total 1GB",1,15,1.65,1.65,ESIMDB,yes
france,"MicroEsim","Europe eSIM 42 Countries - 5 Days / Total 1GB",1,5,1.65,1.65,ESIMDB,yes
france,"abesteSIM","eSIM Global (66 Destinations) - 1 Day / Daily 1GB",1,1,1.6585779315823703,1.659,,yes
france,"MicroEsim","France eSIM 5G - 1 Day / Daily 500MB",0.5,1,0.84,1.68,,yes
france,"MicroEsim","Europe eSIM 36 Countries - 1 Day / Daily 500MB",0.5,1,0.85,1.7,,yes
france,"Stellar eSim","France 500MB/Day + Free Stellar VPN",0.5,1,0.8555406400000001,1.711,,no
france,"MicroEsim","Europe eSIM 33 Countries - 1 Day / Daily 500MB",0.5,1,0.86,1.72,,yes
france,"Billion Connect","Global eSIM [45 Countries] 1 Day 500MB/Day",0.5,1,0.92,1.84,,yes
france,"MicroEsim","Europe eSIM 5G 41 Countries - 1 Day / Daily 500MB",0.5,1,0.99,1.98,,yes
france,"MoodSIM","France Unlimited (500 MB/day, then 512 Kbps) 1 Day",0.5,1,0.99,1.98,,yes
france,"Lumbus","France 500MB/Day",0.5,1,0.99,1.98,,no
france,"Connect Me Guru","France 500MB/Day",0.5,1,1,2,,yes
france,"MicroEsim","Europe eSIM 42 Countries - 1 Day / Daily 500MB",0.5,1,1.02,2.04,ESIMDB,yes
france,"ASIMGO","eSIM France - 1 Day / Total 200MB",0.2,1,0.41,2.05,,yes
france,"AlpineSIM","AlpineSIM Unlimited Europe(30+ areas) eSIM - 300MB/Day / 1",0.3,1,0.6187396108392997,2.062,,yes
france,"Billion Connect","Europe eSIM [41 Countries] 1 Day 500MB/Day",0.5,1,1.04,2.08,,yes
france,"ASIMGO","eSIM Europe (41 Countries) - 1 Day / Total 200MB",0.2,1,0.42,2.1,,yes
france,"AlpineSIM","AlpineSIM Unlimited Europe(30+ areas) eSIM - 500MB/Day / 1",0.5,1,1.0766069228603816,2.153,,yes
france,"MicroEsim","Europe eSIM 5G 49 Destinations - 1 Day / Daily 500MB",0.5,1,1.08,2.16,ESIMDB,yes
france,"YonoSIM","Europe(30+ areas) 300MB/Day",0.3,1,0.68,2.267,,no
france,"abesteSIM","eSIM France - 1 Day / Total 200MB",0.2,1,0.46158536775169734,2.308,,yes
france,"abesteSIM","eSIM Europe (41 Countries) - 1 Day / Total 200MB",0.2,1,0.46940884856104814,2.347,,yes
france,"YonoSIM","Europe(30+ areas) 500MB/Day",0.5,1,1.2,2.4,,no
france,"Stellar eSim","Europe(30+ areas) 500MB/Day + Free Stellar VPN",0.5,1,1.2023814400000001,2.405,,no
france,"Stellar eSim","Europe(30+ areas) 300MB/Day + Free Stellar VPN",0.3,1,0.7746111200000001,2.582,,no
france,"ESIM.DOG 🐶","⚡️ [5G] Orange France - Best 5G Coverage (500MB/1Days) - Blue route",0.5,1,1.34,2.68,,yes
france,"Hiroaming","Europe(30+ areas) 300MB/Day",0.3,1,0.82,2.733,,no
france,"abesteSIM","eSIM France - 3 Days / Daily 500MB",0.5,3,1.4082265456831446,2.816,,yes
france,"MicroEsim","France eSIM 5G - 3 Days / Daily 500MB",0.5,3,1.41,2.82,ESIMDB,yes
france,"ESIM.DOG 🐶","⚡️ Orange/Bouygues France - Best Coverage (500MB/1Days) - Green route",0.5,1,1.41,2.82,,no
france,"abesteSIM","eSIM Europe (36 Countries) - 3 Days / Daily 500MB",0.5,3,1.4238735073018463,2.848,,yes
france,"ESIM.DOG 🐶","⚡️ [5G] Europe (33 countries) - Best 5G Coverage (500MB/1Days) - Pink route",0.5,1,1.44,2.88,,no
france,"Hiroaming","Europe(30+ areas) 500MB/Day",0.5,1,1.45,2.9,,no
france,"merdata","eSIM France 500 MB/day 1 day",0.5,1,1.471768269229895,2.944,,no
france,"ESIM.DOG 🐶","⚡️ Europe (33 countries) - Best Coverage (500MB/1Days) - Green route",0.5,1,1.48,2.96,,no
france,"ASIMGO","eSIM France - 3 Days / Daily 500MB",0.5,3,1.52,3.04,,yes
france,"ESIM.DOG 🐶","⚡️ Best Coverage in France (200MB/30Days) - Yellow route",0.2,30,0.61,3.05,,no
france,"MicroEsim","Europe eSIM 36 Countries - 3 Days / Daily 500MB",0.5,3,1.53,3.06,ESIMDB,yes
france,"ASIMGO","eSIM Europe (36 Countries) - 3 Days / Daily 500MB",0.5,3,1.55,3.1,,yes
france,"Horizon eSIM","France 100MB 7Days",0.1,7,0.31215672000000005,3.122,,no
france,"abesteSIM","eSIM Asia+Europe 52 Regions - 3 Days / Daily 500MB",0.5,3,1.5803431234888623,3.161,,yes
france,"ESIM.DOG 🐶","⚡️ [5G] Europe (33 countries) - Best 5G Coverage (500MB/1Days) - Pink route",0.5,1,1.59,3.18,,no
france,"ESIM.DOG 🐶","⚡️ [5G] Europe (45 countries) - Best 5G Coverage (500MB/1Days) - Pink route",0.5,1,1.59,3.18,,no
france,"Connect Me Guru","Europe(30+ areas) 500MB/Day",0.5,1,1.6,3.2,,no
france,"AlpineSIM","AlpineSIM Unlimited France eSIM - 500MB/Day / 3",0.5,3,1.6087229881821794,3.217,,yes
france,"abesteSIM","eSIM Europe (41 Countries) - 3 Days / Daily 500MB",0.5,3,1.6429309699636687,3.286,,yes
france,"Earth Esim","300MB/1 Day Europe Region eSIM",0.3,1,0.99,3.3,,yes
france,"Billion Connect","Europe eSIM [41 Countries] 3 Days 500MB/Day",0.5,3,1.67,3.34,,yes
france,"AlpineSIM","AlpineSIM France eSIM - 100MB | 7Days",0.1,7,0.33411938985322187,3.341,,yes
france,"ESIM.DOG 🐶","⚡️ [5G] Europe (34 countries) - Best 5G Coverage (500MB/1Days) - Blue route",0.5,1,1.68,3.36,,yes
france,"Connect Me Guru","Europe(30+ areas) 300MB/Day",0.3,1,1.08,3.6,,no
france,"Voyasim","Europe(30+ areas) 300MB/Day",0.3,1,1.1,3.667,,yes
france,"Simsima","France 100MB 7Days",0.1,7,0.4,4,,yes
france,"ESIM.DOG 🐶","⚡️ [5G] Europe (34 countries) - Best 5G Coverage (300MB/1Days) - Blue route",0.3,1,1.39,4.633,,yes
france,"MoodSIM","Europe Unlimited (300 MB/day, then 384 Kbps) 1 Day",0.3,1,1.49,4.967,,yes
france,"Voyasim","France 100MB 7Days",0.1,7,0.5,5,,yes
france,"ESIM.DOG 🐶","🎁 $0.53 + VPN | [5G] Bouygues France - Best 5G Coverage (100MB/1Days) - Black route",0.1,1,0.53,5.3,,yes
france,"Hiroaming","France 100MB 7Days",0.1,7,0.54,5.4,,no
france,"ESIM.DOG 🐶","🎁 $0.55 + VPN | [5G] Bouygues France - Best 5G Coverage (100MB/30Days) - Black route",0.1,30,0.55,5.5,,yes
france,"Truely","France - 300MB, 2 days",0.3,2,1.69,5.633,,yes
france,"ESIM.DOG 🐶","🎁 $0.60 + VPN | [5G] Orange France - Best 5G Coverage (100MB/7Days) - Blue route",0.1,7,0.6,6,,yes
france,"Superalink","France - Regular",0.1,1,0.63,6.3,,yes
france,"Superalink","France - Regular",0.1,3,0.65,6.5,,yes
france,"Superalink","France - Regular",0.1,5,0.67,6.7,,yes
france,"Superalink","France - Regular",0.1,7,0.69,6.9,,yes
france,"Connect Me Guru","France 100MB 7Days",0.1,7,0.85,8.5,,yes
france,"Stellar eSim","France 100MB 7Days + Free Stellar VPN",0.1,7,0.8555406400000001,8.555,,no
france,"Roamix","France 100MB 1Days",0.1,1,0.95,9.5,,yes
france,"Roamix","France 100MB 3Days",0.1,3,0.95,9.5,,yes
france,"Roamix","France 100MB 5Days",0.1,5,0.95,9.5,,yes
france,"Roamix","France 100MB 7Days",0.1,7,0.95,9.5,,yes
france,"Journey Esims","France 100 MB · 1 day",0.1,1,1,10,,no
france,"Journey Esims","Regional (36 countries) 100 MB · 1 day",0.1,1,1,10,,no
france,"Zwitchy","France · 100 MB · 1 day",0.1,1,1,10,,yes
france,"ESIM.DOG 🐶","⚡️ [5G] Bouygues France - Best 5G Coverage (100MB/7Days) - Black route",0.1,7,1.23,12.3,,yes
france,"DashRoam","France 100MB 7Days",0.1,7,1.45,14.5,,yes
france,"merdata","eSIM France 100 MB 7 days",0.1,7,1.471768269229895,14.718,,no
france,"PikaSim","France 100MB 7Days",0.1,7,1.5,15,,no
georgia,"Horizon eSIM","Georgia 1GB 7Days",1,7,0.31215672000000005,0.312,,no
georgia,"ESIM.DOG 🐶","⚡️ Magti Georgia - Best Coverage (3GB/1Days) - Black route",3,1,1.69,0.563,,no
georgia,"RedEx eSIM","Unlimited Data - 1 Days (3 GB / 384 KBPS)",3,1,1.7,0.567,,no
georgia,"ESIM.DOG 🐶","⚡️ Magti Georgia - Best Coverage (2GB/1Days) - Black route",2,1,1.2,0.6,,no
georgia,"Stellar eSim","Georgia 3GB/Day FUP1Mbps + Free Stellar VPN",3,1,1.8151335200000003,0.605,,no
georgia,"Stellar eSim","Georgia 2GB/Day FUP1Mbps + Free Stellar VPN",2,1,1.2139428,0.607,,no
georgia,"RedEx eSIM","Unlimited Data - 1 Days (2 GB / 384 KBPS)",2,1,1.24,0.62,,no
georgia,"RedEx eSIM","Unlimited Data - 1 Days (3 GB / 384 KBPS)",3,1,2.04,0.68,,no
georgia,"GoMoWorld","Georgia",19,30,12.99,0.684,,no
georgia,"RedEx eSIM","Unlimited Data - 1 Days (2 GB / 384 KBPS)",2,1,1.46,0.73,,no
georgia,"ESIM.DOG 🐶","⚡️ Magti Georgia - Best Coverage (3GB/30Days) - Black route",3,30,2.24,0.747,,no
georgia,"ESIM.DOG 🐶","⚡️ Magti Georgia - Best Coverage (3GB/15Days) - Black route",3,15,2.24,0.747,,no
georgia,"ESIM.DOG 🐶","⚡️ Magti Georgia - Best Coverage (3GB/7Days) - Black route",3,7,2.24,0.747,,no
georgia,"ESIM.DOG 🐶","⚡️ Magti Georgia - Best Coverage (3GB/3Days) - Black route",3,3,2.24,0.747,,no
georgia,"ESIM.DOG 🐶","⚡️ Magti Georgia - Best Coverage (3GB/5Days) - Black route",3,5,2.24,0.747,,no
georgia,"ESIM.DOG 🐶","⚡️ Magti Georgia - Best Coverage (3GB/10Days) - Black route",3,10,2.24,0.747,,no
georgia,"ESIM.DOG 🐶","⚡️ Magti Georgia - Best Coverage (3GB/20Days) - Black route",3,20,2.24,0.747,,no
georgia,"ESIM.DOG 🐶","⚡️ Best Coverage in Georgia (3GB/3Days) - Pink route",3,3,2.24,0.747,,no
georgia,"ESIM.DOG 🐶","⚡️ Best Coverage in Georgia (3GB/5Days) - Pink route",3,5,2.24,0.747,,no
georgia,"Superalink","Georgia - 2GB/day",2,1,1.5,0.75,,yes
georgia,"ESIM888","Georgia (3GB/30DAYS)",3,30,2.25,0.75,,no
georgia,"RedEx eSIM","Unlimited Data - 1 Days (3 GB / 384 KBPS)",3,1,2.26,0.753,,no
georgia,"RedEx eSIM","Unlimited Data - 1 Days (2 GB / 384 KBPS)",2,1,1.62,0.81,,no
georgia,"RedEx eSIM","3 GB - 3 Days",3,3,2.6,0.867,,no
georgia,"4S eSIM","Georgia 3GB - 1 Day",3,1,2.62,0.873,,no
georgia,"ESIM.DOG 🐶","⚡️ Magti Georgia - Best Coverage (1GB/7Days) - Black route",1,7,0.89,0.89,,no
georgia,"ESIM.DOG 🐶","⚡️ Magti Georgia - Best Coverage (1GB/3Days) - Black route",1,3,0.89,0.89,,no
georgia,"ESIM.DOG 🐶","⚡️ Magti Georgia - Best Coverage (1GB/1Days) - Black route",1,1,0.89,0.89,,no
georgia,"ESIM.DOG 🐶","⚡️ Magti Georgia - Best Coverage (1GB/5Days) - Black route",1,5,0.89,0.89,,no
georgia,"ESIM888","Georgia (1GB/7DAYS)",1,7,0.9,0.9,,no
georgia,"4S eSIM","Georgia 3GB - 5 Days",3,5,2.73,0.91,,no
georgia,"Stellar eSim","Georgia 2GB/Day + Free Stellar VPN",2,1,1.8266948800000002,0.913,,no
georgia,"Stellar eSim","Georgia 3GB 15Days + Free Stellar VPN",3,15,2.75160368,0.917,,no
georgia,"Horizon eSIM","Georgia 3GB 30Days",3,30,2.7631650400000005,0.921,,no
georgia,"RedEx eSIM","3 GB - 5 Days",3,5,2.79,0.93,,no
georgia,"Stellar eSim","Georgia 3GB 30Days + Free Stellar VPN",3,30,2.8209718400000003,0.94,,no
georgia,"4S eSIM","Georgia 3GB - 7 Days",3,7,2.84,0.947,,no
georgia,"Stellar eSim","Georgia 1GB/Day FUP1Mbps + Free Stellar VPN",1,1,0.95959288,0.96,,no
georgia,"4S eSIM","Caucasus+ 3GB - 1 Day",3,1,2.91,0.97,,no
georgia,"ESIM.DOG 🐶","⚡️ Best Coverage in Georgia (3GB/1Days) - Pink route",3,1,2.92,0.973,,no
georgia,"thirr.com","GE 3GB 7D",3,7,2.92502408,0.975,,yes
georgia,"4S eSIM","Georgia 3GB - 15 Days",3,15,2.96,0.987,,no
georgia,"ESIM.DOG 🐶","⚡️ Best Coverage in Georgia (3GB/7Days) - Green route",3,7,2.99,0.997,,no
georgia,"ESIM.DOG 🐶","⚡️ Asia (6 countries) - Best Coverage (3GB/7Days) - Green route",3,7,2.99,0.997,,no
georgia,"RedEx eSIM","3 GB - 7 Days",3,7,3,1,,no
georgia,"4S eSIM","Georgia 3GB Unlimited - 1 Days",3,1,3,1,,no
georgia,"EZsim","Georgia - 3GB/30Days",3,30,3,1,,no
georgia,"4S eSIM","Caucasus+ 3GB - 5 Days",3,5,3.04,1.013,,no
georgia,"ESIM.DOG 🐶","⚡️ Magti Georgia - Best Coverage (3GB/15Days) - Blue route",3,15,3.11,1.037,,no
georgia,"Billion Connect","Georgia eSIM 1 Day 3GB/Day",3,1,3.14,1.047,,yes
georgia,"RedEx eSIM","3 GB - 3 Days",3,3,3.17,1.057,,no
georgia,"4S eSIM","Caucasus+ 3GB - 7 Days",3,7,3.17,1.057,,no
georgia,"4S eSIM","Georgia 3GB - 30 Days",3,30,3.18,1.06,,no
georgia,"RedEx eSIM","3 GB - 10 Days",3,10,3.2,1.067,,no
georgia,"ESIM.DOG 🐶","⚡️ Magti Georgia - Best Coverage (3GB/1Days) - Blue route",3,1,3.2,1.067,,no
georgia,"ESIM.DOG 🐶","⚡️ Magti Georgia - Best Coverage (3GB/30Days) - Blue route",3,30,3.25,1.083,,no
georgia,"ESIM.DOG 🐶","🎁 $0.55 + VPN | Magti Georgia - Best Coverage (500MB/1Days) - Black route",0.5,1,0.55,1.1,,no
georgia,"RedEx eSIM","3 GB - 15 Days",3,15,3.3,1.1,,no
georgia,"4S eSIM","Caucasus+ 3GB - 15 Days",3,15,3.3,1.1,,no
georgia,"RedEx eSIM","Unlimited Data - 1 Days (3 GB / 384 KBPS)",3,1,3.34,1.113,,no
georgia,"4S eSIM","Caucasus+ 3GB Unlimited - 1 Days",3,1,3.35,1.117,,no
georgia,"Ozly eSIM","Georgia 3GB 15Days",3,15,3.35,1.117,,no
georgia,"ESIM.DOG 🐶","⚡️ Magti Georgia - Best Coverage (2GB/15Days) - Black route",2,15,2.24,1.12,,no
georgia,"ESIM.DOG 🐶","⚡️ Magti Georgia - Best Coverage (2GB/30Days) - Black route",2,30,2.24,1.12,,no
georgia,"ESIM.DOG 🐶","⚡️ Best Coverage in Georgia (2GB/15Days) - Yellow route",2,15,2.24,1.12,,no
georgia,"AlpineSIM","AlpineSIM Unlimited Georgia eSIM - 2GB/Day / 1",2,1,2.289336560105409,1.145,,no
georgia,"RedEx eSIM","2 GB - 15 Days",2,15,2.29,1.145,,no
georgia,"Stellar eSim","Georgia 1GB/Day + Free Stellar VPN",1,1,1.156136,1.156,,no
georgia,"ESIM.DOG 🐶","⚡️ Asia (6 countries) - Best Coverage (500MB/1Days) - Green route",0.5,1,0.59,1.18,,no
georgia,"Stellar eSim","Georgia 1GB 7Days + Free Stellar VPN",1,7,1.1908200800000002,1.191,,no
georgia,"ESIM.DOG 🐶","🎁 $0.60 + VPN | Magti Georgia - Best Coverage (500MB/7Days) - Black route",0.5,7,0.6,1.2,,no
georgia,"EZsim","Georgia - 1GB/7Days",1,7,1.2,1.2,,no
georgia,"RedEx eSIM","1 GB - 7 Days",1,7,1.21,1.21,,no
georgia,"AlpineSIM","AlpineSIM Georgia eSIM - 1GB | 7Days",1,7,1.2127296372450274,1.213,,no
georgia,"Stellar eSim","Georgia 2GB 30Days + Free Stellar VPN",2,30,2.43944696,1.22,,no
georgia,"ESIM.DOG 🐶","⚡️ Magti Georgia - Best Coverage (2GB/1Days) - Blue route",2,1,2.45,1.225,,no
georgia,"AlpineSIM","AlpineSIM Unlimited Georgia eSIM - 1GB/Day / 1",1,1,1.2498540138953855,1.25,,no
georgia,"Billion Connect","Georgia eSIM 1 Day 2GB/Day",2,1,2.5,1.25,,yes
georgia,"YonoSIM","Georgia 2GB/Day",2,1,2.55,1.275,,no
georgia,"ESIM.DOG 🐶","⚡️ Best Coverage in Georgia (2GB/1Days) - Pink route",2,1,2.55,1.275,,no
georgia,"SimOptions","Georgia 10GB",10,30,12.9,1.29,,no
georgia,"Superalink","Georgia - 1GB/day",1,1,1.3,1.3,,yes
georgia,"ESIM.DOG 🐶","⚡️ [5G] Europe (41 countries) - Best 5G Coverage (500MB/3Days) - Yellow route",0.5,3,0.66,1.32,,yes
georgia,"EtravelSIM","Eastern Europe &amp; Middle East eSIM 20 GB - 30 Days",20,30,27,1.35,,no
georgia,"4S eSIM","Georgia 1GB - 1 Day",1,1,1.37,1.37,,no
georgia,"RedEx eSIM","Unlimited Data - 1 Days (2 GB / 384 KBPS)",2,1,2.75,1.375,,no
georgia,"Manet Travel","Local Georgia - 15 Days - 2 GB",2,15,2.7747264,1.387,,no
georgia,"RedEx eSIM","2 GB - 15 Days",2,15,2.79,1.395,,no
georgia,"EscapeSIM","Georgia 2GB",2,15,2.79,1.395,,yes
georgia,"esimzon","Georgia 10GB 30Days",10,30,14,1.4,,no
georgia,"mobineX","Unlimited Standard",1,1,1.4,1.4,,yes
georgia,"YonoSIM","Georgia 1GB/Day",1,1,1.4,1.4,,no
georgia,"4S eSIM","Georgia 1GB - 5 Days",1,5,1.41,1.41,,no
georgia,"Stellar eSim","Georgia 750MB 7Days + Free Stellar VPN",0.75,7,1.07520648,1.434,,no
georgia,"ESIM.DOG 🐶","⚡️ Magti Georgia - Best Coverage (500MB/1Days) - Blue route",0.5,1,0.72,1.44,,no
georgia,"RedEx eSIM","1 GB - 7 Days",1,7,1.44,1.44,,no
georgia,"4S eSIM","Georgia 1GB - 7 Days",1,7,1.44,1.44,,no
georgia,"AlpineSIM","AlpineSIM Unlimited Georgia eSIM - 500MB/Day / 1",0.5,1,0.7301127407903737,1.46,,no
georgia,"4S eSIM","Caucasus+ 1GB - 1 Day",1,1,1.47,1.47,,no
georgia,"Connect Me Guru","Georgia 2GB/Day",2,1,2.95,1.475,,no
georgia,"MoodSIM","Georgia Unlimited (2 GB/day, then 512 Kbps) 1 Day",2,1,2.99,1.495,,no
georgia,"Lumbus","Georgia 2GB/Day",2,1,2.99,1.495,,no
georgia,"mobineX","Unlimited Standard",1,1,1.5,1.5,,yes
georgia,"eSimFlare","Georgia 2GB/Day",2,1,3,1.5,,no
georgia,"4S eSIM","Caucasus+ 1GB - 5 Days",1,5,1.51,1.51,,no
georgia,"Billion Connect","Global eSIM [67 Countries] 1 Day 2GB/Day",2,1,3.06,1.53,,yes
georgia,"YonoSIM","Georgia 1GB/Day FUP1Mbps",1,1,1.55,1.55,,no
georgia,"4S eSIM","Caucasus+ 1GB - 7 Days",1,7,1.56,1.56,,no
georgia,"Hiroaming","Georgia 1GB 7Days",1,7,1.56,1.56,,no
georgia,"eSimfly","Georgia 2 GB 15 Days",2,15,3.13,1.565,,no
georgia,"RedEx eSIM","2 GB - 15 Days",2,15,3.13,1.565,,no
georgia,"Giga.Tel","Georgia – 2GB – 1 Day – Free VPN",2,1,3.15,1.575,,no
georgia,"RedEx eSIM","1 GB - 7 Days",1,7,1.59,1.59,,no
georgia,"EscapeSIM","Georgia 1GB",1,14,1.59,1.59,,yes
georgia,"RedEx eSIM","Georgia 2GB/Day",2,1,3.19,1.595,,no
georgia,"YonoSIM","Georgia 500MB/Day",0.5,1,0.81,1.62,,no
georgia,"abesteSIM","eSIM Global (23 Destinations) - 1 Day / Daily 500MB",0.5,1,0.8136420041724836,1.627,,yes
georgia,"abesteSIM","eSIM Asia (27 Regions, Support Tiktok) - 1 Day / Daily 500MB",0.5,1,0.8136420041724836,1.627,,yes
georgia,"Connect Me Guru","Georgia 1GB 7Days",1,7,1.69,1.69,,no
georgia,"ASIMGO","eSIM Asia (26 Regions, Support Tiktok) - 1 Day / Daily 500MB",0.5,1,0.85,1.7,,yes
georgia,"Ozly eSIM","Georgia 1GB 7Days",1,7,1.7,1.7,,no
georgia,"Billion Connect","Georgia eSIM 1 Day 1GB/Day",1,1,1.71,1.71,,yes
georgia,"thirr.com","GE 1GB 3D",1,3,1.7226426400000001,1.723,,yes
georgia,"Yesim","Georgia",0.3,1,0.5202612000000001,1.734,,yes
georgia,"Manet Travel","Local Georgia - 7 Days - 1 GB",1,7,1.734204,1.734,,no
georgia,"ESIM.DOG 🐶","⚡️ Magti Georgia - Best Coverage (1GB/7Days) - Blue route",1,7,1.74,1.74,,no
georgia,"ESIM.DOG 🐶","⚡️ Best Coverage in Georgia (1GB/7Days) - Green route",1,7,1.74,1.74,,no
georgia,"ESIM.DOG 🐶","⚡️ Asia (6 countries) - Best Coverage (1GB/7Days) - Green route",1,7,1.74,1.74,,no
georgia,"ASIMGO","eSIM Middle East - 17 Countries - 1 Day / Daily 500MB",0.5,1,0.88,1.76,,yes
georgia,"ESIM.DOG 🐶","⚡️ Best Coverage in Georgia (500MB/3Days) - Yellow route",0.5,3,0.89,1.78,,no
georgia,"Yatelo","GEO 1GB 7 Days",1,7,1.78,1.78,,no
georgia,"ESIM.DOG 🐶","⚡️ [5G] Global (202 countries) - Best 5G Coverage (1GB/5Days) - Yellow route",1,5,1.79,1.79,,yes
georgia,"AdventureSIMs","Georgia 1GB 7 Days",1,7,1.7955265328483443,1.796,,no
georgia,"Orange Travel","World - Zone 1",20,30,35.99,1.8,ESIMDBWRLD,no
georgia,"Connect Me Guru","Georgia 1GB/Day",1,1,1.8,1.8,,no
georgia,"voilà","",1,7,1.8,1.8,,no
georgia,"ESIM.DOG 🐶","⚡️ Magti Georgia - Best Coverage (1GB/1Days) - Blue route",1,1,1.8,1.8,,no
georgia,"eSIM4Travel","Georgia (Beeline/Cellfie, Silknet/Geocell) - 1GB/1Days",1,1,1.81,1.81,,yes
georgia,"nextSIM","eSIM Georgia 1GB 7Days Economy",1,7,1.8613789600000004,1.861,,yes
georgia,"Hiroaming","Georgia 1GB/Day FUP1Mbps",1,1,1.87,1.87,,no
georgia,"Billion Connect","Global eSIM [67 Countries] 1 Day 1GB/Day",1,1,1.88,1.88,,yes
georgia,"eSIM4Travel","Georgia (Beeline/Cellfie, Silknet/Geocell) - 1GB/7Days",1,7,1.89,1.89,,yes
georgia,"Stellar eSim","Georgia 500MB/Day + Free Stellar VPN",0.5,1,0.95959288,1.919,,no
georgia,"eSIMCard","eSIM Data For 1GB in 3 Days, Georgia",1,3,1.92,1.92,,no
georgia,"Roamless","Georgia - No Expiration",1,0,1.95,1.95,,no
georgia,"Connect Me Guru","Georgia 1GB/Day FUP1Mbps",1,1,1.95,1.95,,no
georgia,"Hiroaming","Georgia 500MB/Day",0.5,1,0.98,1.96,,no
georgia,"Earth Esim","500MB/1 Day Georgia eSIM",0.5,1,0.99,1.98,,no
georgia,"Lumbus","Georgia 500MB/Day",0.5,1,0.99,1.98,,no
georgia,"SimSwift","Georgia 1GB 7Days",1,7,1.99,1.99,,no
georgia,"SimSwift","Georgia 1GB/Day",1,1,1.99,1.99,,no
georgia,"YonoSIM","Georgia 1GB 7Days",1,7,1.99,1.99,,no
georgia,"Earth Esim","1GB/1 Day Georgia eSIM",1,1,1.99,1.99,,no
georgia,"MoodSIM","Georgia 1 GB 7 Days",1,7,1.99,1.99,,no
georgia,"MoodSIM","Georgia Unlimited (1 GB/day, then 512 Kbps) 1 Day",1,1,1.99,1.99,,no
georgia,"MoodSIM","Georgia Unlimited (1 GB/day, then 1 Mbps) 1 Day",1,1,1.99,1.99,,no
georgia,"Superalink","Georgia - 500MB/day",0.5,1,1,2,,yes
georgia,"Instabridge","1 GB Georgia eSIM Mobile Data Plan",1,7,2,2,,no
georgia,"eSimFlare","Georgia 1GB 7Days",1,7,2,2,,no
georgia,"eSimFlare","Georgia 1GB/Day",1,1,2,2,,no
georgia,"esimzon","Georgia 1GB 30Days",1,30,2,2,,no
georgia,"eSIMNEXA","Georgia 1GB 3Days",1,3,2,2,,yes
georgia,"Journey Esims","Georgia 1 GB · 1 day",1,1,2,2,,no
georgia,"Journey Esims","Georgia 1 GB · 7 days",1,7,2,2,,no
georgia,"Giga.Tel","World 66 - 1GB/Lifetime",1,0,2,2,,yes
georgia,"Astaroam","Georgia 1GB 7Days",1,7,2.0103076070276167,2.01,,no
georgia,"ESIM.DOG 🐶","⚡️ Best Coverage in Georgia (1GB/1Days) - Pink route",1,1,2.04,2.04,,no
georgia,"Wiiline","for Georgia 1 Days 0.49GB - 490 MB",0.49,1,1.01,2.061,,no
georgia,"Horizon eSIM","Caucasus 1 GB / 7 days",1,7,2.0694834400000004,2.069,,no
georgia,"Esimglobe","eSIM Georgia Unlimited Esim Georgia 1GB/Day / 1",1,1,2.1,2.1,,no
georgia,"Tourist eSIM","CIS Countries (6+ countries) • 1 GB • 7 Days",1,7,2.11,2.11,,no
georgia,"eSIM4Travel","South Caucasus 4 (Georgia, Armenia, Azerbaijan, Turkey) - 1GB/1Days",1,1,2.14,2.14,,no
georgia,"abesteSIM","eSIM Middle East (17 Countries) - 1 Day / Daily 500MB",0.5,1,1.07181687088106,2.144,,yes
georgia,"Flysimio","Georgia 1GB 7Days",1,7,2.15,2.15,,no
georgia,"Voyasim","Georgia 1GB 7Days",1,7,2.2,2.2,,no
georgia,"RedEx eSIM","1 GB - 7 Days",1,7,2.22,2.22,,no
georgia,"eSIM4Travel","South Caucasus 4 (Georgia, Armenia, Azerbaijan, Turkey) - 1GB/7Days",1,7,2.24,2.24,,no
georgia,"abesteSIM","eSIM Georgia - 1 Day / Daily 1GB",1,1,2.253162473093031,2.253,,yes
georgia,"Revo eSIM","Georgia",1,7,2.27,2.27,,no
georgia,"ASIMGO","eSIM Georgia - 1 Day / Daily 1GB",1,1,2.27,2.27,,yes
georgia,"DashRoam","Georgia 1GB 7Days",1,7,2.29,2.29,,no
georgia,"Voyasim","Georgia 1GB/Day",1,1,2.3,2.3,,no
georgia,"RedEx eSIM","Georgia 1GB 7Days",1,7,2.3,2.3,,no
georgia,"eSimfly","Georgia 1 GB 7 Days",1,7,2.3,2.3,,no
georgia,"eSimy","Georgia - 1 GB - 7 Days",1,7,2.30071064,2.301,,no
georgia,"Roamic","Georgia eSIM 1GB / 7 Days",1,7,2.30071064,2.301,,no
georgia,"FlyEsim.me","Georgia 1GB 7Days",1,7,2.30071064,2.301,,no
georgia,"eSIM Agora","Georgia 1GB 7Days",1,7,2.30071064,2.301,,no
georgia,"MTX Connect","1GB LOCAL",1,7,2.312272,2.312,,no
georgia,"abesteSIM","eSIM Global (23 Destinations) - 1 Day / Daily 1GB",1,1,2.3157503195678375,2.316,,yes
georgia,"4S eSIM","Global 1GB - 1 Day",1,1,2.35,2.35,,no
georgia,"abesteSIM","eSIM Caucasus Mountains (3 Countries) - 1 Day / Daily 1GB",1,1,2.3626912044239425,2.363,,yes
georgia,"SimSmash","Georgia 1GB for 7 Days",1,7,2.38,2.38,,no
georgia,"RedEx eSIM","Georgia 1GB/Day",1,1,2.38,2.38,,no
georgia,"eSIM Agora","Georgia 1GB/Day FUP1Mbps",1,1,2.3816401600000003,2.382,,no
georgia,"mobineX","1 GB - 3 days",1,3,2.4,2.4,,yes
georgia,"abesteSIM","eSIM Asia (27 Regions, Support Tiktok) - 1 Day / Daily 1GB",1,1,2.417455570089398,2.417,,yes
georgia,"eSIM4Travel","South Caucasus 4 (Georgia, Armenia, Azerbaijan, Turkey) - 500MB/1Days",0.5,1,1.21,2.42,,no
georgia,"Connect Me Guru","Georgia 500MB/Day",0.5,1,1.21,2.42,,no
georgia,"eSIMCard","eSIM Data For 1GB in 3 Days, Europe",1,3,2.43,2.43,,yes
georgia,"ASIMGO","eSIM Asia (26 Regions, Support Tiktok) - 1 Day / Daily 1GB",1,1,2.44,2.44,,yes
georgia,"4S eSIM","Global 1GB - 5 Days",1,5,2.45,2.45,,no
georgia,"eSIMCard","Unlimited eSIM Data For 1 Day in Georgia",1,1,2.48,2.48,,no
georgia,"RedEx eSIM","Georgia 1GB/Day FUP1Mbps",1,1,2.48,2.48,,no
georgia,"Hungry eSIM","Georgia eSIM Data — 7 Day / 1GB",1,7,2.48,2.48,,no
georgia,"SimSmash","Georgia Daily Unlimited 1GB/day for 1 Days",1,1,2.49,2.49,,no
georgia,"Nimbus","Europe (1 GB/7 Days)",1,7,2.49,2.49,,yes
georgia,"iRoamly","Georgia-eSIM-1GB-1 Day-Daily",1,1,2.5,2.5,,yes
georgia,"Ezy eSIM","Georgia 1GB 7Days",1,7,2.5,2.5,,no
georgia,"Roamingo","Georgia 1GB for 7 days",1,7,2.5,2.5,,no
georgia,"Roamify","Balkans eSIM 1 GB - 7 Days",1,7,2.5,2.5,,yes
georgia,"Roamify","Europe &amp; United States eSIM 1 GB - 7 Days",1,7,2.5,2.5,,yes
georgia,"Roamify","Georgia eSIM 1 GB - 7 Days",1,7,2.5,2.5,,no
georgia,"Awinst Connect","1 GB / 7 days",1,7,2.5,2.5,,no
georgia,"Stixrs","Georgia: Standard 1GB/7D",1,7,2.5,2.5,,no
georgia,"Zwitchy","Georgia · 1 GB · 30 days",1,30,2.5,2.5,,yes
georgia,"Tourist eSIM","Georgia • 1 GB • 7 Days",1,7,2.51,2.51,,no
georgia,"MicroEsim","Georgia eSIM - 1 Day / Daily 1GB",1,1,2.52,2.52,ESIMDB,yes
georgia,"ESIM.DOG 🐶","⚡️ [5G] Global (202 countries) - Best 5G Coverage (1GB/7Days) - Yellow route",1,7,2.54,2.54,,yes
georgia,"4S eSIM","Global 1GB - 7 Days",1,7,2.55,2.55,,no
georgia,"Giga.Tel","Georgia – 1GB ($2.55) – 1 Day – Free VPN",1,1,2.55,2.55,,no
georgia,"Hungry eSIM","Georgia Unlimited eSIM — 1GB/Day · 512 Kbps after",1,1,2.57,2.57,,no
georgia,"Skyalo","Georgia • 1 GB • 7 days",1,7,2.58,2.58,,no
georgia,"Voyasim","Georgia 1GB/Day FUP1Mbps",1,1,2.6,2.6,,no
georgia,"MicroEsim","Global eSIM 24 Destinations - 1 Day / Daily 1GB",1,1,2.6,2.6,ESIMDB,yes
georgia,"mobineX","1 GB - 3 days",1,3,2.6,2.6,,yes
georgia,"TraveleSIM.CH","Sim Card for Georgia - 1GB - 7 Days",1,7,2.623455949958631,2.623,,no
georgia,"MicroEsim","Caucasus Mountains eSIM 3 Countries - 1 Day / Daily 1GB",1,1,2.65,2.65,ESIMDB,yes
georgia,"SparkRoam","1 GB / 7 Days",1,7,2.66,2.66,,no
georgia,"Hungry eSIM","Georgia Unlimited eSIM — 1GB/Day · 1 Mbps after",1,1,2.68,2.68,,no
georgia,"FullBars","Georgia 1GB · 7 days",1,7,2.6849074751576896,2.685,,no
georgia,"mobineX","1 GB - 7 days",1,7,2.7,2.7,,yes
georgia,"eSimfly","Europe Max 1 GB 7 Days",1,7,2.71,2.71,,no
georgia,"Always Mobile","Georgia 1GB 7Days",1,7,2.75,2.75,,no
georgia,"Giga.Tel","Georgia – 1 GB/Day – 1 Day (Activate within 90 Days)",1,1,2.75,2.75,,no
georgia,"Giga.Tel","Georgia – 1GB – 7 Days – Free VPN",1,7,2.75,2.75,,no
georgia,"ESIM.DOG 🐶","⚡️ Best Coverage in Georgia (1GB/3Days) - Pink route",1,3,2.78,2.78,,no
georgia,"Skyalo","Georgia • 1 GB/day • 1 day",1,1,2.79,2.79,,no
georgia,"EscapeSIM","Asia 26 Countries 1GB Stopover",1,7,2.79,2.79,,yes
georgia,"Esimglobe","eSIM Georgia Unlimited Esim Georgia 500MB/Day / 1",0.5,1,1.4,2.8,,no
georgia,"Voyasim","Georgia 500MB/Day",0.5,1,1.4,2.8,,no
georgia,"eSIMX","Georgia 1GB 7Days",1,7,2.8,2.8,,yes
georgia,"ESIM.DOG 🐶","⚡️ Best Coverage in Georgia (1GB/7Days) - Yellow route",1,7,2.8,2.8,,no
georgia,"ESIM.DOG 🐶","⚡️ [5G] Europe (41 countries) - Best 5G Coverage (1GB/7Days) - Yellow route",1,7,2.8,2.8,,yes
georgia,"mobineX","Unlimited Standard",1,1,2.8,2.8,,yes
georgia,"mobineX","Unlimited Standard",1,1,2.8,2.8,,yes
georgia,"nextSIM","eSIM Georgia 1GB 7Days Standard",1,7,2.8325332000000003,2.833,,no
georgia,"Billion Connect","Georgia eSIM 3 Days 1GB",1,3,2.86,2.86,,yes
georgia,"BNESIM","Surf 1 GB in Georgia for 30 days",1,30,2.87,2.87,,yes
georgia,"Gjirafa eSIM","Georgia 1GB 7 days",1,7,2.8787786400000006,2.879,,no
georgia,"eSIMCard","eSIM Data For 1GB in 3 Days, Asia",1,3,2.88,2.88,,yes
georgia,"eSIMania","GE 1.02GB for 7 days",1,7,2.88,2.88,,no
georgia,"eSimfly","Central Asia 1 GB 7 Days",1,7,2.88,2.88,,no
georgia,"Yesim","Georgia",1,30,2.89034,2.89,,yes
georgia,"eSIMPal","Georgia - 1GB 30 Days",1,30,2.9,2.9,,yes
georgia,"ESIM.DOG 🐶","⚡️ Magti Georgia - Best Coverage (1GB/7Days) - Pink route",1,7,2.92,2.92,,no
georgia,"eSIMCard","Unlimited eSIM Data For 1 Day in Europe",1,1,2.95,2.95,,yes
georgia,"Giga.Tel","Global 67 – 1 GB/Day (128 kbps) – 1 Day (Activate within 90 Days)",1,1,2.95,2.95,,yes
georgia,"Giga.Tel","Georgia – 1GB ($2.95) – 1 Day – Free VPN",1,1,2.95,2.95,,no
georgia,"ESIM.DOG 🐶","⚡️ Best Coverage in Georgia (500MB/1Days) - Green route",0.5,1,1.48,2.96,,no
georgia,"MoodSIM","Georgia Unlimited (500 MB/day, then 512 Kbps) 1 Day",0.5,1,1.49,2.98,,no
georgia,"nadanada","eSIM, 1GB, 7 Days, Georgia",1,7,2.99,2.99,,no
georgia,"Esimify","Georgia 1GB 7Days",1,7,2.99,2.99,,no
georgia,"Movisim","Georgia 1.0GB - 7-Day eSIM",1,7,2.99,2.99,,no
georgia,"Movisim","Georgia 1.0GB/day (Unlimited) - 1-Day eSIM",1,1,2.99,2.99,,no
georgia,"Movisim","Georgia 1.0GB/day (Unlimited) - 1-Day eSIM",1,1,2.99,2.99,,no
georgia,"JamboSim","eSIM JamboSim Europe 1GB / 7 Days",1,7,2.99,2.99,,no
georgia,"eSIM Forever","Georgia 1GB 7Days",1,7,2.99,2.99,,no
georgia,"Movisim","Georgia 1.0GB - 1-Day eSIM",1,1,2.99,2.99,,no
georgia,"Movisim","Georgia 1GB - 7-Day eSIM",1,7,2.99,2.99,,no
georgia,"Movisim","Georgia 1GB/day (Unlimited) - 1-Day eSIM",1,1,2.99,2.99,,no
georgia,"Simbye","Georgia 1GB 7Days",1,7,2.99,2.99,,no
georgia,"nextSIM","eSIM Georgia Unlimited 1Days Standard",1,1,2.9943922400000003,2.994,,no
georgia,"CocoRoam","Georgia 1GB 3d",1,3,3,3,,no
georgia,"Earth Esim","1GB/7 Days Georgia eSIM",1,7,3,3,,no
georgia,"mobineX","Unlimited Standard",1,1,3,3,,yes
georgia,"Soovia eSIM","Georgia 1GB 7 Days",1,7,3.01,3.01,,yes
georgia,"merdata","eSIM Georgia 1 GB 7 days",1,7,3.048662843404782,3.049,,no
georgia,"Skyalo","Georgia • 1 GB/day • 1 day",1,1,3.09,3.09,,no
georgia,"mobineX","1 GB - 30 days",1,30,3.1,3.1,,yes
georgia,"Giga.Tel","Georgia – 1GB ($3.15) – 7 Days – Free VPN",1,7,3.15,3.15,,no
georgia,"Giga.Tel","Global 60-1GB",1,30,3.2,3.2,,yes
georgia,"abesteSIM","eSIM Middle East (17 Countries) - 1 Day / Daily 1GB",1,1,3.293685420736688,3.294,,yes
georgia,"SimBalkan","Georgia · 1 GB · 7 days",1,7,3.3527944,3.353,,yes
georgia,"SimBalkan","Georgia · Unlimited · 1 days",1,1,3.3527944,3.353,,yes
georgia,"SimSmash","Georgia Daily Unlimited 0.49GB/day for 1 Days",0.49,1,1.69,3.449,,no
georgia,"MicroEsim","Global eSIM 24 Destinations - 1 Day / Daily 500MB",0.5,1,1.73,3.46,ESIMDB,yes
georgia,"ESIM.DOG 🐶","⚡️ Best Coverage in Georgia (500MB/1Days) - Pink route",0.5,1,1.96,3.92,,no
georgia,"RedEx eSIM","Georgia 500MB/Day",0.5,1,1.97,3.94,,no
georgia,"JamboSim","eSIM JamboSim Europe 500MB / 3 Days",0.5,3,1.99,3.98,,no
georgia,"merdata","eSIM Georgia 500 MB/day 1 day",0.5,1,1.9973997939548573,3.995,,no
georgia,"eSimFlare","Georgia 500MB/Day",0.5,1,2,4,,no
georgia,"Giga.Tel","World 99 - 500MB/Lifetime",0.5,0,2,4,,yes
georgia,"Hungry eSIM","Georgia Unlimited eSIM — 0.5GB/Day · 512 Kbps after",0.5,1,2.12,4.24,,no
georgia,"AlpineSIM","AlpineSIM Unlimited Georgia eSIM - 500MB/Day / 3",0.5,3,2.177963430154335,4.356,,no
georgia,"ASIMGO","eSIM Georgia - 3 Days / Daily 500MB",0.5,3,2.36,4.72,,yes
georgia,"ESIM.DOG 🐶","🎁 $0.53 + VPN | Magti Georgia - Best Coverage (100MB/1Days) - Black route",0.1,1,0.53,5.3,,no
georgia,"Roamix","Georgia 500MB/Day",0.5,1,2.85,5.7,,no
georgia,"eSimFlare","Georgia 500MB/Day",0.5,3,2.9,5.8,,no
georgia,"GIGAGO","Global eSIM (76 countries)",0.5,1,2.9,5.8,,no
georgia,"ESIM.DOG 🐶","⚡️ [5G] Global (202 countries) - Best 5G Coverage (300MB/3Days) - Yellow route",0.3,3,1.79,5.967,,yes
georgia,"Movisim","Georgia 500MB/day (Unlimited) - 1-Day eSIM",0.5,1,2.99,5.98,,no
georgia,"Movisim","Georgia 500MB - 1-Day eSIM",0.5,1,2.99,5.98,,no
georgia,"Wiiline","CIS 6 Countries - 1 Days 490 MB",0.49,1,3,6.122,,yes
georgia,"abesteSIM","eSIM Georgia - 3 Days / Daily 500MB",0.5,3,3.1293923237403214,6.259,,yes
georgia,"abesteSIM","eSIM Global (23 Destinations) - 3 Days / Daily 500MB",0.5,3,3.2154506126431803,6.431,,yes
georgia,"BlueSky eSIM","🔷 [5G] Worldwide (201 countries) Best Coverage (300MB/3d)",0.3,3,1.97,6.567,,yes
georgia,"abesteSIM","eSIM Caucasus Mountains (3 Countries) - 3 Days / Daily 500MB",0.5,3,3.293685420736688,6.587,,yes
georgia,"JamboSim","eSIM JamboSim Global 300MB / 3 Days",0.3,3,1.99,6.633,,no
georgia,"ASIMGO","eSIM Caucasus Mountains (3 Countries) - 3 Days / Daily 500MB",0.5,3,3.32,6.64,,yes
georgia,"eSIM4Travel","South Caucasus 4 (Georgia, Armenia, Azerbaijan, Turkey) - 100MB/1Days",0.1,1,0.89,8.9,,no
georgia,"ESIM.DOG 🐶","⚡️ Best Coverage in Georgia (200MB/30Days) - Yellow route",0.2,30,1.94,9.7,,no
georgia,"ESIM.DOG 🐶","⚡️ [5G] Global (202 countries) - Best 5G Coverage (200MB/30Days) - Yellow route",0.2,30,1.96,9.8,,yes
georgia,"BlueSky eSIM","✈️ [5G] Worldwide (201 countries) Best Coverage (200MB/30d)",0.2,30,1.97,9.85,,yes
georgia,"Journey Esims","Georgia 100 MB · 1 day",0.1,1,1,10,,no
georgia,"Zwitchy","Georgia · 100 MB · 1 day",0.1,1,1,10,,yes
georgia,"MobileSIM","Global 200 MB for 30 days",0.2,30,2.3,11.5,,no
georgia,"JamboSim","eSIM JamboSim Global 200MB / 30 Days",0.2,30,2.99,14.95,,no
georgia,"Keepgo","Tucana",0.1,0,2,20,,yes
georgia,"Giga.Tel","World 129 - 100MB/Lifetime",0.1,0,2,20,,yes
georgia,"Keepgo","Eridanus World",0.1,0,3,30,,yes
germany,"Stellar eSim","Germany 3GB 30Days + Free Stellar VPN",3,30,0.6243134400000001,0.208,,no
germany,"ESIM.DOG 🐶","⚡️ [5G] Vodafone/T-Mobile Germany - Best 5G Coverage (3GB/1Days) - Black route",3,1,0.71,0.237,,yes
germany,"ESIM.DOG 🐶","⚡️ [5G] Vodafone/T-Mobile Germany - Best 5G Coverage (3GB/3Days) - Black route",3,3,0.71,0.237,,yes
germany,"ESIM.DOG 🐶","⚡️ [5G] Vodafone/T-Mobile Germany - Best 5G Coverage (3GB/5Days) - Black route",3,5,0.71,0.237,,yes
germany,"ESIM.DOG 🐶","⚡️ [5G] Vodafone/T-Mobile Germany - Best 5G Coverage (3GB/7Days) - Black route",3,7,0.76,0.253,,yes
germany,"ESIM.DOG 🐶","⚡️ [5G] Vodafone/T-Mobile Germany - Best 5G Coverage (3GB/10Days) - Black route",3,10,0.76,0.253,,yes
germany,"ESIM.DOG 🐶","⚡️ [5G] Vodafone/T-Mobile Germany - Best 5G Coverage (3GB/30Days) - Black route",3,30,0.76,0.253,,yes
germany,"ESIM.DOG 🐶","⚡️ [5G] Vodafone/T-Mobile Germany - Best 5G Coverage (3GB/15Days) - Black route",3,15,0.76,0.253,,yes
germany,"ESIM.DOG 🐶","⚡️ [5G] Vodafone/T-Mobile Germany - Best 5G Coverage (3GB/12Days) - Black route",3,12,0.76,0.253,,yes
germany,"ESIM.DOG 🐶","⚡️ [5G] Vodafone/T-Mobile Germany - Best 5G Coverage (3GB/14Days) - Black route",3,14,0.76,0.253,,yes
germany,"ESIM.DOG 🐶","⚡️ [5G] Vodafone/T-Mobile Germany - Best 5G Coverage (3GB/20Days) - Black route",3,20,0.76,0.253,,yes
germany,"ESIM.DOG 🐶","⚡️ [5G] Vodafone/T-Mobile Germany - Best 5G Coverage (3GB/21Days) - Black route",3,21,0.76,0.253,,yes
germany,"ESIM.DOG 🐶","⚡️ [5G] Vodafone/T-Mobile Germany - Best 5G Coverage (3GB/25Days) - Black route",3,25,0.76,0.253,,yes
germany,"ESIM.DOG 🐶","⚡️ [5G] Vodafone/T-Mobile Germany - Best 5G Coverage (2GB/15Days) - Black route",2,15,0.76,0.38,,yes
germany,"ESIM.DOG 🐶","⚡️ [5G] Vodafone/T-Mobile Germany - Best 5G Coverage (2GB/30Days) - Black route",2,30,0.76,0.38,,yes
germany,"Horizon eSIM","Germany 1GB 7Days",1,7,0.38152488000000007,0.382,,no
germany,"Stellar eSim","Germany 3GB/Day + Free Stellar VPN",3,1,1.14457464,0.382,,no
germany,"Stellar eSim","Europe (35 areas) 4GB 30Days + Free Stellar VPN",4,30,1.5839063200000003,0.396,,no
germany,"ESIM.DOG 🐶","⚡️ [5G] Europe (35 countries) - Best 5G Coverage (3GB/15Days) - Blue route",3,15,1.2,0.4,,yes
germany,"ESIM.DOG 🐶","⚡️ [5G] Europe (33 countries) - Best 5G Coverage (3GB/1Days) - Pink route",3,1,1.2,0.4,,no
germany,"ESIM.DOG 🐶","⚡️ [5G] Europe (33 countries) - Best 5G Coverage (3GB/3Days) - Pink route",3,3,1.2,0.4,,no
germany,"ESIM.DOG 🐶","⚡️ [5G] Europe (33 countries) - Best 5G Coverage (3GB/5Days) - Pink route",3,5,1.2,0.4,,no
germany,"ESIM.DOG 🐶","⚡️ [5G] Europe (33 countries) - Best 5G Coverage (3GB/7Days) - Pink route",3,7,1.2,0.4,,no
germany,"ESIM.DOG 🐶","⚡️ [5G] Europe (33 countries) - Best 5G Coverage (3GB/10Days) - Pink route",3,10,1.2,0.4,,no
germany,"Stellar eSim","Europe (33 areas) 3GB 15Days + Free Stellar VPN",3,15,1.2139428,0.405,,no
germany,"Stellar eSim","Germany 3GB/Day FUP1Mbps + Free Stellar VPN",3,1,1.2139428,0.405,,no
germany,"Stellar eSim","Germany 3GB 15Days + Free Stellar VPN",3,15,1.2139428,0.405,,no
germany,"ESIM.DOG 🐶","⚡️ [5G] Europe (35 countries) - Best 5G Coverage (3GB/30Days) - Blue route",3,30,1.22,0.407,,yes
germany,"ESIM.DOG 🐶","⚡️ [5G] Europe (45 countries) - Best 5G Coverage (3GB/20Days) - Pink route",3,20,1.22,0.407,,no
germany,"Stellar eSim","Europe (33 areas) 4GB 30Days + Free Stellar VPN",4,30,1.6417131200000001,0.41,,no
germany,"Stellar eSim","Europe (35 areas) 3GB 30Days + Free Stellar VPN",3,30,1.2370655200000003,0.412,,no
germany,"Stellar eSim","Europe (33 areas) 3GB 30Days + Free Stellar VPN",3,30,1.2833109600000001,0.428,,no
germany,"Stellar eSim","Europe (35 areas) 3GB 15Days + Free Stellar VPN",3,15,1.30643368,0.435,,no
germany,"Stellar eSim","Europe (35 areas) 3GB/Day FUP1Mbps + Free Stellar VPN",3,1,1.31799504,0.439,,no
germany,"Stellar eSim","Europe (33 areas) 3GB/Day FUP1Mbps + Free Stellar VPN",3,1,1.3526791200000001,0.451,,no
germany,"GoMoWorld","Germany",50,30,24.99,0.5,,no
germany,"Stellar eSim","Europe (33 areas) 2GB 15Days + Free Stellar VPN",2,15,1.0520837600000001,0.526,,no
germany,"Stellar eSim","Germany 2GB 15Days + Free Stellar VPN",2,15,1.0520837600000001,0.526,,no
germany,"Stellar eSim","Europe (35 areas) 2GB 30Days + Free Stellar VPN",2,30,1.07520648,0.538,,no
germany,"abesteSIM","eSIM Germany - 1 Day / Daily 3GB",3,1,1.6585779315823703,0.553,,yes
germany,"Stellar eSim","Germany 2GB/Day + Free Stellar VPN",2,1,1.10989056,0.555,,no
germany,"Stellar eSim","Europe (33 areas) 2GB 30Days + Free Stellar VPN",2,30,1.10989056,0.555,,no
germany,"Stellar eSim","Europe (35 areas) 2GB 15Days + Free Stellar VPN",2,15,1.1330132800000001,0.567,,no
germany,"ESIM.DOG 🐶","⚡️ [5G] Europe (33 countries) - Best 5G Coverage (2GB/1Days) - Pink route",2,1,1.14,0.57,,no
germany,"Stellar eSim","Europe (35 areas) 2GB/Day FUP1Mbps + Free Stellar VPN",2,1,1.156136,0.578,,no
germany,"eSIMX","Germany 10GB 7Days",10,7,5.8,0.58,,yes
germany,"ESIM.DOG 🐶","⚡️ [5G] Europe (28 countries) - Best 5G Coverage (2GB/15Days) - Yellow route",2,15,1.2,0.6,,yes
germany,"Stellar eSim","Europe (33 areas) 2GB/Day FUP1Mbps + Free Stellar VPN",2,1,1.2023814400000001,0.601,,no
germany,"Stellar eSim","Germany 2GB/Day FUP1Mbps + Free Stellar VPN",2,1,1.2139428,0.607,,no
germany,"RedEx eSIM","Unlimited Data - 1 Days (2 GB / 384 KBPS)",2,1,1.24,0.62,,no
germany,"Billion Connect","Global eSIM [45 Countries] 1 Day 2GB/Day",2,1,1.25,0.625,,yes
germany,"ESIM.DOG 🐶","⚡️ [5G] Europe (35 countries) - Best 5G Coverage (1GB/7Days) - Blue route",1,7,0.66,0.66,,yes
germany,"ESIM.DOG 🐶","⚡️ [5G] Europe (33 countries) - Best 5G Coverage (1GB/5Days) - Pink route",1,5,0.66,0.66,,no
germany,"ESIM.DOG 🐶","⚡️ [5G] Europe (33 countries) - Best 5G Coverage (1GB/1Days) - Pink route",1,1,0.66,0.66,,no
germany,"Stellar eSim","Europe (35 areas) 1GB 7Days + Free Stellar VPN",1,7,0.67055888,0.671,,no
germany,"AlpineSIM","AlpineSIM Unlimited Germany eSIM - 2GB/Day / 1",2,1,1.3612271438464596,0.681,,yes
germany,"Stellar eSim","Europe (33 areas) 1GB 7Days + Free Stellar VPN",1,7,0.68212024,0.682,,no
germany,"eSIM4Travel","Best Europe 41 - 1GB/1Days",1,1,0.69,0.69,,yes
germany,"eSIM4Travel","Best Europe 41 - 1GB/7Days",1,7,0.69,0.69,,yes
germany,"Stellar eSim","Germany 1GB/Day + Free Stellar VPN",1,1,0.6936816,0.694,,no
germany,"ESIM.DOG 🐶","⚡️ [5G] Vodafone/T-Mobile Germany - Best 5G Coverage (1GB/5Days) - Black route",1,5,0.71,0.71,,yes
germany,"Billion Connect","Europe eSIM [33 Countries] 1 Day 2GB/Day",2,1,1.43,0.715,,yes
germany,"abesteSIM","eSIM Germany - 1 Day / Daily 2GB",2,1,1.431696988111197,0.716,,yes
germany,"abesteSIM","eSIM Europe (36 Countries) - 1 Day / Daily 2GB",2,1,1.4551674305392495,0.728,,yes
germany,"abesteSIM","eSIM Europe (32 Countries) - 1 Day / Daily 2GB",2,1,1.4551674305392495,0.728,,yes
germany,"AlpineSIM","AlpineSIM Unlimited Germany eSIM - 1GB/Day / 1",1,1,0.7301127407903737,0.73,,yes
germany,"Stellar eSim","Europe (35 areas) 1GB/Day FUP1Mbps + Free Stellar VPN",1,1,0.7399270400000001,0.74,,no
germany,"ESIM.DOG 🐶","🎁 $0.75 + VPN | [5G] Vodafone/O2 Germany - Best 5G Coverage (1GB/7Days) - Blue route",1,7,0.75,0.75,,yes
germany,"Stellar eSim","Europe (33 areas) 1GB/Day FUP1Mbps + Free Stellar VPN",1,1,0.7514884000000001,0.751,,no
germany,"Stellar eSim","Germany 1GB 7Days + Free Stellar VPN",1,7,0.7514884000000001,0.751,,no
germany,"ESIM.DOG 🐶","⚡️ [5G] Vodafone/T-Mobile Germany - Best 5G Coverage (1GB/7Days) - Black route",1,7,0.76,0.76,,yes
germany,"ESIM.DOG 🐶","⚡️ [5G] Vodafone/T-Mobile Germany - Best 5G Coverage (1GB/15Days) - Black route",1,15,0.76,0.76,,yes
germany,"ESIM.DOG 🐶","⚡️ [5G] Vodafone/T-Mobile Germany - Best 5G Coverage (1GB/20Days) - Black route",1,20,0.76,0.76,,yes
germany,"ESIM.DOG 🐶","⚡️ [5G] Vodafone/T-Mobile Germany - Best 5G Coverage (1GB/30Days) - Black route",1,30,0.76,0.76,,yes
germany,"ESIM.DOG 🐶","⚡️ [5G] Europe (34 countries) - Best 5G Coverage (1.5GB/1Days) - Blue route",1.5,1,1.14,0.76,,yes
germany,"YonoSIM","Germany 2GB/Day",2,1,1.52,0.76,,no
germany,"abesteSIM","eSIM Germany - 1 Day / Daily 500MB",0.5,1,0.3833505596581893,0.767,,yes
germany,"MicroEsim","Germany eSIM 5G - 1 Day / Daily 2GB",2,1,1.56,0.78,ESIMDB,yes
germany,"abesteSIM","eSIM Europe (36 Countries) - 1 Day / Daily 500MB",0.5,1,0.3911740404675402,0.782,,yes
germany,"MicroEsim","Europe eSIM 36 Countries - 1 Day / Daily 2GB",2,1,1.57,0.785,ESIMDB,yes
germany,"ASIMGO","eSIM Europe (36 Countries) - 1 Day / Daily 2GB",2,1,1.58,0.79,,yes
germany,"ASIMGO","eSIM Europe - 32 Countries - 1 Day / Daily 2GB",2,1,1.58,0.79,,yes
germany,"ASIMGO","eSIM Europe (36 Countries) - 1 Day / Daily 500MB",0.5,1,0.4,0.8,,yes
germany,"ESIM888","Germany (1GB/7DAYS)",1,7,0.8,0.8,,no
germany,"Stellar eSim","Europe (35 areas) 750MB 7Days + Free Stellar VPN",0.75,7,0.6011907200000001,0.802,,no
germany,"AlpineSIM","AlpineSIM Germany eSIM - 1GB | 7Days",1,7,0.8043614940910897,0.804,,yes
germany,"YonoSIM","Germany 1GB/Day",1,1,0.81,0.81,,no
germany,"Stellar eSim","Europe (33 areas) 750MB 7Days + Free Stellar VPN",0.75,7,0.61275208,0.817,,no
germany,"ESIM.DOG 🐶","⚡️ [5G] Europe (33 countries) - Best 5G Coverage (800MB/1Days) - Pink route",0.8,1,0.66,0.825,,no
germany,"MicroEsim","Europe eSIM 33 Countries - 1 Day / Daily 2GB",2,1,1.65,0.825,ESIMDB,yes
germany,"abesteSIM","eSIM Europe (32 Countries) - 1 Day / Daily 500MB",0.5,1,0.4146444828955926,0.829,,yes
germany,"Sim Local","Germany 20 GB for 30 Days",20,30,16.75,0.838,,yes
germany,"ASIMGO","eSIM Europe - 32 Countries - 1 Day / Daily 500MB",0.5,1,0.42,0.84,,yes
germany,"AlpineSIM","AlpineSIM Unlimited Germany eSIM - 500MB/Day / 1",0.5,1,0.4207429353707238,0.841,,yes
germany,"AlpineSIM","AlpineSIM Europe (35 areas) eSIM - 1GB | 7Days",1,7,0.8786102473918056,0.879,,yes
germany,"AlpineSIM","AlpineSIM Europe (33 areas) eSIM - 1GB | 7Days",1,7,0.8909850396085915,0.891,,yes
germany,"Stellar eSim","Germany 750MB 7Days + Free Stellar VPN",0.75,7,0.67055888,0.894,,no
germany,"abesteSIM","eSIM Asia+Europe 52 Regions - 1 Day / Daily 500MB",0.5,1,0.46158536775169734,0.923,,yes
germany,"AlpineSIM","AlpineSIM Unlimited Europe (35 areas) eSIM - 1GB/Day / 1",1,1,0.9281094162589496,0.928,,yes
germany,"ASIMGO","eSIM Asia&amp;Europe - 52 Countries - 1 Day / Daily 500MB",0.5,1,0.47,0.94,,yes
germany,"AlpineSIM","AlpineSIM Unlimited Europe (33 areas) eSIM - 1GB/Day / 1",1,1,0.9404842084757357,0.94,,yes
germany,"MicroEsim","Germany eSIM 5G - 1 Day / Daily 1GB",1,1,0.95,0.95,,yes
germany,"YonoSIM","Germany 1GB/Day FUP1Mbps",1,1,0.95,0.95,,no
germany,"Stellar eSim","Germany 1GB/Day FUP1Mbps + Free Stellar VPN",1,1,0.95959288,0.96,,no
germany,"MicroEsim","Europe eSIM 33 Countries - 1 Day / Daily 1GB",1,1,0.98,0.98,,yes
germany,"Textr eSIM","Germany 1GB",1,7,0.99,0.99,,no
germany,"SimSmash","Germany 1GB for 7 Days",1,7,0.99,0.99,,yes
germany,"GlobaleSIM","Germany",10,30,10,1,,no
germany,"Voyasim","Germany 500MB/Day",0.5,1,0.5,1,,yes
germany,"EZsim","Germany - 1GB/7Days",1,7,1,1,,no
germany,"Orbit Mobile","Global Pass",1,1,1,1,,no
germany,"Journey Esims","Germany 1 GB · 1 day",1,1,1,1,,no
germany,"eSIMNEXA","Germany 1GB 3Days",1,3,1,1,,yes
germany,"mobineX","Unlimited Standard",1,1,1,1,,yes
germany,"mobineX","Unlimited Standard",1,1,1,1,,yes
germany,"mobineX","Unlimited Standard",1,1,1,1,,yes
germany,"abesteSIM","eSIM Germany - 1 Day / Daily 1GB",1,1,1.0014055435969027,1.001,,yes
germany,"abesteSIM","eSIM Europe (36 Countries) - 1 Day / Daily 1GB",1,1,1.0170525052156045,1.017,,yes
germany,"YonoSIM","Europe (35 areas) 1GB/Day FUP1Mbps",1,1,1.02,1.02,,no
germany,"Yatelo","DEU 1GB 7 Days",1,7,1.04,1.04,,yes
germany,"Hiroaming","Germany 1GB 7Days",1,7,1.04,1.04,,no
germany,"Yesim","Germany",0.5,1,0.5202612000000001,1.041,,yes
germany,"Yesim","Europe &amp; UK",0.5,1,0.5202612000000001,1.041,,yes
germany,"abesteSIM","eSIM Europe (49 Destinations) - 1 Day / Daily 500MB",0.5,1,0.5241732142265039,1.048,,yes
germany,"YonoSIM","Europe (33 areas) 1GB/Day FUP1Mbps",1,1,1.07,1.07,,no
germany,"ASIMGO","eSIM Europe (49 Destinations) - 1 Day / Daily 500MB",0.5,1,0.54,1.08,,yes
germany,"SimSmash","Germany Daily Unlimited 1GB/day for 1 Days",1,1,1.09,1.09,,yes
germany,"Orange Travel","Germany 20GB",20,14,21.99,1.099,,no
germany,"Billion Connect","Global eSIM [45 Countries] 1 Day 1GB/Day",1,1,1.11,1.11,,yes
germany,"MicroEsim","Europe eSIM 36 Countries - 1 Day / Daily 1GB",1,1,1.12,1.12,ESIMDB,yes
germany,"ASIMGO","eSIM Germany - 1 Day / Daily 1GB",1,1,1.12,1.12,,yes
germany,"ASIMGO","eSIM Europe (36 Countries) - 1 Day / Daily 1GB",1,1,1.13,1.13,,yes
germany,"Hiroaming","Europe (35 areas) 1GB 7Days",1,7,1.13,1.13,,no
germany,"Hiroaming","Germany 1GB/Day FUP1Mbps",1,1,1.14,1.14,,no
germany,"abesteSIM","eSIM Europe (32 Countries) - 1 Day / Daily 1GB",1,1,1.1422281981652171,1.142,,yes
germany,"Roamic","Germany eSIM 1GB / 7 Days",1,7,1.14457464,1.145,,no
germany,"eSIM Agora","Germany 1GB 7Days",1,7,1.14457464,1.145,,no
germany,"Hiroaming","Germany 500MB/Day",0.5,1,0.58,1.16,,no
germany,"4S eSIM","Germany 1GB - 1 Day",1,1,1.16,1.16,,no
germany,"Hiroaming","Europe (33 areas) 1GB 7Days",1,7,1.16,1.16,,no
germany,"RedEx eSIM","Germany 1GB/Day",1,1,1.17,1.17,,yes
germany,"MicroEsim","Europe eSIM 42 Countries - 1 Day / Daily 1GB",1,1,1.18,1.18,ESIMDB,yes
germany,"eSIM4Travel","Germany (Vodafone, T-Mobile, O2) - 1GB/1Days",1,1,1.18,1.18,,yes
germany,"nadanada","eSIM, 1GB, 7 Days, Europe Extra",1,7,1.19,1.19,,no
germany,"4S eSIM","Germany 1GB - 5 Days",1,5,1.19,1.19,,no
germany,"4S eSIM","Europe+ 1GB - 1 Day",1,1,1.19,1.19,,no
germany,"AdventureSIMs","Germany 1GB 7 Days",1,7,1.1946613545329534,1.195,,yes
germany,"AdventureSIMs","Europe Saver 1GB 7 Days",1,7,1.1946613545329534,1.195,,yes
germany,"ESIM.DOG 🐶","🎁 $0.60 + VPN | [5G] Vodafone/T-Mobile Germany - Best 5G Coverage (500MB/1Days) - Black route",0.5,1,0.6,1.2,,yes
germany,"voilà","",1,7,1.2,1.2,,yes
germany,"mobineX","1 GB - 3 days",1,3,1.2,1.2,,yes
germany,"Earth Esim","1GB/1 Day Europe Region",1,1,1.2,1.2,,yes
germany,"ESIM.DOG 🐶","⚡️ [5G] Europe (33 countries) - Best 5G Coverage (1GB/10Days) - Pink route",1,10,1.2,1.2,,no
germany,"ESIM.DOG 🐶","⚡️ [5G] Europe (33 countries) - Best 5G Coverage (1GB/15Days) - Pink route",1,15,1.2,1.2,,no
germany,"abesteSIM","eSIM Global (66 Destinations) - 1 Day / Daily 500MB",0.5,1,0.6024080223200119,1.205,,yes
germany,"Billion Connect","Europe eSIM [33 Countries] 1 Day 1GB/Day",1,1,1.21,1.21,,yes
germany,"RedEx eSIM","1 GB - 7 Days",1,7,1.21,1.21,,no
germany,"Connect Me Guru","Germany 1GB/Day",1,1,1.21,1.21,,yes
germany,"4S eSIM","Germany 1GB - 7 Days",1,7,1.21,1.21,,no
germany,"4S eSIM","Europe+ 1GB - 5 Days",1,5,1.21,1.21,,no
germany,"ESIM.DOG 🐶","⚡️ [5G] Europe (33 countries) - Best 5G Coverage (1GB/20Days) - Pink route",1,20,1.22,1.22,,no
germany,"eSIM4Travel","Germany (Vodafone, T-Mobile, O2) - 1GB/7Days",1,7,1.23,1.23,,yes
germany,"4S eSIM","Europe+ 1GB - 7 Days",1,7,1.24,1.24,,no
germany,"Hiroaming","Europe (35 areas) 1GB/Day FUP1Mbps",1,1,1.24,1.24,,no
germany,"Connect Me Guru","Germany 1GB 7Days",1,7,1.26,1.26,,yes
germany,"ASIMGO","eSIM Europe - 32 Countries - 1 Day / Daily 1GB",1,1,1.26,1.26,,yes
germany,"Horizon eSIM","Europe 1 GB / 30 days",1,30,1.2601882400000002,1.26,,no
germany,"Yatelo","EUR 1GB 7 Days",1,7,1.27,1.27,,yes
germany,"Stellar eSim","Europe(30+ areas) 1GB 7Days + Free Stellar VPN",1,7,1.2717496000000001,1.272,,no
germany,"abesteSIM","eSIM Germany - 5 Days / Total 1GB",1,5,1.2830508527335316,1.283,,yes
germany,"Hiroaming","Europe (33 areas) 1GB/Day FUP1Mbps",1,1,1.29,1.29,,no
germany,"abesteSIM","eSIM Asia+Europe 52 Regions - 1 Day / Daily 1GB",1,1,1.2908743335428825,1.291,,yes
germany,"ESIM.DOG 🐶","🎁 $0.65 + VPN | [5G] Vodafone/T-Mobile Germany - Best 5G Coverage (500MB/30Days) - Black route",0.5,30,0.65,1.3,,yes
germany,"MicroEsim","Europe eSIM 33 Countries - 3 Days / Total 1GB",1,3,1.3,1.3,ESIMDB,yes
germany,"voilà","",1,7,1.3,1.3,,no
germany,"mobineX","1 GB - 7 days",1,7,1.3,1.3,,yes
germany,"ESIM.DOG 🐶","⚡️ [5G] Europe (41 countries) - Best 5G Coverage (500MB/3Days) - Yellow route",0.5,3,0.66,1.32,,yes
germany,"RedEx eSIM","Germany 1GB/Day FUP1Mbps",1,1,1.32,1.32,,yes
germany,"SparkRoam","1 GB / 7 Days",1,7,1.33,1.33,,no
germany,"SparkRoam","1 GB / 7 Days",1,7,1.33,1.33,,no
germany,"Connect Me Guru","Europe (35 areas) 1GB 7Days",1,7,1.33,1.33,,no
germany,"abesteSIM","eSIM Europe (41 Countries) - 1 Day / Daily 1GB",1,1,1.3378152183989873,1.338,,yes
germany,"MicroEsim","Germany eSIM 5G - 5 Days / Total 1GB",1,5,1.34,1.34,ESIMDB,yes
germany,"FullBars","Germany 1GB · 7 days",1,7,1.3491997362601456,1.349,,yes
germany,"Connect Me Guru","Germany 1GB/Day FUP1Mbps",1,1,1.35,1.35,,yes
germany,"Connect Me Guru","Europe (33 areas) 1GB 7Days",1,7,1.36,1.36,,no
germany,"Earth Esim","500MB/1 Day Germany 5G eSIM",0.5,1,0.69,1.38,,yes
germany,"MicroEsim","Europe eSIM 33 Countries - 5 Days / Total 1GB",1,5,1.39,1.39,ESIMDB,yes
germany,"eSIMCard","eSIM Data For 1GB in 3 Days, Germany",1,3,1.39,1.39,,yes
germany,"Textr eSIM","Europe 1GB",1,7,1.39,1.39,,no
germany,"MicroEsim","Europe eSIM 5G 41 Countries - 1 Day / Daily 1GB",1,1,1.39,1.39,ESIMDB,yes
germany,"eSIM4Travel","Germany (Vodafone, T-Mobile, O2) - 500MB/1Days",0.5,1,0.7,1.4,,yes
germany,"ESIM.DOG 🐶","🎁 $0.70 + VPN | Best Coverage in Germany (500MB/1Days) - Pink route",0.5,1,0.7,1.4,,no
germany,"Voyasim","Germany 1GB 7Days",1,7,1.4,1.4,,yes
germany,"Voyasim","Germany 1GB/Day",1,1,1.4,1.4,,yes
germany,"RedEx eSIM","Germany 1GB 7Days",1,7,1.4,1.4,,yes
germany,"ASIMGO","eSIM Germany - 5 Days / Total 1GB",1,5,1.4,1.4,,yes
germany,"mobineX","1 GB - 30 days",1,30,1.4,1.4,,yes
germany,"mobineX","Unlimited Standard",1,1,1.4,1.4,,yes
germany,"RedEx eSIM","Europe (35 areas) 1GB/Day FUP1Mbps",1,1,1.4,1.4,,yes
germany,"Ozly eSIM","Germany 1GB 7Days",1,7,1.4,1.4,,yes
germany,"SimSmash","Germany Daily Unlimited 0.49GB/day for 1 Days",0.49,1,0.69,1.408,,yes
germany,"TravelGator eSIM","Europe eSIM Roaming Data",1,30,1.4082265456831446,1.408,,no
germany,"ASIMGO","eSIM Asia&amp;Europe - 52 Countries - 1 Day / Daily 1GB",1,1,1.41,1.41,,yes
germany,"AlpineSIM","AlpineSIM Europe(30+ areas) eSIM - 1GB | 7Days",1,7,1.4107263127136034,1.411,,yes
germany,"ESIM.DOG 🐶","⚡️ Best Coverage in Germany (500MB/3Days) - Yellow route",0.5,3,0.71,1.42,,no
germany,"Connect Me Guru","Europe (35 areas) 1GB/Day FUP1Mbps",1,1,1.42,1.42,,no
germany,"Flysimio","Germany 1GB 7Days",1,7,1.43,1.43,,yes
germany,"abesteSIM","eSIM Europe (49 Destinations) - 1 Day / Daily 1GB",1,1,1.4395204689205479,1.44,,yes
germany,"RedEx eSIM","Europe (33 areas) 1GB/Day FUP1Mbps",1,1,1.44,1.44,,yes
germany,"Ozly eSIM","Europe (35 areas) 1GB 7Days",1,7,1.45,1.45,,yes
germany,"ASIMGO","eSIM Europe (41 Countries) - 1 Day / Daily 1GB",1,1,1.45,1.45,,yes
germany,"eSIM Agora","Germany 1GB/Day FUP1Mbps",1,1,1.45673136,1.457,,no
germany,"MicroEsim","Europe eSIM 33 Countries - 7 Days / Total 1GB",1,7,1.47,1.47,ESIMDB,yes
germany,"Connect Me Guru","Europe (33 areas) 1GB/Day FUP1Mbps",1,1,1.47,1.47,,no
germany,"TravelGator eSIM","Germany eSIM Roaming Data",1,1,1.4708143921579508,1.471,,no
germany,"MicroEsim","Europe eSIM 36 Countries - 7 Days / Total 1GB",1,7,1.48,1.48,ESIMDB,yes
germany,"SimSwift","Germany 1GB/Day",1,1,1.49,1.49,,no
germany,"Govora","Germany 1GB 7Days",1,7,1.49,1.49,,no
germany,"Govora","Europe (35 areas) 1GB 7Days",1,7,1.49,1.49,,no
germany,"MoodSIM","Germany 1 GB 7 Days",1,7,1.49,1.49,,yes
germany,"MoodSIM","Germany Unlimited (1 GB/day, then 512 Kbps) 1 Day",1,1,1.49,1.49,,yes
germany,"MoodSIM","Germany Unlimited (1 GB/day, then 1 Mbps) 1 Day",1,1,1.49,1.49,,yes
germany,"MoodSIM","Europe 1 GB 7 Days",1,7,1.49,1.49,,yes
germany,"MoodSIM","Europe Unlimited (1 GB/day, then 1 Mbps) 1 Day",1,1,1.49,1.49,,yes
germany,"MoodSIM","Europe 1 GB 7 Days",1,7,1.49,1.49,,yes
germany,"MoodSIM","Europe Unlimited (1 GB/day, then 1 Mbps) 1 Day",1,1,1.49,1.49,,yes
germany,"Earth Esim","1GB/1 Day Germany 5G eSIM",1,1,1.49,1.49,,yes
germany,"EscapeSIM","Germany 1GB",1,14,1.49,1.49,,yes
germany,"iRoamly","Germany-eSIM-1GB-1 Day-Daily",1,1,1.5,1.5,,yes
germany,"iRoamly","Germany-eSIM-1GB-3 Days-Total",1,3,1.5,1.5,,yes
germany,"Journey Esims","Germany 1 GB · 7 days",1,7,1.5,1.5,,no
germany,"Gaza Online","eSIM, Unlimited, (1GB) 1 Day, Germany",1,1,1.5,1.5,,yes
germany,"RedEx eSIM","Europe (35 areas) 1GB 7Days",1,7,1.5,1.5,,yes
germany,"Manet Travel","Local Germany - 7 Days - 1 GB",1,7,1.5029768000000001,1.503,,no
germany,"TravelGator eSIM","Germany eSIM Roaming Data",1,3,1.509931796204705,1.51,,no
germany,"RedEx eSIM","Europe (33 areas) 1GB 7Days",1,7,1.53,1.53,,yes
germany,"TravelGator eSIM","Germany eSIM Roaming Data",1,5,1.5334022386327573,1.533,,no
germany,"MicroEsim","Europe eSIM 42 Countries - 3 Days / Total 1GB",1,3,1.54,1.54,ESIMDB,yes
germany,"TravelGator eSIM","Germany eSIM Roaming Data",1,7,1.5412257194421082,1.541,,no
germany,"TravelGator eSIM","Germany eSIM Roaming Data",1,10,1.5490492002514589,1.549,,no
germany,"MicroEsim","Europe eSIM 5G 49 Destinations - 1 Day / Daily 1GB",1,1,1.55,1.55,ESIMDB,yes
germany,"Flysimio","Europe (35 areas) 1GB 7Days",1,7,1.55,1.55,,yes
germany,"ESIM.DOG 🐶","⚡️ [5G] Europe (33 countries) - Best 5G Coverage (1GB/7Days) - Blue route",1,7,1.55,1.55,,yes
germany,"MicroEsim","Europe eSIM 33 Countries - 10 Days / Total 1GB",1,10,1.56,1.56,ESIMDB,yes
germany,"ASIMGO","eSIM Europe (49 Destinations) - 1 Day / Daily 1GB",1,1,1.56,1.56,,yes
germany,"TravelGator eSIM","Germany eSIM Roaming Data",1,15,1.5646961618701607,1.565,,no
germany,"RedEx eSIM","1 GB - 7 Days",1,7,1.57,1.57,,no
germany,"eSIM Agora","Europe (33 areas) 1GB/Day FUP1Mbps",1,1,1.5723449600000003,1.572,,no
germany,"ESIM.DOG 🐶","⚡️ [5G] Europe (35 countries) - Best 5G Coverage (1GB/1Days) - Blue route",1,1,1.58,1.58,,yes
germany,"nextSIM","eSIM Germany 1GB 7Days Standard",1,7,1.5839063200000003,1.584,,yes
germany,"EscapeSIM","EU36 Saver 1GB Stopover",1,7,1.59,1.59,,yes
germany,"iRoamly","Germany-eSIM-1GB-5 Days-Total",1,5,1.6,1.6,,yes
germany,"Voyasim","Germany 1GB/Day FUP1Mbps",1,1,1.6,1.6,,yes
germany,"esimzon","Germany 1GB 30Days",1,30,1.6,1.6,,no
germany,"Voyasim","Europe (35 areas) 1GB 7Days",1,7,1.6,1.6,,yes
germany,"ASIMGO","eSIM Germany - 3 Days / Daily 1GB",1,3,1.6,1.6,,yes
germany,"ESIM.DOG 🐶","⚡️ [5G] Europe (33 countries) - Best 5G Coverage (1GB/1Days) - Blue route",1,1,1.61,1.61,,yes
germany,"ESIM.DOG 🐶","⚡️ Vodafone/O2 Germany - Best Coverage (1GB/7Days) - Green route",1,7,1.64,1.64,,no
germany,"MicroEsim","Europe eSIM 33 Countries - 15 Days / Total 1GB",1,15,1.65,1.65,ESIMDB,yes
germany,"MicroEsim","Europe eSIM 42 Countries - 5 Days / Total 1GB",1,5,1.65,1.65,ESIMDB,yes
germany,"abesteSIM","eSIM Global (66 Destinations) - 1 Day / Daily 1GB",1,1,1.6585779315823703,1.659,,yes
germany,"RedEx eSIM","Germany 500MB/Day",0.5,1,0.83,1.66,,yes
germany,"MicroEsim","Germany eSIM 5G - 1 Day / Daily 500MB",0.5,1,0.84,1.68,,yes
germany,"MicroEsim","Europe eSIM 36 Countries - 1 Day / Daily 500MB",0.5,1,0.85,1.7,,yes
germany,"Stellar eSim","Germany 500MB/Day + Free Stellar VPN",0.5,1,0.8555406400000001,1.711,,no
germany,"MicroEsim","Europe eSIM 33 Countries - 1 Day / Daily 500MB",0.5,1,0.86,1.72,,yes
germany,"Connect Me Guru","Germany 500MB/Day",0.5,1,0.88,1.76,,yes
germany,"Billion Connect","Global eSIM [45 Countries] 1 Day 500MB/Day",0.5,1,0.92,1.84,,yes
germany,"MicroEsim","Europe eSIM 5G 41 Countries - 1 Day / Daily 500MB",0.5,1,0.99,1.98,,yes
germany,"MoodSIM","Germany Unlimited (500 MB/day, then 512 Kbps) 1 Day",0.5,1,0.99,1.98,,yes
germany,"Lumbus","Germany 500MB/Day",0.5,1,0.99,1.98,,no
germany,"MicroEsim","Europe eSIM 42 Countries - 1 Day / Daily 500MB",0.5,1,1.02,2.04,ESIMDB,yes
germany,"ASIMGO","eSIM Germany - 1 Day / Total 200MB",0.2,1,0.41,2.05,,yes
germany,"AlpineSIM","AlpineSIM Unlimited Europe(30+ areas) eSIM - 300MB/Day / 1",0.3,1,0.6187396108392997,2.062,,yes
germany,"Billion Connect","Europe eSIM [41 Countries] 1 Day 500MB/Day",0.5,1,1.04,2.08,,yes
germany,"ASIMGO","eSIM Europe (41 Countries) - 1 Day / Total 200MB",0.2,1,0.42,2.1,,yes
germany,"AlpineSIM","AlpineSIM Unlimited Europe(30+ areas) eSIM - 500MB/Day / 1",0.5,1,1.0766069228603816,2.153,,yes
germany,"MicroEsim","Europe eSIM 5G 49 Destinations - 1 Day / Daily 500MB",0.5,1,1.08,2.16,ESIMDB,yes
germany,"YonoSIM","Europe(30+ areas) 300MB/Day",0.3,1,0.68,2.267,,no
germany,"abesteSIM","eSIM Germany - 1 Day / Total 200MB",0.2,1,0.46158536775169734,2.308,,yes
germany,"abesteSIM","eSIM Europe (41 Countries) - 1 Day / Total 200MB",0.2,1,0.46940884856104814,2.347,,yes
germany,"YonoSIM","Europe(30+ areas) 500MB/Day",0.5,1,1.2,2.4,,no
germany,"Stellar eSim","Europe(30+ areas) 500MB/Day + Free Stellar VPN",0.5,1,1.2023814400000001,2.405,,no
germany,"ESIM.DOG 🐶","⚡️ [5G] Vodafone/O2 Germany - Best 5G Coverage (500MB/1Days) - Blue route",0.5,1,1.28,2.56,,yes
germany,"Stellar eSim","Europe(30+ areas) 300MB/Day + Free Stellar VPN",0.3,1,0.7746111200000001,2.582,,no
germany,"AlpineSIM","AlpineSIM Unlimited Germany eSIM - 500MB/Day / 3",0.5,3,1.2993531827625295,2.599,,yes
germany,"abesteSIM","eSIM Germany - 3 Days / Daily 500MB",0.5,3,1.3299917375896364,2.66,,yes
germany,"abesteSIM","eSIM Europe (32 Countries) - 3 Days / Daily 500MB",0.5,3,1.353462180017689,2.707,,yes
germany,"Hiroaming","Europe(30+ areas) 300MB/Day",0.3,1,0.82,2.733,,no
germany,"MicroEsim","Germany eSIM 5G - 3 Days / Daily 500MB",0.5,3,1.41,2.82,ESIMDB,yes
germany,"ESIM.DOG 🐶","⚡️ Vodafone/O2 Germany - Best Coverage (500MB/1Days) - Green route",0.5,1,1.41,2.82,,no
germany,"ASIMGO","eSIM Germany - 3 Days / Daily 500MB",0.5,3,1.41,2.82,,yes
germany,"abesteSIM","eSIM Europe (36 Countries) - 3 Days / Daily 500MB",0.5,3,1.4238735073018463,2.848,,yes
germany,"ESIM.DOG 🐶","⚡️ [5G] Europe (33 countries) - Best 5G Coverage (500MB/1Days) - Pink route",0.5,1,1.44,2.88,,no
germany,"Hiroaming","Europe(30+ areas) 500MB/Day",0.5,1,1.45,2.9,,no
germany,"ASIMGO","eSIM Europe - 32 Countries - 3 Days / Daily 500MB",0.5,3,1.47,2.94,,yes
germany,"merdata","eSIM Germany 500 MB/day 1 day",0.5,1,1.471768269229895,2.944,,no
germany,"ESIM.DOG 🐶","⚡️ Europe (33 countries) - Best Coverage (500MB/1Days) - Green route",0.5,1,1.48,2.96,,no
germany,"ESIM.DOG 🐶","⚡️ Best Coverage in Germany (200MB/30Days) - Yellow route",0.2,30,0.61,3.05,,no
germany,"MicroEsim","Europe eSIM 36 Countries - 3 Days / Daily 500MB",0.5,3,1.53,3.06,ESIMDB,yes
germany,"ASIMGO","eSIM Europe (36 Countries) - 3 Days / Daily 500MB",0.5,3,1.55,3.1,,yes
germany,"abesteSIM","eSIM Asia+Europe 52 Regions - 3 Days / Daily 500MB",0.5,3,1.5803431234888623,3.161,,yes
germany,"ESIM.DOG 🐶","⚡️ [5G] Europe (33 countries) - Best 5G Coverage (500MB/1Days) - Pink route",0.5,1,1.59,3.18,,no
germany,"ESIM.DOG 🐶","⚡️ [5G] Europe (45 countries) - Best 5G Coverage (500MB/1Days) - Pink route",0.5,1,1.59,3.18,,no
germany,"Connect Me Guru","Europe(30+ areas) 500MB/Day",0.5,1,1.6,3.2,,no
germany,"abesteSIM","eSIM Europe (41 Countries) - 3 Days / Daily 500MB",0.5,3,1.6429309699636687,3.286,,yes
germany,"Earth Esim","300MB/1 Day Europe Region eSIM",0.3,1,0.99,3.3,,yes
germany,"Connect Me Guru","Europe(30+ areas) 300MB/Day",0.3,1,1.08,3.6,,no
germany,"Voyasim","Europe(30+ areas) 300MB/Day",0.3,1,1.1,3.667,,yes
germany,"ESIM.DOG 🐶","⚡️ [5G] Europe (34 countries) - Best 5G Coverage (300MB/1Days) - Blue route",0.3,1,1.39,4.633,,yes
germany,"MoodSIM","Europe Unlimited (300 MB/day, then 384 Kbps) 1 Day",0.3,1,1.49,4.967,,yes
germany,"ESIM.DOG 🐶","🎁 $0.53 + VPN | [5G] Vodafone/T-Mobile Germany - Best 5G Coverage (100MB/1Days) - Black route",0.1,1,0.53,5.3,,yes
germany,"ESIM.DOG 🐶","🎁 $0.55 + VPN | [5G] Vodafone/T-Mobile Germany - Best 5G Coverage (100MB/30Days) - Black route",0.1,30,0.55,5.5,,yes
germany,"Journey Esims","Germany 100 MB · 1 day",0.1,1,1,10,,no
germany,"Journey Esims","Regional (36 countries) 100 MB · 1 day",0.1,1,1,10,,no
germany,"Zwitchy","Germany · 100 MB · 1 day",0.1,1,1,10,,yes
indonesia,"Stellar eSim","Indonesia 3GB 30Days + Free Stellar VPN",3,30,0.6243134400000001,0.208,,no
indonesia,"ESIM.DOG 🐶","⚡️ Best Coverage in Indonesia (3GB/7Days) - Pink route",3,7,0.91,0.303,,no
indonesia,"ESIM.DOG 🐶","⚡️ Best Coverage in Indonesia (3GB/1Days) - Pink route",3,1,0.91,0.303,,no
indonesia,"ESIM.DOG 🐶","⚡️ Best Coverage in Indonesia (3GB/3Days) - Pink route",3,3,0.91,0.303,,no
indonesia,"ESIM.DOG 🐶","⚡️ Best Coverage in Indonesia (3GB/5Days) - Pink route",3,5,0.91,0.303,,no
indonesia,"ESIM.DOG 🐶","⚡️ [5G] Smartfren Indonesia &amp; more - Best 5G Coverage (3GB/30Days) - Blue route",3,30,0.91,0.303,,yes
indonesia,"ESIM.DOG 🐶","⚡️ [5G] Smartfren/XL Axiata Indonesia - Best 5G Coverage (3GB/20Days) - Black route",3,20,0.91,0.303,,yes
indonesia,"ESIM.DOG 🐶","⚡️ [5G] Smartfren/XL Axiata Indonesia - Best 5G Coverage (3GB/12Days) - Black route",3,12,0.91,0.303,,yes
indonesia,"ESIM.DOG 🐶","⚡️ [5G] Smartfren/XL Axiata Indonesia - Best 5G Coverage (3GB/14Days) - Black route",3,14,0.91,0.303,,yes
indonesia,"ESIM.DOG 🐶","⚡️ [5G] Smartfren/XL Axiata Indonesia - Best 5G Coverage (3GB/21Days) - Black route",3,21,0.91,0.303,,yes
indonesia,"ESIM.DOG 🐶","⚡️ [5G] Smartfren/XL Axiata Indonesia - Best 5G Coverage (3GB/15Days) - Black route",3,15,0.91,0.303,,yes
indonesia,"ESIM.DOG 🐶","⚡️ Best Coverage in Indonesia (3GB/10Days) - Black route",3,10,0.91,0.303,,no
indonesia,"ESIM.DOG 🐶","⚡️ Best Coverage in Indonesia (3GB/25Days) - Black route",3,25,0.91,0.303,,no
indonesia,"ESIM.DOG 🐶","⚡️ [5G] Smartfren Indonesia &amp; more - Best 5G Coverage (5GB/30Days) - Blue route",5,30,1.89,0.378,,yes
indonesia,"ESIM.DOG 🐶","⚡️ Best Coverage in Indonesia (5GB/20Days) - Black route",5,20,1.89,0.378,,no
indonesia,"ESIM.DOG 🐶","⚡️ Best Coverage in Indonesia (5GB/25Days) - Black route",5,25,1.89,0.378,,no
indonesia,"ESIM.DOG 🐶","⚡️ Best Coverage in Indonesia (5GB/1Days) - Black route",5,1,1.89,0.378,,no
indonesia,"ESIM.DOG 🐶","⚡️ Best Coverage in Indonesia (5GB/12Days) - Black route",5,12,1.89,0.378,,no
indonesia,"ESIM.DOG 🐶","⚡️ Best Coverage in Indonesia (5GB/14Days) - Black route",5,14,1.89,0.378,,no
indonesia,"ESIM.DOG 🐶","⚡️ Best Coverage in Indonesia (5GB/21Days) - Black route",5,21,1.89,0.378,,no
indonesia,"Stellar eSim","Indonesia 5GB 30Days + Free Stellar VPN",5,30,1.9076244,0.382,,no
indonesia,"Stellar eSim","Indonesia 3GB 15Days + Free Stellar VPN",3,15,1.2139428,0.405,,no
indonesia,"ESIM.DOG 🐶","⚡️ Best Coverage in Indonesia (2GB/15Days) - Black route",2,15,0.91,0.455,,no
indonesia,"ESIM.DOG 🐶","⚡️ Best Coverage in Indonesia (2GB/30Days) - Black route",2,30,0.91,0.455,,no
indonesia,"ESIM.DOG 🐶","⚡️ Best Coverage in Indonesia (4GB/1Days) - Black route",4,1,1.89,0.472,,no
indonesia,"ESIM.DOG 🐶","⚡️ Best Coverage in Indonesia (4GB/30Days) - Black route",4,30,1.89,0.472,,no
indonesia,"abesteSIM","eSIM Indonesia (Support Tiktok) - 1 Day / Daily 3GB",3,1,1.509931796204705,0.503,,yes
indonesia,"Stellar eSim","Indonesia 3GB/Day FUP1Mbps (nonhkip) + Free Stellar VPN",3,1,1.5839063200000003,0.528,,no
indonesia,"MicroEsim","Indonesia eSIM - 1 Day / Daily 3GB",3,1,1.63,0.543,ESIMDB,yes
indonesia,"ASIMGO","eSIM Indonesia - 1 Day / Daily 3GB",3,1,1.63,0.543,,yes
indonesia,"Stellar eSim","Indonesia 3GB/Day + Free Stellar VPN",3,1,1.6995199200000002,0.567,,no
indonesia,"eSIMX","Indonesia 10GB 7Days",10,7,5.8,0.58,,yes
indonesia,"ESIM.DOG 🐶","⚡️ [5G] Asia (5 countries) - Best 5G Coverage (3GB/1Days) - Pink route",3,1,1.78,0.593,,no
indonesia,"abesteSIM","eSIM Southeast Asia (5 Countries) - 1 Day / Daily 3GB",3,1,1.7994005861506845,0.6,,yes
indonesia,"Billion Connect","Singapore &amp; Malaysia &amp; Indonesia eSIM 5 Days 3GB",3,5,1.81,0.603,,yes
indonesia,"Stellar eSim","Indonesia 2GB/Day FUP1Mbps (nonhkip) + Free Stellar VPN",2,1,1.2370655200000003,0.619,,no
indonesia,"Stellar eSim","Indonesia 3GB 15Days (nonhkip) + Free Stellar VPN",3,15,1.8729403200000003,0.624,,no
indonesia,"ASIMGO","eSIM Southeast Asia (5 Countries) - 1 Day / Daily 3GB",3,1,1.88,0.627,,yes
indonesia,"Stellar eSim","Indonesia 2GB/Day + Free Stellar VPN",2,1,1.2601882400000002,0.63,,no
indonesia,"Stellar eSim","Indonesia 2GB/Day (nonhkip) + Free Stellar VPN",2,1,1.2833109600000001,0.642,,no
indonesia,"Billion Connect","Indonesia eSIM 1 Day 3GB/Day",3,1,1.93,0.643,,yes
indonesia,"ESIM.DOG 🐶","⚡️ [5G] Asia (5 countries) - Best 5G Coverage (3GB/3Days) - Pink route",3,3,1.93,0.643,,no
indonesia,"ESIM.DOG 🐶","⚡️ [5G] Asia (5 countries) - Best 5G Coverage (3GB/5Days) - Pink route",3,5,1.93,0.643,,no
indonesia,"Billion Connect","Southeast Asia eSIM [5 Countries] 5 Days 3GB",3,5,1.94,0.647,,yes
indonesia,"Billion Connect","Southeast Asia eSIM [5 Countries] 1 Day 3GB/Day",3,1,1.94,0.647,,yes
indonesia,"thirr.com","ID 3GB 30D",3,30,1.95386984,0.651,,yes
indonesia,"abesteSIM","eSIM Indonesia - 1 Day / Daily 2GB",2,1,1.3143447759709348,0.657,,yes
indonesia,"MobiMatter","Indonesia 15 GB",15,30,9.99,0.666,,no
indonesia,"Stellar eSim","Indonesia 2GB/Day FUP1Mbps + Free Stellar VPN",2,1,1.34111776,0.671,,no
indonesia,"MicroEsim","Indonesia eSIM - 1 Day / Daily 2GB",2,1,1.35,0.675,ESIMDB,yes
indonesia,"ESIM.DOG 🐶","⚡️ [5G] Asia (5 countries) - Best 5G Coverage (2GB/1Days) - Pink route",2,1,1.37,0.685,,no
indonesia,"abesteSIM","eSIM Southeast Asia (5 Countries) - 1 Day / Daily 2GB",2,1,1.3847561032550921,0.692,,yes
indonesia,"ASIMGO","eSIM Indonesia - 1 Day / Daily 2GB",2,1,1.43,0.715,,yes
indonesia,"RedEx eSIM","Unlimited Data - 1 Days (2 GB / 384 KBPS)",2,1,1.46,0.73,,no
indonesia,"MicroEsim","Southeast Asia eSIM 5 Countries - 1 Day / Daily 2GB",2,1,1.46,0.73,ESIMDB,yes
indonesia,"ASIMGO","eSIM Southeast Asia (5 Countries) - 1 Day / Daily 2GB",2,1,1.5,0.75,,yes
indonesia,"Stellar eSim","Indonesia 1GB 7Days + Free Stellar VPN",1,7,0.7514884000000001,0.751,,no
indonesia,"Billion Connect","Singapore &amp; Malaysia &amp; Indonesia eSIM 1 Day 2GB/Day",2,1,1.56,0.78,,yes
indonesia,"Billion Connect","Indonesia eSIM 1 Day 2GB/Day",2,1,1.57,0.785,,yes
indonesia,"abesteSIM","eSIM Indonesia - 1 Day / Daily 500MB",0.5,1,0.4068210020862418,0.814,,yes
indonesia,"ASIMGO","eSIM Indonesia - 1 Day / Daily 500MB",0.5,1,0.41,0.82,,yes
indonesia,"Stellar eSim","Indonesia 1GB/Day FUP1Mbps (nonhkip) + Free Stellar VPN",1,1,0.8555406400000001,0.856,,no
indonesia,"Billion Connect","Southeast Asia eSIM [5 Countries] 1 Day 2GB/Day",2,1,1.72,0.86,,yes
indonesia,"abesteSIM","eSIM Southeast Asia (5 Countries) - 1 Day / Daily 500MB",0.5,1,0.4302914445142942,0.861,,yes
indonesia,"TravelGator eSIM","Indonesia eSIM Roaming Data",2,1,1.7211657780571767,0.861,,no
indonesia,"abesteSIM","eSIM Asia+Europe 52 Regions - 1 Day / Daily 2GB",2,1,1.7368127396758783,0.868,,yes
indonesia,"ASIMGO","eSIM Southeast Asia (5 Countries) - 1 Day / Daily 500MB",0.5,1,0.44,0.88,,yes
indonesia,"ESIM.DOG 🐶","⚡️ [5G] Asia (2 countries) - Best 5G Coverage (2GB/1Days) - Black route",2,1,1.76,0.88,,yes
indonesia,"MicroEsim","Indonesia eSIM - 1 Day / Daily 1GB",1,1,0.89,0.89,,yes
indonesia,"mobineX","Unlimited Standard",1,1,0.9,0.9,,yes
indonesia,"ESIM.DOG 🐶","⚡️ [5G] Smartfren/XL Axiata Indonesia - Best 5G Coverage (1GB/3Days) - Black route",1,3,0.91,0.91,,yes
indonesia,"ESIM.DOG 🐶","⚡️ [5G] Smartfren/XL Axiata Indonesia - Best 5G Coverage (1GB/5Days) - Black route",1,5,0.91,0.91,,yes
indonesia,"ESIM.DOG 🐶","⚡️ [5G] Smartfren/XL Axiata Indonesia - Best 5G Coverage (1GB/30Days) - Black route",1,30,0.91,0.91,,yes
indonesia,"ESIM.DOG 🐶","⚡️ [5G] Smartfren/XL Axiata Indonesia - Best 5G Coverage (1GB/7Days) - Black route",1,7,0.91,0.91,,yes
indonesia,"ESIM.DOG 🐶","⚡️ [5G] Asia (5 countries) - Best 5G Coverage (1.5GB/1Days) - Pink route",1.5,1,1.37,0.913,,no
indonesia,"ASIMGO","eSIM Asia&amp;Europe - 52 Countries - 1 Day / Daily 2GB",2,1,1.84,0.92,,yes
indonesia,"abesteSIM","eSIM Asia+Europe 52 Regions - 1 Day / Daily 500MB",0.5,1,0.46158536775169734,0.923,,yes
indonesia,"ASIMGO","eSIM Asia&amp;Europe - 52 Countries - 1 Day / Daily 500MB",0.5,1,0.47,0.94,,yes
indonesia,"ESIM.DOG 🐶","⚡️ [5G] Asia (3 countries) - Best 5G Coverage (2GB/1Days) - Pink route",2,1,1.89,0.945,,no
indonesia,"Stellar eSim","Indonesia 1GB/Day (nonhkip) + Free Stellar VPN",1,1,0.95959288,0.96,,no
indonesia,"Stellar eSim","Indonesia 1GB/Day + Free Stellar VPN",1,1,0.95959288,0.96,,no
indonesia,"ESIM.DOG 🐶","⚡️ [5G] Asia (2 countries) - Best 5G Coverage (2GB/3Days) - Black route",2,3,1.93,0.965,,yes
indonesia,"ESIM.DOG 🐶","⚡️ [5G] Asia (2 countries) - Best 5G Coverage (2GB/5Days) - Black route",2,5,1.93,0.965,,yes
indonesia,"TravelGator eSIM","Indonesia eSIM Roaming Data",2,3,1.9558702023377008,0.978,,no
indonesia,"MicroEsim","Indonesia eSIM - 3 Days / Total 1GB",1,3,0.98,0.98,,yes
indonesia,"ESIM.DOG 🐶","⚡️ [5G] Asia (5 countries) - Best 5G Coverage (1GB/1Days) - Pink route",1,1,0.98,0.98,,no
indonesia,"ESIM.DOG 🐶","⚡️ [5G] Asia (2 countries) - Best 5G Coverage (2GB/1Days) - Pink route",2,1,1.96,0.98,,no
indonesia,"ESIM.DOG 🐶","⚡️ [5G] Asia (12 countries) - Best 5G Coverage (2GB/1Days) - Pink route",2,1,1.96,0.98,,no
indonesia,"AlpineSIM","AlpineSIM Indonesia eSIM - 1GB | 7Days",1,7,0.9899833773428797,0.99,,yes
indonesia,"Textr eSIM","Indonesia 1GB",1,7,0.99,0.99,,no
indonesia,"MicroEsim","Southeast Asia eSIM 5 Countries - 1 Day / Daily 1GB",1,1,0.99,0.99,,yes
indonesia,"Voyasim","Indonesia 500MB 7Days",0.5,7,0.5,1,,yes
indonesia,"Instabridge","1 GB Indonesia eSIM Mobile Data Plan",1,7,1,1,,no
indonesia,"Orbit Mobile","Global Pass",1,1,1,1,,no
indonesia,"abesteSIM","eSIM Indonesia - 1 Day / Daily 1GB",1,1,1.0014055435969027,1.001,,yes
indonesia,"ESIM.DOG 🐶","⚡️ [5G] Asia (2 countries) - Best 5G Coverage (1GB/3Days) - Black route",1,3,1.02,1.02,,yes
indonesia,"ESIM.DOG 🐶","⚡️ [5G] Asia (2 countries) - Best 5G Coverage (1GB/5Days) - Black route",1,5,1.02,1.02,,yes
indonesia,"ESIM.DOG 🐶","⚡️ [5G] Asia (2 countries) - Best 5G Coverage (1GB/7Days) - Black route",1,7,1.02,1.02,,yes
indonesia,"Horizon eSIM","Indonesia 1GB 7Days",1,7,1.02896104,1.029,,no
indonesia,"Stellar eSim","Indonesia 1GB/Day FUP1Mbps + Free Stellar VPN",1,1,1.02896104,1.029,,no
indonesia,"eSIM4Travel","South Asia 5 (Singapore, Malaysia, Thailand, Indonesia, Vietnam) - 1GB/7Days",1,7,1.03,1.03,,yes
indonesia,"MicroEsim","Indonesia eSIM - 5 Days / Total 1GB",1,5,1.04,1.04,ESIMDB,yes
indonesia,"Yesim","Indonesia",0.5,1,0.5202612000000001,1.041,,yes
indonesia,"Yesim","South East Asia",0.5,1,0.5202612000000001,1.041,,yes
indonesia,"abesteSIM","eSIM Indonesia (Support Tiktok) - 3 Days / Total 1GB",1,3,1.0639933900717093,1.064,,yes
indonesia,"abesteSIM","eSIM Southeast Asia (5 Countries) - 1 Day / Daily 1GB",1,1,1.0639933900717093,1.064,,yes
indonesia,"Billion Connect","Indonesia eSIM 1 Day 1GB/Day",1,1,1.07,1.07,,yes
indonesia,"MicroEsim","Indonesia eSIM - 7 Days / Total 1GB",1,7,1.07,1.07,ESIMDB,yes
indonesia,"Billion Connect","Singapore &amp; Malaysia &amp; Indonesia eSIM 1 Day 1GB/Day",1,1,1.08,1.08,,yes
indonesia,"MicroEsim","Indonesia eSIM - 10 Days / Total 1GB",1,10,1.09,1.09,ESIMDB,yes
indonesia,"TravelGator eSIM","Indonesia eSIM Roaming Data",1,1,1.0952873133091123,1.095,,no
indonesia,"mobineX","Unlimited Standard",1,1,1.1,1.1,,yes
indonesia,"MicroEsim","Indonesia eSIM - 15 Days / Total 1GB",1,15,1.11,1.11,ESIMDB,yes
indonesia,"MicroEsim","Indonesia eSIM - 30 Days / Total 1GB",1,30,1.11,1.11,ESIMDB,yes
indonesia,"abesteSIM","eSIM Indonesia - 5 Days / Total 1GB",1,5,1.110934274927814,1.111,,yes
indonesia,"ASIMGO","eSIM Indonesia - Support Tikok - 1 Day / Daily 1GB",1,1,1.12,1.12,,yes
indonesia,"abesteSIM","eSIM Indonesia - 7 Days / Total 1GB",1,7,1.1265812365465155,1.127,,yes
indonesia,"abesteSIM","eSIM Indonesia - 10 Days / Total 1GB",1,10,1.1344047173558665,1.134,,yes
indonesia,"AlpineSIM","AlpineSIM Indonesia eSIM - 500MB | 7Days",0.5,7,0.5692404419721557,1.138,,yes
indonesia,"ESIM.DOG 🐶","⚡️ [5G] Asia (7 countries) - Best 5G Coverage (1.5GB/1Days) - Pink route",1.5,1,1.72,1.147,,no
indonesia,"abesteSIM","eSIM Indonesia (Support Tiktok) - 30 Days / Total 1GB",1,30,1.150051678974568,1.15,,yes
indonesia,"abesteSIM","eSIM Indonesia - 15 Days / Total 1GB",1,15,1.150051678974568,1.15,,yes
indonesia,"ASIMGO","eSIM Indonesia - 3 Days / Total 1GB",1,3,1.18,1.18,,yes
indonesia,"ASIMGO","eSIM Southeast Asia (5 Countries) - 1 Day / Daily 1GB",1,1,1.18,1.18,,yes
indonesia,"SimSmash","Indonesia 1GB for 7 Days",1,7,1.19,1.19,,yes
indonesia,"AdventureSIMs","Indonesia 1GB 7 Days",1,7,1.1946613545329534,1.195,,yes
indonesia,"iRoamly","Indonesia-eSIM-1GB-1 Day-Daily",1,1,1.2,1.2,,yes
indonesia,"ESIM888","Indonesia (1GB/7DAYS) (Throttling)",1,7,1.2,1.2,,no
indonesia,"mobineX","Unlimited Standard",1,1,1.2,1.2,,yes
indonesia,"abesteSIM","eSIM Global (66 Destinations) - 1 Day / Daily 500MB",0.5,1,0.6024080223200119,1.205,,yes
indonesia,"Billion Connect","Southeast Asia eSIM [5 Countries] 1 Day 1GB/Day",1,1,1.21,1.21,,yes
indonesia,"AlpineSIM","AlpineSIM Unlimited Indonesia eSIM - 1GB/Day / 1",1,1,1.2127296372450274,1.213,,yes
indonesia,"Stellar eSim","Asia (7 areas) 1GB/Day + Free Stellar VPN",1,1,1.2139428,1.214,,no
indonesia,"ASIMGO","eSIM Indonesia - 5 Days / Total 1GB",1,5,1.22,1.22,,yes
indonesia,"TravelGator eSIM","Indonesia eSIM Roaming Data",1,3,1.236109967877427,1.236,,no
indonesia,"ASIMGO","eSIM Indonesia - 7 Days / Total 1GB",1,7,1.24,1.24,,yes
indonesia,"ASIMGO","eSIM Indonesia - 10 Days / Total 1GB",1,10,1.25,1.25,,yes
indonesia,"YonoSIM","Indonesia 1GB/Day FUP1Mbps (nonhkip)",1,1,1.25,1.25,,no
indonesia,"ASIMGO","eSIM Indonesia - 15 Days / Total 1GB",1,15,1.27,1.27,,yes
indonesia,"ASIMGO","eSIM Indonesia - 30 Days / Total 1GB",1,30,1.27,1.27,,yes
indonesia,"Stellar eSim","Asia (7 areas) 1GB 7Days + Free Stellar VPN",1,7,1.2833109600000001,1.283,,no
indonesia,"eSIM4Travel","Indonesia (Telkomsel/XL) - 1GB/1Days",1,1,1.29,1.29,,yes
indonesia,"abesteSIM","eSIM Asia+Europe 52 Regions - 1 Day / Daily 1GB",1,1,1.2908743335428825,1.291,,yes
indonesia,"Stellar eSim","Singapore &amp; Malaysia &amp; Vietnam &amp; Thailand &amp; Indonesia 1GB/Day + Free Stellar VPN",1,1,1.2948723200000003,1.295,,no
indonesia,"iRoamly","Indonesia-eSIM-1GB-3 Days-Total",1,3,1.3,1.3,,yes
indonesia,"Yatelo","IDN 1GB 7 Days",1,7,1.3,1.3,,yes
indonesia,"Billion Connect","Global eSIM [19 Regions] 3 Days 1GB",1,3,1.32,1.32,,yes
indonesia,"eSIM4Travel","Indonesia (Telkomsel/XL) - 1GB/7Days",1,7,1.34,1.34,,yes
indonesia,"YonoSIM","Indonesia 1GB/Day",1,1,1.35,1.35,,no
indonesia,"Billion Connect","Indonesia eSIM 7 Days 1GB",1,7,1.36,1.36,,yes
indonesia,"AlpineSIM","AlpineSIM Unlimited Indonesia eSIM - 500MB/Day / 1",0.5,1,0.6806135719232298,1.361,,yes
indonesia,"Horizon eSIM","Indonesia 500MB 7Days",0.5,7,0.68212024,1.364,,no
indonesia,"4S eSIM","Indonesia 1GB - 1 Day",1,1,1.37,1.37,,no
indonesia,"TravelGator eSIM","Indonesia eSIM Roaming Data",1,5,1.3769326224457414,1.377,,no
indonesia,"SimSmash","Indonesia Daily Unlimited 1GB/day for 1 Days",1,1,1.39,1.39,,yes
indonesia,"ESIM.DOG 🐶","🎁 $0.70 + VPN | [5G] Smartfren Indonesia &amp; more - Best 5G Coverage (500MB/7Days) - Blue route",0.5,7,0.7,1.4,,yes
indonesia,"iRoamly","Indonesia-eSIM-1GB-5 Days-Total",1,5,1.4,1.4,,yes
indonesia,"EZsim","Indonesia - 1GB Daily / 1Days",1,1,1.4,1.4,,no
indonesia,"voilà","",1,7,1.4,1.4,,yes
indonesia,"Esimglobe","eSIM Indonesia Unlimited Indonesia 1GB/Day / 1",1,1,1.4,1.4,,no
indonesia,"TravelGator eSIM","Indonesia eSIM Roaming Data",1,7,1.4004030648737937,1.4,,no
indonesia,"4S eSIM","Indonesia 1GB - 5 Days",1,5,1.41,1.41,,no
indonesia,"ASIMGO","eSIM Asia&amp;Europe - 52 Countries - 1 Day / Daily 1GB",1,1,1.41,1.41,,yes
indonesia,"RedEx eSIM","1 GB - 7 Days",1,7,1.42,1.42,,no
indonesia,"Billion Connect","Southeast Asia eSIM [5 Countries] 3 Days 1GB",1,3,1.43,1.43,,yes
indonesia,"TravelGator eSIM","Indonesia eSIM Roaming Data",1,10,1.4473439497298985,1.447,,no
indonesia,"EZsim","Indonesia - 1GB/7Days",1,7,1.45,1.45,,no
indonesia,"Connect Me Guru","Indonesia 1GB 7Days",1,7,1.45,1.45,,yes
indonesia,"4S eSIM","Indonesia 1GB - 7 Days",1,7,1.45,1.45,,no
indonesia,"Stellar eSim","Indonesia 500MB/Day (nonhkip) + Free Stellar VPN",0.5,1,0.72836568,1.457,,no
indonesia,"Hiroaming","Indonesia 500MB 7Days",0.5,7,0.73,1.46,,no
indonesia,"TravelGator eSIM","Indonesia eSIM Roaming Data",1,15,1.4864613537766524,1.486,,no
indonesia,"MoodSIM","Indonesia 1 GB 7 Days",1,7,1.49,1.49,,yes
indonesia,"Jetpac","Southeast Asia 15GB",15,7,22.5,1.5,ESIMDB15,no
indonesia,"ESIM.DOG 🐶","🎁 $0.75 + VPN | [5G] Smartfren/XL Axiata Indonesia - Best 5G Coverage (500MB/1Days) - Black route",0.5,1,0.75,1.5,,yes
indonesia,"YonoSIM","Indonesia 500MB/Day",0.5,1,0.75,1.5,,no
indonesia,"iRoamly","Indonesia-eSIM-1GB-7 Days-Total",1,7,1.5,1.5,,yes
indonesia,"YonoSIM","Indonesia 1GB/Day FUP1Mbps",1,1,1.5,1.5,,no
indonesia,"mobineX","Unlimited Standard",1,1,1.5,1.5,,yes
indonesia,"Ozly eSIM","Indonesia 1GB 7Days",1,7,1.5,1.5,,yes
indonesia,"ESIM.DOG 🐶","⚡️ [5G] Asia (2 countries) - Best 5G Coverage (1GB/1Days) - Black route",1,1,1.52,1.52,,yes
indonesia,"YonoSIM","Indonesia 1GB/Day (nonhkip)",1,1,1.58,1.58,,no
indonesia,"ESIM.DOG 🐶","⚡️ [5G] Asia (3 countries) - Best 5G Coverage (1GB/1Days) - Pink route",1,1,1.59,1.59,,no
indonesia,"Ubigi","",10,30,16,1.6,,yes
indonesia,"Esimglobe","eSIM Indonesia Unlimited Indonesia 500MB/Day / 1",0.5,1,0.8,1.6,,no
indonesia,"ESIM.DOG 🐶","🎁 $0.80 + VPN | [5G] Smartfren/XL Axiata Indonesia - Best 5G Coverage (500MB/7Days) - Black route",0.5,7,0.8,1.6,,yes
indonesia,"iRoamly","Indonesia-eSIM-1GB-10 Days-Total",1,10,1.6,1.6,,yes
indonesia,"eSIMNEXA","Indonesia 1GB 3Days",1,3,1.6,1.6,,yes
indonesia,"ESIM.DOG 🐶","⚡️ [5G] Smartfren Indonesia &amp; more - Best 5G Coverage (1GB/7Days) - Blue route",1,7,1.6,1.6,,yes
indonesia,"abesteSIM","eSIM Global (23 Destinations) - 1 Day / Daily 500MB",0.5,1,0.8136420041724836,1.627,,yes
indonesia,"abesteSIM","eSIM Asia (27 Regions, Support Tiktok) - 1 Day / Daily 500MB",0.5,1,0.8136420041724836,1.627,,yes
indonesia,"RedEx eSIM","Indonesia 1GB/Day FUP1Mbps (nonhkip)",1,1,1.63,1.63,,yes
indonesia,"4S eSIM","Asia+ 1GB - 1 Day",1,1,1.63,1.63,,no
indonesia,"Connect Me Guru","Indonesia 1GB/Day FUP1Mbps (nonhkip)",1,1,1.65,1.65,,yes
indonesia,"abesteSIM","eSIM Global (66 Destinations) - 1 Day / Daily 1GB",1,1,1.6585779315823703,1.659,,yes
indonesia,"ESIM.DOG 🐶","⚡️ [5G] Asia (2 countries) - Best 5G Coverage (1GB/1Days) - Pink route",1,1,1.67,1.67,,no
indonesia,"MicroEsim","Indonesia eSIM - 1 Day / Daily 500MB",0.5,1,0.84,1.68,,yes
indonesia,"4S eSIM","Asia+ 1GB - 5 Days",1,5,1.68,1.68,,no
indonesia,"ASIMGO","eSIM Asia (26 Regions, Support Tiktok) - 1 Day / Daily 500MB",0.5,1,0.85,1.7,,yes
indonesia,"ESIM.DOG 🐶","🎁 $0.85 + VPN | [5G] Smartfren/XL Axiata Indonesia - Best 5G Coverage (500MB/30Days) - Black route",0.5,30,0.85,1.7,,yes
indonesia,"iRoamly","Indonesia-eSIM-1GB-15 Days-Total",1,15,1.7,1.7,,yes
indonesia,"Superalink","Indonesia - Regular",1,7,1.71,1.71,,yes
indonesia,"Stellar eSim","Indonesia 500MB/Day + Free Stellar VPN",0.5,1,0.8555406400000001,1.711,,no
indonesia,"Stellar eSim","Indonesia 500MB 7Days + Free Stellar VPN",0.5,7,0.8555406400000001,1.711,,no
indonesia,"eSIM Agora","Indonesia 1GB 7Days",1,7,1.7226426400000001,1.723,,no
indonesia,"4S eSIM","Asia+ 1GB - 7 Days",1,7,1.73,1.73,,no
indonesia,"ESIM.DOG 🐶","⚡️ [5G] Asia (12 countries) - Best 5G Coverage (1GB/1Days) - Pink route",1,1,1.74,1.74,,no
indonesia,"Flysimio","Indonesia 1GB 7Days",1,7,1.75,1.75,,yes
indonesia,"Connect Me Guru","Indonesia 1GB/Day",1,1,1.75,1.75,,yes
indonesia,"MicroEsim","Southeast Asia eSIM 5 Countries - 1 Day / Daily 500MB",0.5,1,0.88,1.76,,yes
indonesia,"abesteSIM","eSIM Indonesia (Support Tiktok) - 3 Days / Daily 1GB",1,3,1.7681066629132813,1.768,,yes
indonesia,"ESIM.DOG 🐶","⚡️ [5G] Global (202 countries) - Best 5G Coverage (1GB/5Days) - Yellow route",1,5,1.79,1.79,,yes
indonesia,"ESIM.DOG 🐶","🎁 $0.90 + VPN | Best Coverage in Indonesia (500MB/1Days) - Pink route",0.5,1,0.9,1.8,,no
indonesia,"iRoamly","Indonesia-eSIM-1GB-30 Days-Total",1,30,1.8,1.8,,yes
indonesia,"Voyasim","Indonesia 1GB 7Days",1,7,1.8,1.8,,yes
indonesia,"eSIM4Travel","Global 72 - 1GB/7Days",1,7,1.8,1.8,,yes
indonesia,"ESIM.DOG 🐶","⚡️ [5G] XL Indonesia - Best 5G Coverage (1GB/7Days) - Pink route",1,7,1.81,1.81,,yes
indonesia,"ESIM.DOG 🐶","⚡️ [5G] Asia (2 countries) - Best 5G Coverage (1GB/7Days) - Pink route",1,7,1.81,1.81,,no
indonesia,"SimSmash","Indonesia Daily Unlimited 0.49GB/day for 1 Days",0.49,1,0.89,1.816,,yes
indonesia,"ESIM.DOG 🐶","⚡️ Best Coverage in Indonesia (500MB/3Days) - Yellow route",0.5,3,0.91,1.82,,no
indonesia,"ASIMGO","eSIM Indonesia - Support Tikok - 3 Days / Daily 1GB",1,3,1.87,1.87,,yes
indonesia,"ESIM.DOG 🐶","⚡️ Telkomsel Indonesia - Best Coverage (1GB/7Days) - Green route",1,7,1.87,1.87,,no
indonesia,"ESIM.DOG 🐶","⚡️ Best Coverage in Indonesia (1GB/3Days) - Pink route",1,3,1.89,1.89,,no
indonesia,"ESIM.DOG 🐶","⚡️ [5G] Asia (5 countries) - Best 5G Coverage (1GB/3Days) - Pink route",1,3,1.89,1.89,,no
indonesia,"EscapeSIM","Asia Top 4 1GB",1,14,1.89,1.89,,yes
indonesia,"Connect Me Guru","Indonesia 1GB/Day FUP1Mbps",1,1,1.9,1.9,,yes
indonesia,"ESIM.DOG 🐶","⚡️ Asia (10 countries) - Best Coverage (1GB/7Days) - Green route",1,7,1.9,1.9,,no
indonesia,"Hiroaming","Indonesia 1GB/Day (nonhkip)",1,1,1.91,1.91,,no
indonesia,"Stellar eSim","Asia (7 areas) 500MB/Day + Free Stellar VPN",0.5,1,0.95959288,1.919,,no
indonesia,"Billion Connect","Indonesia eSIM 3 Days 1GB/Day",1,3,1.93,1.93,,yes
indonesia,"Revo eSIM","Indonesia",1,7,1.95,1.95,,no
indonesia,"Giga.Tel","Southeast Asia 5 – 1 GB/Natural Day – 1 Day (Activate within 90 Days)",1,1,1.95,1.95,,yes
indonesia,"Earth Esim","500MB/1 Day Indonesia 5G eSIM",0.5,1,0.99,1.98,,yes
indonesia,"Lumbus","Indonesia 500MB 7Days",0.5,7,0.99,1.98,,no
indonesia,"YonoSIM","Indonesia 500MB/Day (nonhkip)",0.5,1,0.99,1.98,,no
indonesia,"Connect Me Guru","Indonesia 500MB 7Days",0.5,7,1,2,,yes
indonesia,"ESIM.DOG 🐶","⚡️ [5G] Asia (2 countries) - Best 5G Coverage (500MB/3Days) - Black route",0.5,3,1.02,2.04,,yes
indonesia,"ESIM.DOG 🐶","⚡️ [5G] Asia (2 countries) - Best 5G Coverage (500MB/5Days) - Black route",0.5,5,1.02,2.04,,yes
indonesia,"ESIM.DOG 🐶","⚡️ [5G] Asia (2 countries) - Best 5G Coverage (500MB/7Days) - Black route",0.5,7,1.02,2.04,,yes
indonesia,"Wiiline","for Indonesia 1 Days 0.49GB 490 MB",0.49,1,1,2.041,,no
indonesia,"Connect Me Guru","Indonesia 500MB/Day",0.5,1,1.15,2.3,,yes
indonesia,"abesteSIM","eSIM Asia (10 Regions) - 1 Day / Total 200MB",0.2,1,0.46940884856104814,2.347,,yes
indonesia,"Voyasim","Indonesia 500MB/Day",0.5,1,1.2,2.4,,yes
indonesia,"Hiroaming","Indonesia 500MB/Day (nonhkip)",0.5,1,1.2,2.4,,no
indonesia,"Billion Connect","Southeast Asia eSIM [5 Countries] 1 Day 500MB/Day",0.5,1,1.21,2.42,,yes
indonesia,"AlpineSIM","AlpineSIM Unlimited Asia (7 areas) eSIM - 500MB/Day / 1",0.5,1,1.2127296372450274,2.425,,yes
indonesia,"Stellar eSim","Asia (20 areas) 500MB/Day + Free Stellar VPN",0.5,1,1.2601882400000002,2.52,,no
indonesia,"ESIM.DOG 🐶","⚡️ [5G] Asia (18 countries) - Best 5G Coverage (500MB/3Days) - Yellow route",0.5,3,1.31,2.62,,yes
indonesia,"Stellar eSim","Asia (12 areas) 500MB/Day + Free Stellar VPN",0.5,1,1.34111776,2.682,,no
indonesia,"YonoSIM","Asia (7 areas) 500MB/Day",0.5,1,1.35,2.7,,no
indonesia,"ESIM.DOG 🐶","⚡️ [5G] Asia (2 countries) - Best 5G Coverage (500MB/1Days) - Black route",0.5,1,1.37,2.74,,yes
indonesia,"Connect Me Guru","Indonesia 500MB/Day (nonhkip)",0.5,1,1.39,2.78,,yes
indonesia,"abesteSIM","eSIM Indonesia (Support Tiktok) - 3 Days / Daily 500MB",0.5,3,1.4082265456831446,2.816,,yes
indonesia,"abesteSIM","eSIM Indonesia - 3 Days / Daily 500MB",0.5,3,1.4238735073018463,2.848,,yes
indonesia,"ESIM.DOG 🐶","⚡️ [5G] Smartfren Indonesia &amp; more - Best 5G Coverage (500MB/1Days) - Blue route",0.5,1,1.43,2.86,,yes
indonesia,"ESIM.DOG 🐶","⚡️ [5G] Asia (5 countries) - Best 5G Coverage (500MB/1Days) - Pink route",0.5,1,1.45,2.9,,no
indonesia,"merdata","eSIM Indonesia 500 MB 7 days",0.5,7,1.471768269229895,2.944,,no
indonesia,"abesteSIM","eSIM Southeast Asia (5 Countries) - 3 Days / Daily 500MB",0.5,3,1.4864613537766524,2.973,,yes
indonesia,"MoodSIM","Indonesia Unlimited (500 MB/day, then 512 Kbps) 1 Day",0.5,1,1.49,2.98,,yes
indonesia,"MicroEsim","Indonesia eSIM - 3 Days / Daily 500MB",0.5,3,1.5,3,ESIMDB,yes
indonesia,"ESIM.DOG 🐶","⚡️ Best Coverage in Indonesia (200MB/30Days) - Yellow route",0.2,30,0.61,3.05,,no
indonesia,"ESIM.DOG 🐶","⚡️ Telkomsel Indonesia - Best Coverage (500MB/1Days) - Green route",0.5,1,1.56,3.12,,no
indonesia,"ESIM.DOG 🐶","⚡️ [5G] Asia (2 countries) - Best 5G Coverage (500MB/1Days) - Pink route",0.5,1,1.56,3.12,,no
indonesia,"Horizon eSIM","Indonesia 100MB 7Days",0.1,7,0.31215672000000005,3.122,,no
indonesia,"ESIM.DOG 🐶","⚡️ Asia (10 countries) - Best Coverage (500MB/1Days) - Green route",0.5,1,1.58,3.16,,no
indonesia,"abesteSIM","eSIM Asia+Europe 52 Regions - 3 Days / Daily 500MB",0.5,3,1.5803431234888623,3.161,,yes
indonesia,"Voyasim","Indonesia 500MB/Day (nonhkip)",0.5,1,1.6,3.2,,yes
indonesia,"DashRoam","Indonesia 500MB 7Days",0.5,7,1.6,3.2,,yes
indonesia,"ASIMGO","eSIM Southeast Asia (5 Countries) - 3 Days / Daily 500MB",0.5,3,1.61,3.22,,yes
indonesia,"MicroEsim","Southeast Asia eSIM 5 Countries - 3 Days / Daily 500MB",0.5,3,1.62,3.24,ESIMDB,yes
indonesia,"Hiroaming","Asia (7 areas) 500MB/Day",0.5,1,1.63,3.26,,no
indonesia,"ASIMGO","eSIM Asia&amp;Europe - 52 Countries - 3 Days / Daily 500MB",0.5,3,1.7,3.4,,yes
indonesia,"ASIMGO","eSIM Indonesia - 3 Days / Daily 500MB",0.5,3,1.72,3.44,,yes
indonesia,"MicroEsim","Global eSIM 24 Destinations - 1 Day / Daily 500MB",0.5,1,1.73,3.46,ESIMDB,yes
indonesia,"Connect Me Guru","Asia (7 areas) 500MB/Day",0.5,1,1.75,3.5,,no
indonesia,"ESIM.DOG 🐶","⚡️ [5G] Asia (7 countries) - Best 5G Coverage (500MB/1Days) - Blue route",0.5,1,1.78,3.56,,yes
indonesia,"Esimglobe","eSIM Indonesia Indonesia 500MB 7Days",0.5,7,1.8,3.6,,no
indonesia,"RedEx eSIM","Indonesia 500MB 7Days",0.5,7,1.82,3.64,,yes
indonesia,"RedEx eSIM","Indonesia 500MB/Day",0.5,1,1.92,3.84,,yes
indonesia,"abesteSIM","eSIM Indonesia (Support Tiktok) - 5 Days / Daily 500MB",0.5,5,1.9245762791002976,3.849,,yes
indonesia,"Billion Connect","Southeast Asia eSIM [5 Countries] 3 Days 500MB/Day",0.5,3,1.94,3.88,,yes
indonesia,"Hungry eSIM","Indonesia eSIM Data — 7 Day / 0.5GB",0.5,7,1.96,3.92,,yes
indonesia,"Simsima","Indonesia 100MB 7Days",0.1,7,0.4,4,,yes
indonesia,"AlpineSIM","AlpineSIM Indonesia eSIM - 100MB | 7Days",0.1,7,0.4207429353707238,4.207,,yes
indonesia,"Voyasim","Indonesia 100MB 7Days",0.1,7,0.5,5,,yes
indonesia,"MicroEsim","Asia eSIM 10 Regions - Support TikTok - 1 Day / Total 200MB",0.2,1,1.01,5.05,ESIMDB,yes
indonesia,"ESIM.DOG 🐶","🎁 $0.53 + VPN | [5G] Smartfren/XL Axiata Indonesia - Best 5G Coverage (100MB/1Days) - Black route",0.1,1,0.53,5.3,,yes
indonesia,"Hiroaming","Indonesia 100MB 7Days",0.1,7,0.54,5.4,,no
indonesia,"ESIM.DOG 🐶","🎁 $0.55 + VPN | [5G] Smartfren/XL Axiata Indonesia - Best 5G Coverage (100MB/3Days) - Black route",0.1,3,0.55,5.5,,yes
indonesia,"Truely","Indonesia - 300MB, 2 days",0.3,2,1.69,5.633,,yes
indonesia,"GIGAGO","Indonesia eSIM",2,7,11.5,5.75,,no
indonesia,"ESIM.DOG 🐶","⚡️ [5G] Global (202 countries) - Best 5G Coverage (300MB/3Days) - Yellow route",0.3,3,1.79,5.967,,yes
indonesia,"ESIM.DOG 🐶","🎁 $0.60 + VPN | [5G] Smartfren/XL Axiata Indonesia - Best 5G Coverage (100MB/30Days) - Black route",0.1,30,0.6,6,,yes
indonesia,"Truely","South East Asia - 300MB, 2 days",0.3,2,1.89,6.3,,yes
indonesia,"Truely","Asia - 300MB, 2 days",0.3,2,1.89,6.3,,yes
indonesia,"ESIM.DOG 🐶","🎁 $0.65 + VPN | [5G] Smartfren/XL Axiata Indonesia - Best 5G Coverage (100MB/90Days) - Black route",0.1,90,0.65,6.5,,yes
indonesia,"Connect Me Guru","Indonesia 100MB 7Days",0.1,7,0.85,8.5,,yes
indonesia,"Stellar eSim","Indonesia 100MB 7Days + Free Stellar VPN",0.1,7,0.8555406400000001,8.555,,no
indonesia,"Roamix","Indonesia 100MB 1Days",0.1,1,0.95,9.5,,yes
indonesia,"Roamix","Indonesia 100MB 3Days",0.1,3,0.95,9.5,,yes
indonesia,"Roamix","Indonesia 100MB 5Days",0.1,5,0.95,9.5,,yes
indonesia,"Roamix","Indonesia 100MB 7Days",0.1,7,0.95,9.5,,yes
indonesia,"ESIM.DOG 🐶","⚡️ [5G] Global (202 countries) - Best 5G Coverage (200MB/30Days) - Yellow route",0.2,30,1.96,9.8,,yes
indonesia,"Keepgo","Norm",0.1,0,1,10,,yes
indonesia,"Journey Esims","Indonesia 100 MB · 1 day",0.1,1,1,10,,no
indonesia,"Journey Esims","Regional (10 countries) 100 MB · 1 day",0.1,1,1,10,,no
indonesia,"Zwitchy","Indonesia · 100 MB · 1 day",0.1,1,1,10,,yes
indonesia,"ESIM.DOG 🐶","⚡️ [5G] Asia (2 countries) - Best 5G Coverage (100MB/3Days) - Black route",0.1,3,1.02,10.2,,yes
indonesia,"ESIM.DOG 🐶","⚡️ [5G] Asia (2 countries) - Best 5G Coverage (100MB/5Days) - Black route",0.1,5,1.02,10.2,,yes
indonesia,"ESIM.DOG 🐶","⚡️ [5G] Asia (2 countries) - Best 5G Coverage (100MB/7Days) - Black route",0.1,7,1.02,10.2,,yes
indonesia,"ESIM.DOG 🐶","⚡️ [5G] Asia (2 countries) - Best 5G Coverage (100MB/1Days) - Black route",0.1,1,1.25,12.5,,yes
indonesia,"DashRoam","Indonesia 100MB 7Days",0.1,7,1.45,14.5,,yes
indonesia,"PikaSim","Indonesia 100MB 7Days",0.1,7,1.5,15,,no
indonesia,"Esimglobe","eSIM Indonesia Indonesia 100MB 7Days",0.1,7,1.7,17,,no
indonesia,"RedEx eSIM","Indonesia 100MB 7Days",0.1,7,1.71,17.1,,yes
indonesia,"Hungry eSIM","Indonesia eSIM Data — 7 Day / 0.1GB",0.1,7,1.84,18.4,,yes
indonesia,"ESIM.DOG 🐶","⚡️ [5G] Asia (2 countries) - Best 5G Coverage (100MB/10Days) - Black route",0.1,10,1.96,19.6,,yes
indonesia,"ESIM.DOG 🐶","⚡️ [5G] Asia (2 countries) - Best 5G Coverage (100MB/15Days) - Black route",0.1,15,1.96,19.6,,yes
italy,"Stellar eSim","Italy 3GB 30Days + Free Stellar VPN",3,30,0.6243134400000001,0.208,,no
italy,"Stellar eSim","Italy 3GB 15Days + Free Stellar VPN",3,15,0.6474361600000001,0.216,,no
italy,"ESIM.DOG 🐶","⚡️ [5G] Vodafone Italy - Best 5G Coverage (3GB/1Days) - Black route",3,1,0.71,0.237,,yes
italy,"ESIM.DOG 🐶","⚡️ [5G] Vodafone Italy - Best 5G Coverage (3GB/3Days) - Black route",3,3,0.71,0.237,,yes
italy,"ESIM.DOG 🐶","⚡️ [5G] Vodafone Italy - Best 5G Coverage (3GB/5Days) - Black route",3,5,0.71,0.237,,yes
italy,"ESIM.DOG 🐶","⚡️ [5G] Vodafone Italy - Best 5G Coverage (3GB/30Days) - Black route",3,30,0.76,0.253,,yes
italy,"ESIM.DOG 🐶","⚡️ [5G] Vodafone Italy - Best 5G Coverage (3GB/15Days) - Black route",3,15,0.76,0.253,,yes
italy,"ESIM.DOG 🐶","⚡️ [5G] Vodafone Italy - Best 5G Coverage (3GB/7Days) - Black route",3,7,0.76,0.253,,yes
italy,"ESIM.DOG 🐶","⚡️ [5G] Vodafone Italy - Best 5G Coverage (3GB/10Days) - Black route",3,10,0.76,0.253,,yes
italy,"ESIM.DOG 🐶","⚡️ [5G] Vodafone Italy - Best 5G Coverage (3GB/12Days) - Black route",3,12,0.76,0.253,,yes
italy,"ESIM.DOG 🐶","⚡️ [5G] Vodafone Italy - Best 5G Coverage (3GB/20Days) - Black route",3,20,0.76,0.253,,yes
italy,"ESIM.DOG 🐶","⚡️ [5G] Vodafone Italy - Best 5G Coverage (3GB/25Days) - Black route",3,25,0.76,0.253,,yes
italy,"ESIM.DOG 🐶","⚡️ [5G] Vodafone Italy - Best 5G Coverage (3GB/14Days) - Black route",3,14,0.76,0.253,,yes
italy,"ESIM.DOG 🐶","⚡️ [5G] Vodafone Italy - Best 5G Coverage (3GB/21Days) - Black route",3,21,0.76,0.253,,yes
italy,"ESIM.DOG 🐶","⚡️ [5G] Vodafone Italy - Best 5G Coverage (2GB/15Days) - Black route",2,15,0.76,0.38,,yes
italy,"ESIM.DOG 🐶","⚡️ [5G] Vodafone Italy - Best 5G Coverage (2GB/30Days) - Black route",2,30,0.76,0.38,,yes
italy,"Horizon eSIM","Italy 1GB 7Days",1,7,0.38152488000000007,0.382,,no
italy,"ESIM.DOG 🐶","⚡️ [5G] Europe (35 countries) - Best 5G Coverage (3GB/15Days) - Blue route",3,15,1.2,0.4,,yes
italy,"ESIM.DOG 🐶","⚡️ [5G] Europe (33 countries) - Best 5G Coverage (3GB/1Days) - Pink route",3,1,1.2,0.4,,no
italy,"ESIM.DOG 🐶","⚡️ [5G] Europe (33 countries) - Best 5G Coverage (3GB/3Days) - Pink route",3,3,1.2,0.4,,no
italy,"ESIM.DOG 🐶","⚡️ [5G] Europe (33 countries) - Best 5G Coverage (3GB/5Days) - Pink route",3,5,1.2,0.4,,no
italy,"ESIM.DOG 🐶","⚡️ [5G] Europe (33 countries) - Best 5G Coverage (3GB/7Days) - Pink route",3,7,1.2,0.4,,no
italy,"ESIM.DOG 🐶","⚡️ [5G] Europe (33 countries) - Best 5G Coverage (3GB/10Days) - Pink route",3,10,1.2,0.4,,no
italy,"Stellar eSim","Europe (33 areas) 3GB 15Days + Free Stellar VPN",3,15,1.2139428,0.405,,no
italy,"Stellar eSim","Italy 3GB/Day FUP1Mbps + Free Stellar VPN",3,1,1.2139428,0.405,,no
italy,"ESIM.DOG 🐶","⚡️ [5G] Europe (35 countries) - Best 5G Coverage (3GB/30Days) - Blue route",3,30,1.22,0.407,,yes
italy,"ESIM.DOG 🐶","⚡️ [5G] Europe (45 countries) - Best 5G Coverage (3GB/20Days) - Pink route",3,20,1.22,0.407,,no
italy,"Stellar eSim","Europe (35 areas) 3GB 30Days + Free Stellar VPN",3,30,1.2370655200000003,0.412,,no
italy,"Stellar eSim","Europe (33 areas) 3GB 30Days + Free Stellar VPN",3,30,1.2833109600000001,0.428,,no
italy,"Stellar eSim","Europe (35 areas) 3GB 15Days + Free Stellar VPN",3,15,1.30643368,0.435,,no
italy,"Stellar eSim","Europe (35 areas) 3GB/Day FUP1Mbps + Free Stellar VPN",3,1,1.31799504,0.439,,no
italy,"Stellar eSim","Europe (33 areas) 3GB/Day FUP1Mbps + Free Stellar VPN",3,1,1.3526791200000001,0.451,,no
italy,"Stellar eSim","Europe (33 areas) 2GB 15Days + Free Stellar VPN",2,15,1.0520837600000001,0.526,,no
italy,"Stellar eSim","Europe (35 areas) 2GB 30Days + Free Stellar VPN",2,30,1.07520648,0.538,,no
italy,"Stellar eSim","Italy 2GB/Day + Free Stellar VPN",2,1,1.10989056,0.555,,no
italy,"Stellar eSim","Europe (33 areas) 2GB 30Days + Free Stellar VPN",2,30,1.10989056,0.555,,no
italy,"Stellar eSim","Europe (35 areas) 2GB 15Days + Free Stellar VPN",2,15,1.1330132800000001,0.567,,no
italy,"ESIM.DOG 🐶","⚡️ [5G] Europe (33 countries) - Best 5G Coverage (2GB/1Days) - Pink route",2,1,1.14,0.57,,no
italy,"Stellar eSim","Europe (35 areas) 2GB/Day FUP1Mbps + Free Stellar VPN",2,1,1.156136,0.578,,no
italy,"Stellar eSim","Italy 2GB/Day FUP1Mbps + Free Stellar VPN",2,1,1.1908200800000002,0.595,,no
italy,"ESIM.DOG 🐶","⚡️ [5G] Europe (28 countries) - Best 5G Coverage (2GB/15Days) - Yellow route",2,15,1.2,0.6,,yes
italy,"Stellar eSim","Europe (33 areas) 2GB/Day FUP1Mbps + Free Stellar VPN",2,1,1.2023814400000001,0.601,,no
italy,"RedEx eSIM","Unlimited Data - 1 Days (2 GB / 384 KBPS)",2,1,1.24,0.62,,no
italy,"Billion Connect","Global eSIM [45 Countries] 1 Day 2GB/Day",2,1,1.25,0.625,,yes
italy,"ESIM.DOG 🐶","⚡️ [5G] Europe (35 countries) - Best 5G Coverage (1GB/7Days) - Blue route",1,7,0.66,0.66,,yes
italy,"ESIM.DOG 🐶","⚡️ [5G] Europe (33 countries) - Best 5G Coverage (1GB/5Days) - Pink route",1,5,0.66,0.66,,no
italy,"ESIM.DOG 🐶","⚡️ [5G] Europe (33 countries) - Best 5G Coverage (1GB/1Days) - Pink route",1,1,0.66,0.66,,no
italy,"Stellar eSim","Europe (35 areas) 1GB 7Days + Free Stellar VPN",1,7,0.67055888,0.671,,no
italy,"eSIMX","Italy 10GB 7Days",10,7,6.8,0.68,,yes
italy,"AlpineSIM","AlpineSIM Unlimited Italy eSIM - 2GB/Day / 1",2,1,1.3612271438464596,0.681,,yes
italy,"Stellar eSim","Europe (33 areas) 1GB 7Days + Free Stellar VPN",1,7,0.68212024,0.682,,no
italy,"eSIM4Travel","Best Europe 41 - 1GB/1Days",1,1,0.69,0.69,,yes
italy,"eSIM4Travel","Best Europe 41 - 1GB/7Days",1,7,0.69,0.69,,yes
italy,"Stellar eSim","Italy 1GB/Day + Free Stellar VPN",1,1,0.6936816,0.694,,no
italy,"ASIMGO","eSIM Italy - 1 Day / Daily 2GB",2,1,1.41,0.705,,no
italy,"ESIM.DOG 🐶","⚡️ [5G] Vodafone Italy - Best 5G Coverage (1GB/5Days) - Black route",1,5,0.71,0.71,,yes
italy,"Billion Connect","Europe eSIM [33 Countries] 1 Day 2GB/Day",2,1,1.43,0.715,,yes
italy,"Billion Connect","Italy eSIM 1 Day 2GB/Day",2,1,1.43,0.715,,yes
italy,"abesteSIM","eSIM Italy - 1 Day / Daily 2GB",2,1,1.431696988111197,0.716,,yes
italy,"abesteSIM","eSIM Europe (36 Countries) - 1 Day / Daily 2GB",2,1,1.4551674305392495,0.728,,yes
italy,"abesteSIM","eSIM Europe (32 Countries) - 1 Day / Daily 2GB",2,1,1.4551674305392495,0.728,,yes
italy,"AlpineSIM","AlpineSIM Unlimited Italy eSIM - 1GB/Day / 1",1,1,0.7301127407903737,0.73,,yes
italy,"RedEx eSIM","Unlimited Data - 1 Days (2 GB / 384 KBPS)",2,1,1.46,0.73,,no
italy,"Stellar eSim","Europe (35 areas) 1GB/Day FUP1Mbps + Free Stellar VPN",1,1,0.7399270400000001,0.74,,no
italy,"Superalink","Italy - Regular",1,1,0.75,0.75,,yes
italy,"ESIM.DOG 🐶","🎁 $0.75 + VPN | [5G] TIM Italy &amp; more - Best 5G Coverage (1GB/7Days) - Blue route",1,7,0.75,0.75,,yes
italy,"thirr.com","IT 1GB 3D",1,3,0.7514884000000001,0.751,,yes
italy,"Stellar eSim","Europe (33 areas) 1GB/Day FUP1Mbps + Free Stellar VPN",1,1,0.7514884000000001,0.751,,no
italy,"Stellar eSim","Italy 1GB 7Days + Free Stellar VPN",1,7,0.7514884000000001,0.751,,no
italy,"Superalink","Italy - Regular",2,1,1.51,0.755,,yes
italy,"ESIM.DOG 🐶","⚡️ [5G] Vodafone Italy - Best 5G Coverage (1GB/7Days) - Black route",1,7,0.76,0.76,,yes
italy,"ESIM.DOG 🐶","⚡️ [5G] Vodafone Italy - Best 5G Coverage (1GB/10Days) - Black route",1,10,0.76,0.76,,yes
italy,"ESIM.DOG 🐶","⚡️ [5G] Vodafone Italy - Best 5G Coverage (1GB/15Days) - Black route",1,15,0.76,0.76,,yes
italy,"ESIM.DOG 🐶","⚡️ [5G] Vodafone Italy - Best 5G Coverage (1GB/20Days) - Black route",1,20,0.76,0.76,,yes
italy,"ESIM.DOG 🐶","⚡️ [5G] Vodafone Italy - Best 5G Coverage (1GB/30Days) - Black route",1,30,0.76,0.76,,yes
italy,"ESIM.DOG 🐶","⚡️ [5G] Europe (34 countries) - Best 5G Coverage (1.5GB/1Days) - Blue route",1.5,1,1.14,0.76,,yes
italy,"YonoSIM","Italy 2GB/Day",2,1,1.52,0.76,,no
italy,"Superalink","Italy - Regular",2,3,1.53,0.765,,yes
italy,"abesteSIM","eSIM Italy - 1 Day / Daily 500MB",0.5,1,0.3833505596581893,0.767,,yes
italy,"Superalink","Italy - Regular",1,3,0.77,0.77,,yes
italy,"ASIMGO","eSIM Italy - 1 Day / Daily 500MB",0.5,1,0.39,0.78,,yes
italy,"MicroEsim","Italy eSIM 5G - 1 Day / Daily 2GB",2,1,1.56,0.78,ESIMDB,yes
italy,"abesteSIM","eSIM Europe (36 Countries) - 1 Day / Daily 500MB",0.5,1,0.3911740404675402,0.782,,yes
italy,"Superalink","Italy - Regular",2,5,1.57,0.785,,yes
italy,"Superalink","Italy - Regular",1,5,0.79,0.79,,yes
italy,"Jetpac","Italy 15GB",15,7,12,0.8,ESIMDB15,no
italy,"ASIMGO","eSIM Europe (36 Countries) - 1 Day / Daily 500MB",0.5,1,0.4,0.8,,yes
italy,"Stellar eSim","Europe (35 areas) 750MB 7Days + Free Stellar VPN",0.75,7,0.6011907200000001,0.802,,no
italy,"AlpineSIM","AlpineSIM Italy eSIM - 1GB | 7Days",1,7,0.8043614940910897,0.804,,yes
italy,"YonoSIM","Italy 1GB/Day",1,1,0.81,0.81,,no
italy,"Stellar eSim","Europe (33 areas) 750MB 7Days + Free Stellar VPN",0.75,7,0.61275208,0.817,,no
italy,"Superalink","Italy - Regular",1,7,0.82,0.82,,yes
italy,"ESIM.DOG 🐶","⚡️ [5G] Europe (33 countries) - Best 5G Coverage (800MB/1Days) - Pink route",0.8,1,0.66,0.825,,no
italy,"abesteSIM","eSIM Europe (32 Countries) - 1 Day / Daily 500MB",0.5,1,0.4146444828955926,0.829,,yes
italy,"Superalink","Italy - Regular",1,10,0.83,0.83,,yes
italy,"ASIMGO","eSIM Europe - 32 Countries - 1 Day / Daily 500MB",0.5,1,0.42,0.84,,yes
italy,"AlpineSIM","AlpineSIM Unlimited Italy eSIM - 500MB/Day / 1",0.5,1,0.4207429353707238,0.841,,yes
italy,"Superalink","Italy - Regular",1,15,0.85,0.85,,yes
italy,"Stellar eSim","Italy 1GB/Day FUP1Mbps + Free Stellar VPN",1,1,0.8555406400000001,0.856,,no
italy,"Superalink","Italy - Regular",1,20,0.86,0.86,,yes
italy,"Superalink","Italy - Regular",1,30,0.87,0.87,,yes
italy,"AlpineSIM","AlpineSIM Europe (35 areas) eSIM - 1GB | 7Days",1,7,0.8786102473918056,0.879,,yes
italy,"SimSmash","Italy 1GB for 7 Days",1,7,0.89,0.89,,yes
italy,"AlpineSIM","AlpineSIM Europe (33 areas) eSIM - 1GB | 7Days",1,7,0.8909850396085915,0.891,,yes
italy,"abesteSIM","eSIM Asia+Europe 52 Regions - 1 Day / Daily 500MB",0.5,1,0.46158536775169734,0.923,,yes
italy,"AlpineSIM","AlpineSIM Unlimited Europe (35 areas) eSIM - 1GB/Day / 1",1,1,0.9281094162589496,0.928,,yes
italy,"ASIMGO","eSIM Asia&amp;Europe - 52 Countries - 1 Day / Daily 500MB",0.5,1,0.47,0.94,,yes
italy,"AlpineSIM","AlpineSIM Unlimited Europe (33 areas) eSIM - 1GB/Day / 1",1,1,0.9404842084757357,0.94,,yes
italy,"MicroEsim","Italy eSIM 5G - 1 Day / Daily 1GB",1,1,0.95,0.95,,yes
italy,"YonoSIM","Italy 1GB/Day FUP1Mbps",1,1,0.95,0.95,,no
italy,"MicroEsim","Europe eSIM 33 Countries - 1 Day / Daily 1GB",1,1,0.98,0.98,,yes
italy,"Textr eSIM","Italy 1GB",1,7,0.99,0.99,,no
italy,"SimSmash","Italy Daily Unlimited 1GB/day for 1 Days",1,1,0.99,0.99,,yes
italy,"Earth Esim","1GB/1 Day Italy 5G eSIM",1,1,0.99,0.99,,yes
italy,"GlobaleSIM","Italy",10,30,10,1,,no
italy,"Voyasim","Italy 500MB/Day",0.5,1,0.5,1,,yes
italy,"EZsim","Italy - 1GB/7Days",1,7,1,1,,no
italy,"Orbit Mobile","Global Pass",1,1,1,1,,no
italy,"Journey Esims","Italy 1 GB · 1 day",1,1,1,1,,no
italy,"eSIMNEXA","Italy 1GB 3Days",1,3,1,1,,yes
italy,"mobineX","Unlimited Standard",1,1,1,1,,yes
italy,"mobineX","Unlimited Standard",1,1,1,1,,yes
italy,"mobineX","Unlimited Standard",1,1,1,1,,yes
italy,"mobineX","Unlimited Standard",1,1,1,1,,yes
italy,"abesteSIM","eSIM Italy - 1 Day / Daily 1GB",1,1,1.0014055435969027,1.001,,yes
italy,"abesteSIM","eSIM Europe (36 Countries) - 1 Day / Daily 1GB",1,1,1.0170525052156045,1.017,,yes
italy,"YonoSIM","Europe (35 areas) 1GB/Day FUP1Mbps",1,1,1.02,1.02,,no
italy,"Yatelo","ITA 1GB 7 Days",1,7,1.04,1.04,,yes
italy,"Hiroaming","Italy 1GB 7Days",1,7,1.04,1.04,,no
italy,"Yesim","Italy",0.5,1,0.5202612000000001,1.041,,yes
italy,"Yesim","Europe &amp; UK",0.5,1,0.5202612000000001,1.041,,yes
italy,"abesteSIM","eSIM Europe (49 Destinations) - 1 Day / Daily 500MB",0.5,1,0.5241732142265039,1.048,,yes
italy,"YonoSIM","Europe (33 areas) 1GB/Day FUP1Mbps",1,1,1.07,1.07,,no
italy,"ASIMGO","eSIM Europe (49 Destinations) - 1 Day / Daily 500MB",0.5,1,0.54,1.08,,yes
italy,"Orange Travel","Italy 20GB",20,14,21.99,1.099,,no
italy,"Billion Connect","Global eSIM [45 Countries] 1 Day 1GB/Day",1,1,1.11,1.11,,yes
italy,"MicroEsim","Europe eSIM 36 Countries - 1 Day / Daily 1GB",1,1,1.12,1.12,ESIMDB,yes
italy,"ASIMGO","eSIM Italy - 1 Day / Daily 1GB",1,1,1.12,1.12,,yes
italy,"ASIMGO","eSIM Europe (36 Countries) - 1 Day / Daily 1GB",1,1,1.13,1.13,,yes
italy,"Hiroaming","Europe (35 areas) 1GB 7Days",1,7,1.13,1.13,,no
italy,"Hiroaming","Italy 1GB/Day FUP1Mbps",1,1,1.14,1.14,,no
italy,"abesteSIM","eSIM Europe (32 Countries) - 1 Day / Daily 1GB",1,1,1.1422281981652171,1.142,,yes
italy,"Roamic","Italy eSIM 1GB / 7 Days",1,7,1.14457464,1.145,,no
italy,"Hiroaming","Italy 500MB/Day",0.5,1,0.58,1.16,,no
italy,"Hiroaming","Europe (33 areas) 1GB 7Days",1,7,1.16,1.16,,no
italy,"RedEx eSIM","Italy 1GB/Day",1,1,1.17,1.17,,yes
italy,"MicroEsim","Europe eSIM 42 Countries - 1 Day / Daily 1GB",1,1,1.18,1.18,ESIMDB,yes
italy,"nadanada","eSIM, 1GB, 7 Days, Italy",1,7,1.19,1.19,,no
italy,"nadanada","eSIM, 1GB, 7 Days, Europe Extra",1,7,1.19,1.19,,no
italy,"4S eSIM","Italy 1GB - 1 Day",1,1,1.19,1.19,,no
italy,"4S eSIM","Europe+ 1GB - 1 Day",1,1,1.19,1.19,,no
italy,"AdventureSIMs","Italy 1GB 7 Days",1,7,1.1946613545329534,1.195,,yes
italy,"AdventureSIMs","Europe Saver 1GB 7 Days",1,7,1.1946613545329534,1.195,,yes
italy,"Ubigi","",10,30,12,1.2,,yes
italy,"ESIM.DOG 🐶","🎁 $0.60 + VPN | [5G] Vodafone Italy - Best 5G Coverage (500MB/1Days) - Black route",0.5,1,0.6,1.2,,yes
italy,"voilà","",1,7,1.2,1.2,,yes
italy,"mobineX","1 GB - 3 days",1,3,1.2,1.2,,yes
italy,"Earth Esim","1GB/1 Day Europe Region",1,1,1.2,1.2,,yes
italy,"ESIM.DOG 🐶","⚡️ [5G] Europe (33 countries) - Best 5G Coverage (1GB/10Days) - Pink route",1,10,1.2,1.2,,no
italy,"ESIM.DOG 🐶","⚡️ [5G] Europe (33 countries) - Best 5G Coverage (1GB/15Days) - Pink route",1,15,1.2,1.2,,no
italy,"abesteSIM","eSIM Global (66 Destinations) - 1 Day / Daily 500MB",0.5,1,0.6024080223200119,1.205,,yes
italy,"Billion Connect","Europe eSIM [33 Countries] 1 Day 1GB/Day",1,1,1.21,1.21,,yes
italy,"Billion Connect","Italy eSIM 1 Day 1GB/Day",1,1,1.21,1.21,,yes
italy,"RedEx eSIM","1 GB - 7 Days",1,7,1.21,1.21,,no
italy,"Connect Me Guru","Italy 1GB/Day",1,1,1.21,1.21,,yes
italy,"4S eSIM","Europe+ 1GB - 5 Days",1,5,1.21,1.21,,no
italy,"4S eSIM","Italy 1GB - 5 Days",1,5,1.22,1.22,,no
italy,"ESIM.DOG 🐶","⚡️ [5G] Europe (33 countries) - Best 5G Coverage (1GB/20Days) - Pink route",1,20,1.22,1.22,,no
italy,"4S eSIM","Europe+ 1GB - 7 Days",1,7,1.24,1.24,,no
italy,"Hiroaming","Europe (35 areas) 1GB/Day FUP1Mbps",1,1,1.24,1.24,,no
italy,"4S eSIM","Italy 1GB - 7 Days",1,7,1.25,1.25,,no
italy,"Connect Me Guru","Italy 1GB 7Days",1,7,1.26,1.26,,yes
italy,"ASIMGO","eSIM Europe - 32 Countries - 1 Day / Daily 1GB",1,1,1.26,1.26,,yes
italy,"Horizon eSIM","Europe 1 GB / 30 days",1,30,1.2601882400000002,1.26,,no
italy,"Yatelo","EUR 1GB 7 Days",1,7,1.27,1.27,,yes
italy,"Stellar eSim","Europe(30+ areas) 1GB 7Days + Free Stellar VPN",1,7,1.2717496000000001,1.272,,no
italy,"abesteSIM","eSIM Italy - 5 Days / Total 1GB",1,5,1.2830508527335316,1.283,,yes
italy,"Hiroaming","Europe (33 areas) 1GB/Day FUP1Mbps",1,1,1.29,1.29,,no
italy,"abesteSIM","eSIM Asia+Europe 52 Regions - 1 Day / Daily 1GB",1,1,1.2908743335428825,1.291,,yes
italy,"ESIM.DOG 🐶","🎁 $0.65 + VPN | [5G] Vodafone Italy - Best 5G Coverage (500MB/30Days) - Black route",0.5,30,0.65,1.3,,yes
italy,"MicroEsim","Europe eSIM 33 Countries - 3 Days / Total 1GB",1,3,1.3,1.3,ESIMDB,yes
italy,"ESIM888","Italy (1GB/7DAYS)",1,7,1.3,1.3,,no
italy,"voilà","",1,7,1.3,1.3,,no
italy,"mobineX","1 GB - 7 days",1,7,1.3,1.3,,yes
italy,"Superalink","Italy - Regular",0.5,1,0.66,1.32,,yes
italy,"ESIM.DOG 🐶","⚡️ [5G] Europe (41 countries) - Best 5G Coverage (500MB/3Days) - Yellow route",0.5,3,0.66,1.32,,yes
italy,"RedEx eSIM","Italy 1GB/Day FUP1Mbps",1,1,1.32,1.32,,yes
italy,"Billion Connect","Global eSIM [19 Regions] 3 Days 1GB",1,3,1.32,1.32,,yes
italy,"SparkRoam","1 GB / 7 Days",1,7,1.33,1.33,,no
italy,"SparkRoam","1 GB / 7 Days",1,7,1.33,1.33,,no
italy,"Connect Me Guru","Europe (35 areas) 1GB 7Days",1,7,1.33,1.33,,no
italy,"abesteSIM","eSIM Europe (41 Countries) - 1 Day / Daily 1GB",1,1,1.3378152183989873,1.338,,yes
italy,"MicroEsim","Italy eSIM 5G - 5 Days / Total 1GB",1,5,1.34,1.34,ESIMDB,yes
italy,"FullBars","Italy 1GB · 7 days",1,7,1.3491997362601456,1.349,,yes
italy,"Connect Me Guru","Italy 1GB/Day FUP1Mbps",1,1,1.35,1.35,,yes
italy,"Superalink","Italy - Regular",0.5,3,0.68,1.36,,yes
italy,"Connect Me Guru","Europe (33 areas) 1GB 7Days",1,7,1.36,1.36,,no
italy,"Earth Esim","500MB/1 Day Italy 5G eSIM",0.5,1,0.69,1.38,,yes
italy,"MicroEsim","Europe eSIM 33 Countries - 5 Days / Total 1GB",1,5,1.39,1.39,ESIMDB,yes
italy,"eSIMCard","eSIM Data For 1GB in 3 Days, Italy",1,3,1.39,1.39,,yes
italy,"Textr eSIM","Europe 1GB",1,7,1.39,1.39,,no
italy,"MicroEsim","Europe eSIM 5G 41 Countries - 1 Day / Daily 1GB",1,1,1.39,1.39,ESIMDB,yes
italy,"Superalink","Italy - Regular",0.5,5,0.7,1.4,,yes
italy,"ESIM.DOG 🐶","🎁 $0.70 + VPN | Best Coverage in Italy (500MB/1Days) - Pink route",0.5,1,0.7,1.4,,no
italy,"Voyasim","Italy 1GB 7Days",1,7,1.4,1.4,,yes
italy,"Voyasim","Italy 1GB/Day",1,1,1.4,1.4,,yes
italy,"ASIMGO","eSIM Italy - 5 Days / Total 1GB",1,5,1.4,1.4,,yes
italy,"mobineX","1 GB - 30 days",1,30,1.4,1.4,,yes
italy,"mobineX","Unlimited Standard",1,1,1.4,1.4,,yes
italy,"RedEx eSIM","Europe (35 areas) 1GB/Day FUP1Mbps",1,1,1.4,1.4,,yes
italy,"Ozly eSIM","Italy 1GB 7Days",1,7,1.4,1.4,,yes
italy,"TravelGator eSIM","Europe eSIM Roaming Data",1,30,1.4082265456831446,1.408,,no
italy,"ASIMGO","eSIM Asia&amp;Europe - 52 Countries - 1 Day / Daily 1GB",1,1,1.41,1.41,,yes
italy,"AlpineSIM","AlpineSIM Europe(30+ areas) eSIM - 1GB | 7Days",1,7,1.4107263127136034,1.411,,yes
italy,"ESIM.DOG 🐶","⚡️ Best Coverage in Italy (500MB/3Days) - Yellow route",0.5,3,0.71,1.42,,no
italy,"Connect Me Guru","Europe (35 areas) 1GB/Day FUP1Mbps",1,1,1.42,1.42,,no
italy,"Billion Connect","Italy eSIM 3 Days 1GB",1,3,1.43,1.43,,yes
italy,"Flysimio","Italy 1GB 7Days",1,7,1.43,1.43,,yes
italy,"Superalink","Italy - Regular",0.5,7,0.72,1.44,,yes
italy,"abesteSIM","eSIM Europe (49 Destinations) - 1 Day / Daily 1GB",1,1,1.4395204689205479,1.44,,yes
italy,"RedEx eSIM","1 GB - 7 Days",1,7,1.44,1.44,,no
italy,"RedEx eSIM","Europe (33 areas) 1GB/Day FUP1Mbps",1,1,1.44,1.44,,yes
italy,"SimSmash","Italy Daily Unlimited 0.49GB/day for 1 Days",0.49,1,0.71,1.449,,yes
italy,"Ozly eSIM","Europe (35 areas) 1GB 7Days",1,7,1.45,1.45,,yes
italy,"ASIMGO","eSIM Europe (41 Countries) - 1 Day / Daily 1GB",1,1,1.45,1.45,,yes
italy,"eSIM Agora","Italy 1GB/Day FUP1Mbps",1,1,1.45673136,1.457,,no
italy,"MicroEsim","Europe eSIM 33 Countries - 7 Days / Total 1GB",1,7,1.47,1.47,ESIMDB,yes
italy,"Connect Me Guru","Europe (33 areas) 1GB/Day FUP1Mbps",1,1,1.47,1.47,,no
italy,"TravelGator eSIM","Italy eSIM Roaming Data",1,1,1.4708143921579508,1.471,,no
italy,"MicroEsim","Europe eSIM 36 Countries - 7 Days / Total 1GB",1,7,1.48,1.48,ESIMDB,yes
italy,"SimSwift","Italy 1GB 7Days",1,7,1.49,1.49,,no
italy,"SimSwift","Italy 1GB/Day",1,1,1.49,1.49,,no
italy,"Govora","Italy 1GB 7Days",1,7,1.49,1.49,,no
italy,"Govora","Europe (35 areas) 1GB 7Days",1,7,1.49,1.49,,no
italy,"MoodSIM","Italy 1 GB 7 Days",1,7,1.49,1.49,,yes
italy,"MoodSIM","Italy Unlimited (1 GB/day, then 512 Kbps) 1 Day",1,1,1.49,1.49,,yes
italy,"MoodSIM","Italy Unlimited (1 GB/day, then 1 Mbps) 1 Day",1,1,1.49,1.49,,yes
italy,"MoodSIM","Europe 1 GB 7 Days",1,7,1.49,1.49,,yes
italy,"MoodSIM","Europe Unlimited (1 GB/day, then 1 Mbps) 1 Day",1,1,1.49,1.49,,yes
italy,"MoodSIM","Europe 1 GB 7 Days",1,7,1.49,1.49,,yes
italy,"MoodSIM","Europe Unlimited (1 GB/day, then 1 Mbps) 1 Day",1,1,1.49,1.49,,yes
italy,"EscapeSIM","Italy 1GB",1,14,1.49,1.49,,yes
italy,"iRoamly","Italy-eSIM-1GB-1 Day-Daily",1,1,1.5,1.5,,yes
italy,"iRoamly","Italy-eSIM-1GB-3 Days-Total",1,3,1.5,1.5,,yes
italy,"Journey Esims","Italy 1 GB · 7 days",1,7,1.5,1.5,,no
italy,"Gaza Online","eSIM, Unlimited, (1GB) 1 Day, Italy",1,1,1.5,1.5,,yes
italy,"RedEx eSIM","Europe (35 areas) 1GB 7Days",1,7,1.5,1.5,,yes
italy,"Manet Travel","Local Italy - 7 Days - 1 GB",1,7,1.5029768000000001,1.503,,no
italy,"TravelGator eSIM","Italy eSIM Roaming Data",1,3,1.509931796204705,1.51,,no
italy,"eSIM4Travel","Italy (Vodafone, Wind, TIM, Iliad Italia) - 1GB/7Days",1,7,1.52,1.52,,yes
italy,"nextSIM","eSIM Italy 1GB 7Days Standard",1,7,1.5260995200000003,1.526,,yes
italy,"RedEx eSIM","Europe (33 areas) 1GB 7Days",1,7,1.53,1.53,,yes
italy,"TravelGator eSIM","Italy eSIM Roaming Data",1,5,1.5334022386327573,1.533,,no
italy,"MicroEsim","Europe eSIM 42 Countries - 3 Days / Total 1GB",1,3,1.54,1.54,ESIMDB,yes
italy,"TravelGator eSIM","Italy eSIM Roaming Data",1,7,1.5412257194421082,1.541,,no
italy,"TravelGator eSIM","Italy eSIM Roaming Data",1,10,1.5490492002514589,1.549,,no
italy,"MicroEsim","Europe eSIM 5G 49 Destinations - 1 Day / Daily 1GB",1,1,1.55,1.55,ESIMDB,yes
italy,"Flysimio","Europe (35 areas) 1GB 7Days",1,7,1.55,1.55,,yes
italy,"ESIM.DOG 🐶","⚡️ [5G] Europe (33 countries) - Best 5G Coverage (1GB/7Days) - Blue route",1,7,1.55,1.55,,yes
italy,"MicroEsim","Europe eSIM 33 Countries - 10 Days / Total 1GB",1,10,1.56,1.56,ESIMDB,yes
italy,"ASIMGO","eSIM Europe (49 Destinations) - 1 Day / Daily 1GB",1,1,1.56,1.56,,yes
italy,"TravelGator eSIM","Italy eSIM Roaming Data",1,15,1.5646961618701607,1.565,,no
italy,"RedEx eSIM","Italy 500MB/Day",0.5,1,0.83,1.66,,yes
italy,"MicroEsim","Italy eSIM 5G - 1 Day / Daily 500MB",0.5,1,0.84,1.68,,yes
italy,"MicroEsim","Europe eSIM 36 Countries - 1 Day / Daily 500MB",0.5,1,0.85,1.7,,yes
italy,"Stellar eSim","Italy 500MB/Day + Free Stellar VPN",0.5,1,0.8555406400000001,1.711,,no
italy,"MicroEsim","Europe eSIM 33 Countries - 1 Day / Daily 500MB",0.5,1,0.86,1.72,,yes
italy,"Connect Me Guru","Italy 500MB/Day",0.5,1,0.88,1.76,,yes
italy,"Billion Connect","Global eSIM [45 Countries] 1 Day 500MB/Day",0.5,1,0.92,1.84,,yes
italy,"MicroEsim","Europe eSIM 5G 41 Countries - 1 Day / Daily 500MB",0.5,1,0.99,1.98,,yes
italy,"MoodSIM","Italy Unlimited (500 MB/day, then 512 Kbps) 1 Day",0.5,1,0.99,1.98,,yes
italy,"Lumbus","Italy 500MB/Day",0.5,1,0.99,1.98,,no
italy,"MicroEsim","Europe eSIM 42 Countries - 1 Day / Daily 500MB",0.5,1,1.02,2.04,ESIMDB,yes
italy,"Wiiline","for Italy 1 Days 0.49GB - 1 490 MB",0.49,1,1,2.041,,no
italy,"ASIMGO","eSIM Italy - 1 Day / Total 200MB",0.2,1,0.41,2.05,,yes
italy,"AlpineSIM","AlpineSIM Unlimited Europe(30+ areas) eSIM - 300MB/Day / 1",0.3,1,0.6187396108392997,2.062,,yes
italy,"Billion Connect","Europe eSIM [41 Countries] 1 Day 500MB/Day",0.5,1,1.04,2.08,,yes
italy,"ASIMGO","eSIM Europe (41 Countries) - 1 Day / Total 200MB",0.2,1,0.42,2.1,,yes
italy,"AlpineSIM","AlpineSIM Unlimited Europe(30+ areas) eSIM - 500MB/Day / 1",0.5,1,1.0766069228603816,2.153,,yes
italy,"MicroEsim","Europe eSIM 5G 49 Destinations - 1 Day / Daily 500MB",0.5,1,1.08,2.16,ESIMDB,yes
italy,"YonoSIM","Europe(30+ areas) 300MB/Day",0.3,1,0.68,2.267,,no
italy,"abesteSIM","eSIM Italy - 1 Day / Total 200MB",0.2,1,0.46158536775169734,2.308,,yes
italy,"abesteSIM","eSIM Europe (41 Countries) - 1 Day / Total 200MB",0.2,1,0.46940884856104814,2.347,,yes
italy,"YonoSIM","Europe(30+ areas) 500MB/Day",0.5,1,1.2,2.4,,no
italy,"Stellar eSim","Europe(30+ areas) 500MB/Day + Free Stellar VPN",0.5,1,1.2023814400000001,2.405,,no
italy,"ESIM.DOG 🐶","⚡️ [5G] TIM Italy &amp; more - Best 5G Coverage (500MB/1Days) - Blue route",0.5,1,1.28,2.56,,yes
italy,"Stellar eSim","Europe(30+ areas) 300MB/Day + Free Stellar VPN",0.3,1,0.7746111200000001,2.582,,no
italy,"AlpineSIM","AlpineSIM Unlimited Italy eSIM - 500MB/Day / 3",0.5,3,1.2993531827625295,2.599,,yes
italy,"abesteSIM","eSIM Italy - 3 Days / Daily 500MB",0.5,3,1.3299917375896364,2.66,,yes
italy,"abesteSIM","eSIM Europe (32 Countries) - 3 Days / Daily 500MB",0.5,3,1.353462180017689,2.707,,yes
italy,"Hiroaming","Europe(30+ areas) 300MB/Day",0.3,1,0.82,2.733,,no
italy,"MicroEsim","Italy eSIM 5G - 3 Days / Daily 500MB",0.5,3,1.41,2.82,ESIMDB,yes
italy,"ASIMGO","eSIM Italy - 3 Days / Daily 500MB",0.5,3,1.41,2.82,,no
italy,"ESIM.DOG 🐶","⚡️ Vodafone/Wind Italy - Best Coverage (500MB/1Days) - Green route",0.5,1,1.42,2.84,,no
italy,"abesteSIM","eSIM Europe (36 Countries) - 3 Days / Daily 500MB",0.5,3,1.4238735073018463,2.848,,yes
italy,"ESIM.DOG 🐶","⚡️ [5G] Europe (33 countries) - Best 5G Coverage (500MB/1Days) - Pink route",0.5,1,1.44,2.88,,no
italy,"Hiroaming","Europe(30+ areas) 500MB/Day",0.5,1,1.45,2.9,,no
italy,"ASIMGO","eSIM Europe - 32 Countries - 3 Days / Daily 500MB",0.5,3,1.47,2.94,,yes
italy,"merdata","eSIM Italy 500 MB/day 1 day",0.5,1,1.471768269229895,2.944,,no
italy,"ESIM.DOG 🐶","⚡️ Europe (33 countries) - Best Coverage (500MB/1Days) - Green route",0.5,1,1.48,2.96,,no
italy,"ESIM.DOG 🐶","⚡️ Best Coverage in Italy (200MB/30Days) - Yellow route",0.2,30,0.61,3.05,,no
italy,"MicroEsim","Europe eSIM 36 Countries - 3 Days / Daily 500MB",0.5,3,1.53,3.06,ESIMDB,yes
italy,"ASIMGO","eSIM Europe (36 Countries) - 3 Days / Daily 500MB",0.5,3,1.55,3.1,,yes
italy,"Earth Esim","300MB/1 Day Europe Region eSIM",0.3,1,0.99,3.3,,yes
italy,"Connect Me Guru","Europe(30+ areas) 300MB/Day",0.3,1,1.08,3.6,,no
italy,"Voyasim","Europe(30+ areas) 300MB/Day",0.3,1,1.1,3.667,,yes
italy,"ESIM.DOG 🐶","⚡️ [5G] Europe (34 countries) - Best 5G Coverage (300MB/1Days) - Blue route",0.3,1,1.39,4.633,,yes
italy,"MoodSIM","Europe Unlimited (300 MB/day, then 384 Kbps) 1 Day",0.3,1,1.49,4.967,,yes
italy,"ESIM.DOG 🐶","🎁 $0.53 + VPN | [5G] Vodafone Italy - Best 5G Coverage (100MB/1Days) - Black route",0.1,1,0.53,5.3,,yes
italy,"ESIM.DOG 🐶","🎁 $0.55 + VPN | [5G] Vodafone Italy - Best 5G Coverage (100MB/30Days) - Black route",0.1,30,0.55,5.5,,yes
italy,"Superalink","Italy - Regular",0.1,1,0.63,6.3,,yes
italy,"Superalink","Italy - Regular",0.1,3,0.65,6.5,,yes
italy,"Superalink","Italy - Regular",0.1,5,0.67,6.7,,yes
italy,"Superalink","Italy - Regular",0.1,7,0.69,6.9,,yes
italy,"Journey Esims","Italy 100 MB · 1 day",0.1,1,1,10,,no
italy,"Journey Esims","Regional (36 countries) 100 MB · 1 day",0.1,1,1,10,,no
italy,"Zwitchy","Italy · 100 MB · 1 day",0.1,1,1,10,,yes
japan,"ESIM.DOG 🐶","⚡️ Best Coverage in Japan (3GB/3Days) - Pink route",3,3,0.61,0.203,,no
japan,"ESIM.DOG 🐶","⚡️ Best Coverage in Japan (3GB/5Days) - Pink route",3,5,0.61,0.203,,no
japan,"ESIM.DOG 🐶","⚡️ Best Coverage in Japan (3GB/1Days) - Pink route",3,1,0.61,0.203,,no
japan,"Stellar eSim","Japan 3GB 30Days + Free Stellar VPN",3,30,0.6243134400000001,0.208,,no
japan,"Stellar eSim","Japan 3GB 30Days (IIJ) + Free Stellar VPN",3,30,0.6243134400000001,0.208,,no
japan,"ESIM.DOG 🐶","⚡️ [5G] SoftBank Japan &amp; more - Best 5G Coverage (3GB/15Days) - Blue route",3,15,0.66,0.22,,yes
japan,"ESIM.DOG 🐶","⚡️ [5G] SoftBank Japan &amp; more - Best 5G Coverage (3GB/30Days) - Blue route",3,30,0.66,0.22,,yes
japan,"Stellar eSim","Japan 2GB 30Days + Free Stellar VPN",2,30,0.54338392,0.272,,no
japan,"ESIM.DOG 🐶","⚡️ Best Coverage in Japan (5GB/1Days) - Pink route",5,1,1.37,0.274,,no
japan,"Superalink","Japan - 5GB/day",5,1,1.38,0.276,,yes
japan,"Superalink","South Korea/Japan - 5GB/day",5,1,1.46,0.292,,yes
japan,"Orange Travel","Japan 100GB",100,30,33.99,0.34,,no
japan,"Superalink","South Korea/Japan - 3GB/day",3,1,1.12,0.373,,yes
japan,"Superalink","Japan - 3GB/day",3,1,1.12,0.373,,yes
japan,"ESIM.DOG 🐶","⚡️ [5G] SoftBank Japan &amp; more - Best 5G Coverage (5GB/30Days) - Blue route",5,30,1.89,0.378,,yes
japan,"ESIM.DOG 🐶","⚡️ Best Coverage in Japan (5GB/15Days) - Pink route",5,15,1.89,0.378,,no
japan,"ESIM.DOG 🐶","⚡️ Best Coverage in Japan (5GB/10Days) - Pink route",5,10,1.89,0.378,,no
japan,"ESIM.DOG 🐶","⚡️ Best Coverage in Japan (3GB/10Days) - Pink route",3,10,1.2,0.4,,no
japan,"Stellar eSim","Japan 3GB 15Days + Free Stellar VPN",3,15,1.2139428,0.405,,no
japan,"Stellar eSim","Japan 3GB 15Days (IIJ) + Free Stellar VPN",3,15,1.2139428,0.405,,no
japan,"Stellar eSim","Japan 4GB 30Days + Free Stellar VPN",4,30,1.7804494400000002,0.445,,no
japan,"Superalink","South Korea/Japan - 2GB/day",2,1,0.91,0.455,,yes
japan,"Superalink","Japan - 2GB/day",2,1,0.91,0.455,,yes
japan,"abesteSIM","eSIM Japan - 1 Day / Daily 3GB",3,1,1.4473439497298985,0.482,,yes
japan,"MicroEsim","Japan eSIM 5G SoftBank / KDDI - 1 Day / Daily 3GB",3,1,1.54,0.513,ESIMDB,yes
japan,"Stellar eSim","Japan 3GB/Day + Free Stellar VPN",3,1,1.5492222400000002,0.516,,no
japan,"Stellar eSim","Japan 3GB/Day (IIJ) + Free Stellar VPN",3,1,1.5492222400000002,0.516,,no
japan,"ASIMGO","eSIM Japan - 1 Day / Daily 3GB",3,1,1.57,0.523,,yes
japan,"Stellar eSim","Japan 2GB 15Days + Free Stellar VPN",2,15,1.0520837600000001,0.526,,no
japan,"Stellar eSim","Japan 3GB/Day (nonhkip) + Free Stellar VPN",3,1,1.6763972,0.559,,no
japan,"Stellar eSim","Japan 3GB/Day FUP1Mbps + Free Stellar VPN",3,1,1.7920108000000001,0.597,,no
japan,"ESIM.DOG 🐶","⚡️ Best Coverage in Japan (2GB/15Days) - Yellow route",2,15,1.2,0.6,,no
japan,"ESIM.DOG 🐶","⚡️ [5G] NTT Docomo Japan - Best 5G Coverage (1GB/3Days) - Black route",1,3,0.61,0.61,,yes
japan,"ESIM.DOG 🐶","⚡️ [5G] NTT Docomo Japan - Best 5G Coverage (1GB/5Days) - Black route",1,5,0.61,0.61,,yes
japan,"Stellar eSim","Japan 2GB/Day FUP1Mbps + Free Stellar VPN",2,1,1.2601882400000002,0.63,,no
japan,"ESIM.DOG 🐶","⚡️ Best Coverage in Japan (3GB/12Days) - Pink route",3,12,1.89,0.63,,no
japan,"ESIM.DOG 🐶","⚡️ Best Coverage in Japan (3GB/20Days) - Pink route",3,20,1.89,0.63,,no
japan,"ESIM.DOG 🐶","⚡️ Best Coverage in Japan (3GB/25Days) - Pink route",3,25,1.89,0.63,,no
japan,"abesteSIM","eSIM Japan - 1 Day / Daily 2GB",2,1,1.2908743335428825,0.645,,yes
japan,"Stellar eSim","Japan 2GB/Day (nonhkip) + Free Stellar VPN",2,1,1.30643368,0.653,,no
japan,"ESIM.DOG 🐶","⚡️ [5G] SoftBank Japan &amp; more - Best 5G Coverage (1GB/7Days) - Blue route",1,7,0.66,0.66,,yes
japan,"ESIM.DOG 🐶","⚡️ [5G] NTT Docomo Japan - Best 5G Coverage (1GB/30Days) - Black route",1,30,0.66,0.66,,yes
japan,"ChillaxSIM","Japan SoftBank Native IP Total 30GB for 60 days",30,60,20.9,0.697,,yes
japan,"MicroEsim","Japan eSIM 5G SoftBank / KDDI - 1 Day / Daily 2GB",2,1,1.41,0.705,ESIMDB,yes
japan,"ASIMGO","eSIM Japan - 1 Day / Daily 2GB",2,1,1.41,0.705,,yes
japan,"Stellar eSim","Japan 2GB/Day + Free Stellar VPN",2,1,1.4104859200000002,0.705,,no
japan,"Stellar eSim","Japan 2GB/Day (IIJ) + Free Stellar VPN",2,1,1.4104859200000002,0.705,,no
japan,"TravelGator eSIM","Japan eSIM Roaming Data",2,1,1.4786378729673018,0.739,,no
japan,"Superalink","Japan - Regular",1,1,0.75,0.75,,yes
japan,"Superalink","South Korea/Japan - Regular",1,1,0.75,0.75,,yes
japan,"Stellar eSim","Japan 1GB 7Days + Free Stellar VPN",1,7,0.7514884000000001,0.751,,no
japan,"Stellar eSim","Japan 1GB 7Days (IIJ) + Free Stellar VPN",1,7,0.7514884000000001,0.751,,no
japan,"Superalink","Japan - Regular",2,1,1.51,0.755,,yes
japan,"Superalink","South Korea/Japan - Regular",2,1,1.51,0.755,,yes
japan,"ESIM.DOG 🐶","⚡️ [5G] NTT Docomo Japan - Best 5G Coverage (2GB/3Days) - Black route",2,3,1.52,0.76,,yes
japan,"Superalink","Japan - Regular",2,3,1.53,0.765,,yes
japan,"Superalink","South Korea/Japan - Regular",2,3,1.53,0.765,,yes
japan,"Superalink","Japan - Regular",1,3,0.77,0.77,,yes
japan,"Superalink","South Korea/Japan - Regular",1,3,0.77,0.77,,yes
japan,"eSIM4Travel","Japan (Softbank, KDDI) - 1GB/7Days",1,7,0.77,0.77,,yes
japan,"TravelGator eSIM","Japan eSIM Roaming Data",1,1,0.7745246001257294,0.775,,no
japan,"ASIMGO","eSIM Japan - 1 Day / Daily 500MB",0.5,1,0.39,0.78,,yes
japan,"Superalink","South Korea/Japan - 1GB/day",1,1,0.78,0.78,,yes
japan,"Superalink","Japan - 1GB/day",1,1,0.78,0.78,,yes
japan,"ESIM.DOG 🐶","⚡️ [5G] NTT Docomo Japan - Best 5G Coverage (2GB/5Days) - Black route",2,5,1.56,0.78,,yes
japan,"Superalink","Japan - Regular",2,5,1.57,0.785,,yes
japan,"Superalink","South Korea/Japan - Regular",2,5,1.57,0.785,,yes
japan,"Superalink","Japan - Regular",1,5,0.79,0.79,,yes
japan,"Superalink","South Korea/Japan - Regular",1,5,0.79,0.79,,yes
japan,"ESIM.DOG 🐶","⚡️ [5G] NTT Docomo Japan - Best 5G Coverage (2GB/7Days) - Black route",2,7,1.59,0.795,,yes
japan,"Superalink","Japan - Regular",2,7,1.6,0.8,,yes
japan,"Superalink","South Korea/Japan - Regular",2,7,1.6,0.8,,yes
japan,"ESIM.DOG 🐶","⚡️ [5G] NTT Docomo Japan - Best 5G Coverage (2GB/10Days) - Black route",2,10,1.61,0.805,,yes
japan,"Superalink","Japan - Regular",2,10,1.62,0.81,,yes
japan,"Superalink","South Korea/Japan - Regular",2,10,1.62,0.81,,yes
japan,"ESIM.DOG 🐶","⚡️ [5G] NTT Docomo Japan - Best 5G Coverage (2GB/14Days) - Black route",2,14,1.63,0.815,,yes
japan,"Superalink","Japan - Regular",1,7,0.82,0.82,,yes
japan,"Superalink","South Korea/Japan - Regular",1,7,0.82,0.82,,yes
japan,"Superalink","Japan - Regular",2,15,1.64,0.82,,yes
japan,"Superalink","South Korea/Japan - Regular",2,15,1.64,0.82,,yes
japan,"ESIM.DOG 🐶","⚡️ [5G] NTT Docomo Japan - Best 5G Coverage (2GB/20Days) - Black route",2,20,1.65,0.825,,yes
japan,"abesteSIM","eSIM Japan - 1 Day / Daily 500MB",0.5,1,0.4146444828955926,0.829,,yes
japan,"Superalink","Japan - Regular",1,10,0.83,0.83,,yes
japan,"Superalink","South Korea/Japan - Regular",1,10,0.83,0.83,,yes
japan,"Superalink","Japan - Regular",2,20,1.66,0.83,,yes
japan,"Superalink","South Korea/Japan - Regular",2,20,1.66,0.83,,yes
japan,"Superalink","Japan - Regular",2,30,1.68,0.84,,yes
japan,"Superalink","South Korea/Japan - Regular",2,30,1.68,0.84,,yes
japan,"Superalink","Japan - Regular",1,15,0.85,0.85,,yes
japan,"Superalink","South Korea/Japan - Regular",1,15,0.85,0.85,,yes
japan,"Stellar eSim","Japan 1GB/Day FUP1Mbps + Free Stellar VPN",1,1,0.8555406400000001,0.856,,no
japan,"Superalink","Japan - Regular",1,20,0.86,0.86,,yes
japan,"Superalink","South Korea/Japan - Regular",1,20,0.86,0.86,,yes
japan,"TravelGator eSIM","Japan eSIM Roaming Data",2,3,1.7289892588665274,0.864,,no
japan,"abesteSIM","eSIM Japan &amp; South Korea - 1 Day / Daily 2GB",2,1,1.7368127396758783,0.868,,yes
japan,"abesteSIM","eSIM Asia+Europe 52 Regions - 1 Day / Daily 2GB",2,1,1.7368127396758783,0.868,,yes
japan,"Superalink","Japan - Regular",1,30,0.87,0.87,,yes
japan,"Superalink","South Korea/Japan - Regular",1,30,0.87,0.87,,yes
japan,"iRoamly","Japan-eSIM-2GB-1 Day-Daily",2,1,1.8,0.9,,yes
japan,"Billion Connect","Japan 5G eSIM [SoftBank] 1 Day 2GB/Day",2,1,1.82,0.91,,yes
japan,"ASIMGO","eSIM Asia&amp;Europe - 52 Countries - 1 Day / Daily 2GB",2,1,1.84,0.92,,yes
japan,"abesteSIM","eSIM Japan &amp; South Korea - 1 Day / Daily 500MB",0.5,1,0.46158536775169734,0.923,,yes
japan,"abesteSIM","eSIM Asia+Europe 52 Regions - 1 Day / Daily 500MB",0.5,1,0.46158536775169734,0.923,,yes
japan,"ASIMGO","eSIM Asia&amp;Europe - 52 Countries - 1 Day / Daily 500MB",0.5,1,0.47,0.94,,yes
japan,"ASIMGO","eSIM Japan &amp; South Korea - 1 Day / Daily 500MB",0.5,1,0.47,0.94,,yes
japan,"ESIM.DOG 🐶","⚡️ [5G] NTT Docomo Japan - Best 5G Coverage (2GB/30Days) - Black route",2,30,1.89,0.945,,yes
japan,"Stellar eSim","Japan 1GB 7Days (nonhkip) + Free Stellar VPN",1,7,0.95959288,0.96,,no
japan,"Stellar eSim","Japan 1GB/Day (nonhkip) + Free Stellar VPN",1,1,0.9711542400000001,0.971,,no
japan,"AlpineSIM","AlpineSIM Japan eSIM - 1GB | 7Days",1,7,0.9899833773428797,0.99,,yes
japan,"BambooSIM","Japan eSIM",1,3,0.99,0.99,,no
japan,"Voyasim","Japan 500MB 7Days",0.5,7,0.5,1,,yes
japan,"Orange Travel","Japan 1GB",1,7,1,1,,no
japan,"Orbit Mobile","Global Pass",1,1,1,1,,no
japan,"MicroEsim","Japan eSIM 5G SoftBank / KDDI - 1 Day / Daily 1GB",1,1,1.02,1.02,ESIMDB,yes
japan,"Stellar eSim","Japan 1GB/Day + Free Stellar VPN",1,1,1.02896104,1.029,,no
japan,"Stellar eSim","Japan 1GB/Day (IIJ) + Free Stellar VPN",1,1,1.02896104,1.029,,no
japan,"abesteSIM","eSIM China Mainland &amp; Japan &amp; South Korea (Support Tiktok) - 1 Day / Daily 500MB",0.5,1,0.5163497334171531,1.033,,yes
japan,"TravelGator eSIM","Japan eSIM Roaming Data",1,3,1.0483464284530077,1.048,,no
japan,"BambooSIM","Japan eSIM",1,7,1.09,1.09,,no
japan,"abesteSIM","eSIM Japan - 1 Day / Daily 1GB",1,1,1.0952873133091123,1.095,,yes
japan,"SimSmash","Japan 1GB for 7 Days",1,7,1.11,1.11,,yes
japan,"ESIM.DOG 🐶","⚡️ Best Coverage in Japan (500MB/3Days) - Yellow route",0.5,3,0.56,1.12,,no
japan,"AlpineSIM","AlpineSIM Japan eSIM - 500MB | 7Days",0.5,7,0.5692404419721557,1.138,,yes
japan,"Stellar eSim","Japan &amp; South Korea 1GB 7Days + Free Stellar VPN",1,7,1.156136,1.156,,no
japan,"Stellar eSim","Japan &amp; South Korea 1GB/Day + Free Stellar VPN",1,1,1.156136,1.156,,no
japan,"MicroEsim","Japan eSIM IIJ NTT Docomo - 5 Days / Total 1GB",1,5,1.17,1.17,ESIMDB,no
japan,"BambooSIM","Japan eSIM",1,14,1.19,1.19,,no
japan,"AdventureSIMs","Japan 1GB 7 Days",1,7,1.1946613545329534,1.195,,yes
japan,"abesteSIM","eSIM Japan - 5 Days / Total 1GB",1,5,1.1969925638306729,1.197,,no
japan,"mobineX","Unlimited Standard",1,1,1.2,1.2,,yes
japan,"mobineX","Unlimited Standard",1,1,1.2,1.2,,yes
japan,"YonoSIM","Japan 1GB/Day FUP1Mbps",1,1,1.2,1.2,,no
japan,"abesteSIM","eSIM Global (66 Destinations) - 1 Day / Daily 500MB",0.5,1,0.6024080223200119,1.205,,yes
japan,"MicroEsim","Japan &amp; South Korea eSIM 5G - 5 Days / Total 1GB",1,5,1.21,1.21,ESIMDB,yes
japan,"ASIMGO","eSIM Japan - 1 Day / Daily 1GB",1,1,1.21,1.21,,yes
japan,"ASIMGO","eSIM Japan &amp; South Korea - 1 Day / Daily 1GB",1,1,1.26,1.26,,yes
japan,"Superalink","South Korea/Japan - 500MB/day",0.5,1,0.64,1.28,,yes
japan,"Superalink","Japan - 500MB/day",0.5,1,0.64,1.28,,yes
japan,"BambooSIM","Japan eSIM",1,20,1.29,1.29,,no
japan,"abesteSIM","eSIM Japan &amp; South Korea - 1 Day / Daily 1GB",1,1,1.2908743335428825,1.291,,yes
japan,"abesteSIM","eSIM Asia+Europe 52 Regions - 1 Day / Daily 1GB",1,1,1.2908743335428825,1.291,,yes
japan,"ESIM.DOG 🐶","🎁 $0.65 + VPN | [5G] SoftBank Japan &amp; more - Best 5G Coverage (500MB/7Days) - Blue route",0.5,7,0.65,1.3,,no
japan,"iRoamly","Japan-eSIM-1GB-1 Day-Daily",1,1,1.3,1.3,,yes
japan,"Yatelo","JPN 1GB 7 Days",1,7,1.3,1.3,,yes
japan,"eSIM4Travel","Japan (Softbank, KDDI) - 1GB/1Days",1,1,1.31,1.31,,yes
japan,"Superalink","Japan - Regular",0.5,1,0.66,1.32,,yes
japan,"Superalink","South Korea/Japan - Regular",0.5,1,0.66,1.32,,yes
japan,"ESIM.DOG 🐶","⚡️ [5G] NTT Docomo Japan - Best 5G Coverage (500MB/7Days) - Black route",0.5,7,0.66,1.32,,yes
japan,"ESIM.DOG 🐶","⚡️ [5G] NTT Docomo Japan - Best 5G Coverage (500MB/30Days) - Black route",0.5,30,0.66,1.32,,yes
japan,"ASIMGO","eSIM Japan - 5 Days / Total 1GB",1,5,1.32,1.32,,no
japan,"Billion Connect","Global eSIM [19 Regions] 3 Days 1GB",1,3,1.32,1.32,,yes
japan,"TravelGator eSIM","Japan eSIM Roaming Data",1,5,1.3299917375896364,1.33,,no
japan,"SparkRoam","1 GB / 7 Days",1,7,1.33,1.33,,no
japan,"MicroEsim","Japan &amp; South Korea eSIM 5G - 1 Day / Daily 1GB",1,1,1.33,1.33,ESIMDB,yes
japan,"ASIMGO","eSIM Japan &amp; South Korea - 5 Days / Total 1GB",1,5,1.33,1.33,,yes
japan,"AlpineSIM","AlpineSIM Unlimited Japan eSIM - 1GB/Day / 1",1,1,1.3488523516296735,1.349,,yes
japan,"GlobaleSIM","Far East",10,30,13.6,1.36,,no
japan,"Superalink","Japan - Regular",0.5,3,0.68,1.36,,yes
japan,"Superalink","South Korea/Japan - Regular",0.5,3,0.68,1.36,,yes
japan,"AlpineSIM","AlpineSIM Unlimited Japan eSIM - 500MB/Day / 1",0.5,1,0.6806135719232298,1.361,,yes
japan,"Stellar eSim","Japan &amp; South Korea 750MB 7Days + Free Stellar VPN",0.75,7,1.0405224000000002,1.387,,no
japan,"BambooSIM","Japan eSIM",1,30,1.39,1.39,,no
japan,"Ubigi","",10,7,14,1.4,,yes
japan,"Superalink","Japan - Regular",0.5,5,0.7,1.4,,yes
japan,"Superalink","South Korea/Japan - Regular",0.5,5,0.7,1.4,,yes
japan,"voilà","",1,7,1.4,1.4,,no
japan,"Billion Connect","Japan 5G eSIM [SoftBank] 1 Day 1GB/Day",1,1,1.4,1.4,,yes
japan,"TravelGator eSIM","Japan eSIM Roaming Data",1,7,1.4004030648737937,1.4,,no
japan,"SimSmash","Japan Daily Unlimited 1GB/day for 1 Days",1,1,1.41,1.41,,yes
japan,"ASIMGO","eSIM Asia&amp;Europe - 52 Countries - 1 Day / Daily 1GB",1,1,1.41,1.41,,yes
japan,"abesteSIM","eSIM China Mainland &amp; Japan &amp; South Korea (Support Tiktok) - 1 Day / Daily 1GB",1,1,1.4160500264924953,1.416,,yes
japan,"Superalink","Japan - Regular",0.5,7,0.72,1.44,,yes
japan,"Superalink","South Korea/Japan - Regular",0.5,7,0.72,1.44,,yes
japan,"YonoSIM","Japan 1GB/Day (nonhkip)",1,1,1.44,1.44,,no
japan,"ESIM888","Japan (1GB/7DAYS)",1,7,1.45,1.45,,no
japan,"Connect Me Guru","Japan 1GB 7Days",1,7,1.45,1.45,,yes
japan,"Connect Me Guru","Japan 1GB 7Days (IIJ)",1,7,1.45,1.45,,no
japan,"Hiroaming","Japan 500MB 7Days",0.5,7,0.73,1.46,,no
japan,"MoodSIM","Japan 1 GB 7 Days",1,7,1.49,1.49,,yes
japan,"MoodSIM","Japan 1 GB 7 Days",1,7,1.49,1.49,,no
japan,"YonoSIM","Japan 500MB/Day (IIJ)",0.5,1,0.75,1.5,,no
japan,"YonoSIM","Japan 500MB/Day",0.5,1,0.75,1.5,,no
japan,"Esimglobe","eSIM Japan Unlimited Japan 1GB/Day / 1",1,1,1.5,1.5,,no
japan,"Journey Esims","Japan 1 GB · 1 day",1,1,1.5,1.5,,no
japan,"Journey Esims","Japan 1 GB · 7 days",1,7,1.5,1.5,,no
japan,"YonoSIM","Japan 1GB/Day",1,1,1.5,1.5,,no
japan,"mobineX","Unlimited Standard",1,1,1.5,1.5,,yes
japan,"YonoSIM","Japan 1GB/Day (IIJ)",1,1,1.5,1.5,,no
japan,"Ozly eSIM","Japan 1GB 7Days (IIJ)",1,7,1.5,1.5,,no
japan,"ASIMGO","eSIM China Mainland &amp; Japan &amp; South Korea (Support Tiktok) - 1 Day / Daily 1GB",1,1,1.53,1.53,,yes
japan,"eSIMCard","eSIM Data For 1GB in 3 Days, Japan",1,3,1.54,1.54,,yes
japan,"Stellar eSim","China mainland &amp; Japan &amp; South Korea 1GB/Day + Free Stellar VPN",1,1,1.5492222400000002,1.549,,no
japan,"YonoSIM","Japan 500MB/Day (nonhkip)",0.5,1,0.78,1.56,,no
japan,"Earth Esim","500MB/1 Day Japan 5G eSIM",0.5,1,0.79,1.58,,yes
japan,"Superalink","South Korea/Japan - 1GB/day",1,3,1.58,1.58,,yes
japan,"Superalink","Japan - 1GB/day",1,3,1.58,1.58,,yes
japan,"Esimglobe","eSIM Japan Unlimited Japan 500MB/Day / 1",0.5,1,0.8,1.6,,no
japan,"MATCHA Japan eSIM","eSIM 1GB/day × 1 day",1,1,1.6,1.6,,yes
japan,"iRoamly","Japan-eSIM-1GB-3 Days-Total",1,3,1.6,1.6,,yes
japan,"Connect Me Guru","Japan 1GB/Day FUP1Mbps",1,1,1.6,1.6,,yes
japan,"TravelGator eSIM","Japan eSIM Roaming Data",1,10,1.6038135659169144,1.604,,no
japan,"abesteSIM","eSIM Japan &amp; South Korea - 5 Days / Total 1GB",1,5,1.6116370467262655,1.612,,yes
japan,"MicroEsim","Japan eSIM 5G SoftBank / KDDI - 1 Day / Daily 500MB",0.5,1,0.81,1.62,,yes
japan,"abesteSIM","eSIM Asia (27 Regions, Support Tiktok) - 1 Day / Daily 500MB",0.5,1,0.8136420041724836,1.627,,yes
japan,"4S eSIM","Asia+ 1GB - 1 Day",1,1,1.63,1.63,,no
japan,"eSIMCard","eSIM Data For 1GB in 5 Days, Japan",1,5,1.64,1.64,,yes
japan,"Stellar eSim","China mainland &amp; Japan &amp; South Korea 1GB 7Days + Free Stellar VPN",1,7,1.6417131200000001,1.642,,no
japan,"abesteSIM","eSIM Global (66 Destinations) - 1 Day / Daily 1GB",1,1,1.6585779315823703,1.659,,yes
japan,"4S eSIM","Asia+ 1GB - 5 Days",1,5,1.68,1.68,,no
japan,"ASIMGO","eSIM Asia (26 Regions, Support Tiktok) - 1 Day / Daily 500MB",0.5,1,0.85,1.7,,yes
japan,"iRoamly","Japan-eSIM-1GB-5 Days-Total",1,5,1.7,1.7,,yes
japan,"4S eSIM","Japan 1GB - 7 Days (IIJ)",1,7,1.7,1.7,,no
japan,"Stellar eSim","Japan 500MB 7Days + Free Stellar VPN",0.5,7,0.8555406400000001,1.711,,no
japan,"Stellar eSim","Japan 500MB/Day + Free Stellar VPN",0.5,1,0.8555406400000001,1.711,,no
japan,"Stellar eSim","Japan 500MB/Day (nonhkip) + Free Stellar VPN",0.5,1,0.8555406400000001,1.711,,no
japan,"Stellar eSim","Japan 500MB/Day (IIJ) + Free Stellar VPN",0.5,1,0.8555406400000001,1.711,,no
japan,"MolaHop","Japan 1GB 7Days",1,7,1.7226426400000001,1.723,,no
japan,"eSIM Agora","Japan 1GB 7Days",1,7,1.7226426400000001,1.723,,no
japan,"4S eSIM","Asia+ 1GB - 7 Days",1,7,1.73,1.73,,no
japan,"eSIMCard","eSIM Data For 1GB in 7 Days, Japan",1,7,1.74,1.74,,yes
japan,"ESIM.DOG 🐶","⚡️ [5G] Asia (12 countries) - Best 5G Coverage (1GB/1Days) - Pink route",1,1,1.74,1.74,,no
japan,"Flysimio","Japan 1GB 7Days",1,7,1.75,1.75,,yes
japan,"ESIM.DOG 🐶","⚡️ [5G] Global (202 countries) - Best 5G Coverage (1GB/5Days) - Yellow route",1,5,1.79,1.79,,yes
japan,"Superalink","South Korea/Japan - 500MB/day",0.5,3,0.9,1.8,,yes
japan,"Superalink","Japan - 500MB/day",0.5,3,0.9,1.8,,yes
japan,"iRoamly","Japan-eSIM-1GB-7 Days-Total",1,7,1.8,1.8,,yes
japan,"Voyasim","Japan 1GB 7Days (IIJ)",1,7,1.8,1.8,,no
japan,"Voyasim","Japan 1GB 7Days",1,7,1.8,1.8,,yes
japan,"eSIM4Travel","Global 72 - 1GB/7Days",1,7,1.8,1.8,,yes
japan,"SimSmash","Japan Daily Unlimited 0.49GB/day for 1 Days",0.49,1,0.89,1.816,,yes
japan,"AlpineSIM","AlpineSIM Unlimited Japan &amp; South Korea eSIM - 1GB/Day / 1",1,1,1.8190944558675413,1.819,,yes
japan,"Hiroaming","Japan 1GB/Day",1,1,1.82,1.82,,no
japan,"TravelGator eSIM","Japan eSIM Roaming Data",1,15,1.822871028578737,1.823,,no
japan,"eSIMCard","eSIM Data For 1GB in 10 Days, Japan",1,10,1.84,1.84,,yes
japan,"Connect Me Guru","Japan 1GB/Day (nonhkip)",1,1,1.84,1.84,,yes
japan,"abesteSIM","eSIM Japan - 3 Days / Daily 1GB",1,3,1.8463414710067894,1.846,,yes
japan,"eSIM Agora","Japan 1GB/Day FUP1Mbps",1,1,1.8498176000000002,1.85,,no
japan,"EZsim","Japan - 1GB Daily / 1Days",1,1,1.85,1.85,,no
japan,"Hiroaming","Japan 500MB/Day (nonhkip)",0.5,1,0.94,1.88,,no
japan,"AlpineSIM","AlpineSIM Japan &amp; South Korea eSIM - 1GB | 7Days",1,7,1.8809684169514713,1.881,,yes
japan,"Textr eSIM","Japan 1GB",1,7,1.89,1.89,,no
japan,"merdata","eSIM Japan 500 MB 7 days",0.5,7,0.9461367445049325,1.892,,no
japan,"MicroEsim","Japan &amp; South Korea eSIM 5G - 1 Day / Daily 500MB",0.5,1,0.95,1.9,,yes
japan,"Connect Me Guru","Japan 1GB/Day",1,1,1.9,1.9,,yes
japan,"Lumbus","Japan 500MB 7Days",0.5,7,0.99,1.98,,no
japan,"Connect Me Guru","Japan 500MB 7Days",0.5,7,1,2,,yes
japan,"Stellar eSim","China mainland &amp; Japan &amp; South Korea 500MB/Day + Free Stellar VPN",0.5,1,1.10989056,2.22,,no
japan,"Connect Me Guru","Japan 500MB/Day",0.5,1,1.15,2.3,,yes
japan,"Connect Me Guru","Japan 500MB/Day (IIJ)",0.5,1,1.15,2.3,,no
japan,"Connect Me Guru","Japan 500MB/Day (nonhkip)",0.5,1,1.19,2.38,,yes
japan,"Voyasim","Japan 500MB/Day (IIJ)",0.5,1,1.2,2.4,,no
japan,"Voyasim","Japan 500MB/Day",0.5,1,1.2,2.4,,yes
japan,"Stellar eSim","Asia (20 areas) 500MB/Day + Free Stellar VPN",0.5,1,1.2601882400000002,2.52,,no
japan,"Voyasim","Japan 500MB/Day (nonhkip)",0.5,1,1.3,2.6,,yes
japan,"ESIM.DOG 🐶","⚡️ [5G] Asia (18 countries) - Best 5G Coverage (500MB/3Days) - Yellow route",0.5,3,1.31,2.62,,yes
japan,"Stellar eSim","Asia (12 areas) 500MB/Day + Free Stellar VPN",0.5,1,1.34111776,2.682,,no
japan,"MicroEsim","Japan eSIM 5G SoftBank / KDDI - 3 Days / Daily 500MB",0.5,3,1.39,2.78,ESIMDB,yes
japan,"ESIM.DOG 🐶","⚡️ [5G] SoftBank Japan &amp; more - Best 5G Coverage (500MB/1Days) - Blue route",0.5,1,1.43,2.86,,yes
japan,"ASIMGO","eSIM Japan - 3 Days / Daily 500MB",0.5,3,1.46,2.92,,yes
japan,"abesteSIM","eSIM Japan - 3 Days / Daily 500MB",0.5,3,1.4786378729673018,2.957,,yes
japan,"MoodSIM","Japan Unlimited (500 MB/day, then 384 Kbps) 1 Day",0.5,1,1.49,2.98,,yes
japan,"MoodSIM","Japan Unlimited (500 MB/day, then 512 Kbps) 1 Day",0.5,1,1.49,2.98,,yes
japan,"MoodSIM","Japan Unlimited (500 MB/day, then 256 Kbps) 1 Day",0.5,1,1.49,2.98,,no
japan,"Superalink","South Korea/Japan - 500MB/day",0.5,5,1.5,3,,yes
japan,"Superalink","Japan - 500MB/day",0.5,5,1.5,3,,yes
japan,"ESIM.DOG 🐶","⚡️ Best Coverage in Japan (200MB/30Days) - Yellow route",0.2,30,0.61,3.05,,no
japan,"Horizon eSIM","Japan 100MB 7Days",0.1,7,0.31215672000000005,3.122,,no
japan,"ESIM.DOG 🐶","⚡️ Asia (10 countries) - Best Coverage (500MB/1Days) - Green route",0.5,1,1.58,3.16,,no
japan,"abesteSIM","eSIM Japan &amp; South Korea - 3 Days / Daily 500MB",0.5,3,1.5803431234888623,3.161,,yes
japan,"abesteSIM","eSIM Asia+Europe 52 Regions - 3 Days / Daily 500MB",0.5,3,1.5803431234888623,3.161,,yes
japan,"ESIM.DOG 🐶","⚡️ Best Coverage in Japan (500MB/1Days) - Pink route",0.5,1,1.59,3.18,,no
japan,"ESIM.DOG 🐶","⚡️ Best Coverage in Japan (500MB/1Days) - Green route",0.5,1,1.59,3.18,,no
japan,"DashRoam","Japan 500MB 7Days",0.5,7,1.6,3.2,,yes
japan,"ESIM.DOG 🐶","⚡️ [5G] NTT Docomo Japan - Best 5G Coverage (500MB/1Days) - Black route",0.5,1,1.62,3.24,,yes
japan,"AlpineSIM","AlpineSIM Unlimited China mainland &amp; Japan &amp; South Korea eSIM - 500MB/Day / 1",0.5,1,1.6210977803989655,3.242,,yes
japan,"AlpineSIM","AlpineSIM Japan eSIM - 100MB | 7Days",0.1,7,0.33411938985322187,3.341,,yes
japan,"ASIMGO","eSIM Asia&amp;Europe - 52 Countries - 3 Days / Daily 500MB",0.5,3,1.7,3.4,,yes
japan,"ASIMGO","eSIM Japan &amp; South Korea - 3 Days / Daily 500MB",0.5,3,1.7,3.4,,yes
japan,"MicroEsim","Japan &amp; South Korea eSIM 5G - 3 Days / Daily 500MB",0.5,3,1.75,3.5,ESIMDB,yes
japan,"abesteSIM","eSIM China Mainland &amp; Japan &amp; South Korea (Support Tiktok) - 3 Days / Daily 500MB",0.5,3,1.783753624531983,3.568,,yes
japan,"iRoamly","Japan-eSIM-500MB-3 Days-Daily",0.5,3,1.8,3.6,,yes
japan,"Esimglobe","eSIM China mainland &amp; Japan &amp; South Korea Unlimited China mainland &amp; Japan &amp; South Korea 500MB/Day / 1",0.5,1,1.8,3.6,,no
japan,"YonoSIM","China mainland &amp; Japan &amp; South Korea 500MB/Day",0.5,1,1.8,3.6,,no
japan,"RedEx eSIM","Japan 500MB 7Days",0.5,7,1.82,3.64,,yes
japan,"Horizon eSIM","Japan 500MB 7Days",0.5,7,1.8382562400000002,3.677,,no
japan,"ASIMGO","eSIM China Mainland &amp; Japan &amp; South Korea (Support Tiktok) - 3 Days / Daily 500MB",0.5,3,1.87,3.74,,yes
japan,"Simsima","Japan 100MB 7Days",0.1,7,0.4,4,,yes
japan,"Voyasim","Japan 100MB 7Days",0.1,7,0.5,5,,yes
japan,"ESIM.DOG 🐶","🎁 $0.53 + VPN | [5G] NTT Docomo Japan - Best 5G Coverage (100MB/1Days) - Black route",0.1,1,0.53,5.3,,yes
japan,"Hiroaming","Japan 100MB 7Days",0.1,7,0.54,5.4,,no
japan,"ESIM.DOG 🐶","🎁 $0.55 + VPN | [5G] NTT Docomo Japan - Best 5G Coverage (100MB/30Days) - Black route",0.1,30,0.55,5.5,,yes
japan,"Truely","Japan - 300MB, 2 days",0.3,2,1.69,5.633,,yes
japan,"ESIM.DOG 🐶","⚡️ [5G] Global (202 countries) - Best 5G Coverage (300MB/3Days) - Yellow route",0.3,3,1.79,5.967,,yes
japan,"ESIM.DOG 🐶","🎁 $0.60 + VPN | [5G] NTT Docomo Japan - Best 5G Coverage (100MB/90Days) - Black route",0.1,90,0.6,6,,yes
japan,"Superalink","Japan - Regular",0.1,1,0.63,6.3,,yes
japan,"Superalink","South Korea/Japan - Regular",0.1,1,0.63,6.3,,yes
japan,"Truely","Asia - 300MB, 2 days",0.3,2,1.89,6.3,,yes
japan,"Superalink","Japan - Regular",0.1,3,0.65,6.5,,yes
japan,"Superalink","South Korea/Japan - Regular",0.1,3,0.65,6.5,,yes
japan,"Superalink","Japan - Regular",0.1,5,0.67,6.7,,yes
japan,"Superalink","South Korea/Japan - Regular",0.1,5,0.67,6.7,,yes
japan,"Superalink","Japan - Regular",0.1,7,0.69,6.9,,yes
japan,"Superalink","South Korea/Japan - Regular",0.1,7,0.69,6.9,,yes
japan,"Connect Me Guru","Japan 100MB 7Days",0.1,7,0.85,8.5,,yes
japan,"Stellar eSim","Japan 100MB 7Days + Free Stellar VPN",0.1,7,0.8555406400000001,8.555,,no
japan,"Roamix","Japan 100MB 1Days",0.1,1,0.95,9.5,,yes
japan,"Roamix","Japan 100MB 3Days",0.1,3,0.95,9.5,,yes
japan,"Roamix","Japan 100MB 5Days",0.1,5,0.95,9.5,,yes
japan,"Roamix","Japan 100MB 7Days",0.1,7,0.95,9.5,,yes
japan,"Keepgo","Norm",0.1,0,1,10,,yes
japan,"Journey Esims","Japan 100 MB · 1 day",0.1,1,1,10,,no
japan,"Journey Esims","Regional (10 countries) 100 MB · 1 day",0.1,1,1,10,,no
japan,"DashRoam","Japan 100MB 7Days",0.1,7,1.45,14.5,,yes
japan,"merdata","eSIM Japan 100 MB 7 days",0.1,7,1.471768269229895,14.718,,no
japan,"Esimglobe","eSIM Japan Japan 100MB 7Days",0.1,7,1.7,17,,no
japan,"RedEx eSIM","Japan 100MB 7Days",0.1,7,1.71,17.1,,yes
japan,"Hungry eSIM","Japan eSIM Data — 7 Day / 0.1GB",0.1,7,1.84,18.4,,yes
malaysia,"Stellar eSim","Malaysia 3GB 30Days + Free Stellar VPN",3,30,0.6243134400000001,0.208,,no
malaysia,"ESIM.DOG 🐶","⚡️ [5G] U-Mobile Malaysia - Best 5G Coverage (5GB/1Days) - Black route",5,1,1.07,0.214,,yes
malaysia,"Superalink","Malaysia - 5GB/day",5,1,1.08,0.216,,yes
malaysia,"ESIM.DOG 🐶","⚡️ [5G] U-Mobile Malaysia - Best 5G Coverage (4GB/1Days) - Black route",4,1,1.07,0.268,,yes
malaysia,"Stellar eSim","Malaysia 2GB 30Days + Free Stellar VPN",2,30,0.54338392,0.272,,no
malaysia,"Superalink","Malaysia - 3GB/day",3,1,0.84,0.28,,yes
malaysia,"ESIM.DOG 🐶","⚡️ [5G] CelcomDigi/Maxis Malaysia - Best 5G Coverage (3GB/30Days) - Blue route",3,30,0.86,0.287,,yes
malaysia,"ESIM.DOG 🐶","⚡️ [5G] U-Mobile Malaysia - Best 5G Coverage (3GB/15Days) - Black route",3,15,0.86,0.287,,yes
malaysia,"ESIM.DOG 🐶","⚡️ [5G] U-Mobile Malaysia - Best 5G Coverage (3GB/7Days) - Black route",3,7,0.86,0.287,,yes
malaysia,"ESIM.DOG 🐶","⚡️ [5G] U-Mobile Malaysia - Best 5G Coverage (3GB/10Days) - Black route",3,10,0.86,0.287,,yes
malaysia,"ESIM.DOG 🐶","⚡️ [5G] U-Mobile Malaysia - Best 5G Coverage (3GB/20Days) - Black route",3,20,0.86,0.287,,yes
malaysia,"ESIM.DOG 🐶","⚡️ [5G] U-Mobile Malaysia - Best 5G Coverage (3GB/12Days) - Black route",3,12,0.86,0.287,,yes
malaysia,"ESIM.DOG 🐶","⚡️ [5G] U-Mobile Malaysia - Best 5G Coverage (3GB/14Days) - Black route",3,14,0.86,0.287,,yes
malaysia,"ESIM.DOG 🐶","⚡️ [5G] U-Mobile Malaysia - Best 5G Coverage (3GB/21Days) - Black route",3,21,0.86,0.287,,yes
malaysia,"ESIM.DOG 🐶","⚡️ [5G] U-Mobile Malaysia - Best 5G Coverage (3GB/25Days) - Black route",3,25,0.86,0.287,,yes
malaysia,"ESIM.DOG 🐶","⚡️ Best Coverage in Malaysia (3GB/5Days) - Pink route",3,5,0.86,0.287,,no
malaysia,"ESIM.DOG 🐶","⚡️ Best Coverage in Malaysia (3GB/1Days) - Pink route",3,1,0.86,0.287,,no
malaysia,"Stellar eSim","Malaysia 4GB 30Days + Free Stellar VPN",4,30,1.2717496000000001,0.318,,no
malaysia,"Superalink","Malaysia - 2GB/day",2,1,0.7,0.35,,yes
malaysia,"Stellar eSim","Malaysia 3GB 15Days + Free Stellar VPN",3,15,1.2139428,0.405,,no
malaysia,"ESIM.DOG 🐶","⚡️ [5G] U-Mobile Malaysia - Best 5G Coverage (2GB/30Days) - Black route",2,30,0.86,0.43,,yes
malaysia,"ESIM.DOG 🐶","⚡️ [5G] U-Mobile Malaysia - Best 5G Coverage (2GB/15Days) - Black route",2,15,0.86,0.43,,yes
malaysia,"ASIMGO","eSIM Malaysia (5G, Local IP) - 1 Day / Daily 500MB",0.5,1,0.23,0.46,,yes
malaysia,"ASIMGO","eSIM Malaysia (5G) - 1 Day / Daily 3GB",3,1,1.42,0.473,,yes
malaysia,"abesteSIM","eSIM Malaysia (5G) - 1 Day / Daily 3GB",3,1,1.431696988111197,0.477,,yes
malaysia,"ASIMGO","eSIM - Singapore - Malaysia -Thailand - 1 Day / Daily 3GB",3,1,1.44,0.48,,yes
malaysia,"abesteSIM","eSIM Malaysia (5G, Local IP) - 1 Day / Daily 500MB",0.5,1,0.2425279050898749,0.485,,yes
malaysia,"Stellar eSim","Malaysia 3GB/Day + Free Stellar VPN",3,1,1.4682927200000002,0.489,,no
malaysia,"abesteSIM","eSIM Malaysia (5G) - 3 Days / Total 3GB",3,3,1.4942848345860034,0.498,,yes
malaysia,"BNESIM","Surf 20 GB in Malaysia for 30 days",20,30,10.36,0.518,,yes
malaysia,"Stellar eSim","Malaysia 2GB 15Days + Free Stellar VPN",2,15,1.0520837600000001,0.526,,no
malaysia,"eSIMX","Malaysia 20GB 7Days",20,7,10.8,0.54,,yes
malaysia,"Stellar eSim","Malaysia 2GB/Day (nonhkip) + Free Stellar VPN",2,1,1.156136,0.578,,no
malaysia,"Stellar eSim","Malaysia 2GB/Day FUP1Mbps + Free Stellar VPN",2,1,1.1908200800000002,0.595,,no
malaysia,"ASIMGO","eSIM - Singapore - Malaysia -Thailand - 1 Day / Daily 500MB",0.5,1,0.3,0.6,,yes
malaysia,"Stellar eSim","Malaysia 2GB/Day + Free Stellar VPN",2,1,1.2139428,0.607,,no
malaysia,"MicroEsim","Malaysia eSIM - Umobile 5G - 1 Day / Daily 2GB",2,1,1.22,0.61,ESIMDB,yes
malaysia,"abesteSIM","eSIM Malaysia (5G) - 1 Day / Daily 2GB",2,1,1.228286487068076,0.614,,yes
malaysia,"Stellar eSim","Malaysia 2GB/Day FUP1Mbps (nonhkip) + Free Stellar VPN",2,1,1.2370655200000003,0.619,,no
malaysia,"abesteSIM","eSIM Malaysia &amp; Thailand - 1 Day / Daily 500MB",0.5,1,0.31293923237403215,0.626,,yes
malaysia,"MicroEsim","Malaysia eSIM 5G - Maxis, Celcom, Digi - 1 Day / Daily 2GB",2,1,1.26,0.63,ESIMDB,yes
malaysia,"Stellar eSim","Singapore &amp; Malaysia 2GB/Day + Free Stellar VPN",2,1,1.2601882400000002,0.63,,no
malaysia,"abesteSIM","eSIM Malaysia &amp; Thailand - 1 Day / Daily 2GB",2,1,1.275227371924181,0.638,,yes
malaysia,"MicroEsim","Singapore &amp; Malaysia &amp; Thailand eSIM 5G - 1 Day / Daily 2GB",2,1,1.3,0.65,ESIMDB,yes
malaysia,"Superalink","Malaysia - 1GB/day",1,1,0.67,0.67,,yes
malaysia,"ASIMGO","eSIM Malaysia (5G) - 1 Day / Daily 2GB",2,1,1.34,0.67,,yes
malaysia,"ESIM.DOG 🐶","⚡️ [5G] Asia (5 countries) - Best 5G Coverage (2GB/1Days) - Pink route",2,1,1.37,0.685,,no
malaysia,"abesteSIM","eSIM Southeast Asia (5 Countries) - 1 Day / Daily 2GB",2,1,1.3847561032550921,0.692,,yes
malaysia,"ASIMGO","eSIM - Singapore - Malaysia -Thailand - 1 Day / Daily 2GB",2,1,1.39,0.695,,yes
malaysia,"Stellar eSim","Singapore &amp; Malaysia &amp; Thailand 2GB/Day + Free Stellar VPN",2,1,1.4104859200000002,0.705,,no
malaysia,"RedEx eSIM","Unlimited Data - 1 Days (2 GB / 384 KBPS)",2,1,1.46,0.73,,no
malaysia,"MicroEsim","Southeast Asia eSIM 5 Countries - 1 Day / Daily 2GB",2,1,1.46,0.73,ESIMDB,yes
malaysia,"MicroEsim","Malaysia eSIM - Umobile 5G - 1 Day / Daily 1GB",1,1,0.74,0.74,,yes
malaysia,"MicroEsim","Malaysia eSIM 5G - Maxis, Celcom, Digi - 1 Day / Daily 1GB",1,1,0.74,0.74,,yes
malaysia,"Superalink","Malaysia - Regular",1,1,0.75,0.75,,yes
malaysia,"MicroEsim","Singapore &amp; Malaysia &amp; Thailand eSIM 5G - 1 Day / Daily 1GB",1,1,0.75,0.75,,yes
malaysia,"ASIMGO","eSIM Southeast Asia (5 Countries) - 1 Day / Daily 2GB",2,1,1.5,0.75,,yes
malaysia,"Stellar eSim","Malaysia 1GB 7Days + Free Stellar VPN",1,7,0.7514884000000001,0.751,,no
malaysia,"Superalink","Malaysia - Regular",1,3,0.77,0.77,,yes
malaysia,"TravelGator eSIM","Malaysia eSIM Roaming Data",1,1,0.7745246001257294,0.775,,no
malaysia,"Superalink","Malaysia - Regular",1,5,0.79,0.79,,yes
malaysia,"mobineX","Unlimited Standard",1,1,0.8,0.8,,yes
malaysia,"Superalink","Malaysia - Regular",1,7,0.82,0.82,,yes
malaysia,"Superalink","Malaysia - Regular",1,10,0.83,0.83,,yes
malaysia,"ChillaxSIM","Malaysia Total 20GB for 30 days",20,30,16.67,0.834,,yes
malaysia,"abesteSIM","eSIM Malaysia (5G, Local IP) - 1 Day / Daily 1GB",1,1,0.837112446600536,0.837,,yes
malaysia,"Stellar eSim","Malaysia 1GB/Day (nonhkip) + Free Stellar VPN",1,1,0.84397928,0.844,,no
malaysia,"Superalink","Malaysia - Regular",1,15,0.85,0.85,,yes
malaysia,"abesteSIM","eSIM Malaysia &amp; Thailand - 1 Day / Daily 1GB",1,1,0.8527594082192376,0.853,,yes
malaysia,"Stellar eSim","Malaysia 1GB/Day FUP1Mbps (nonhkip) + Free Stellar VPN",1,1,0.8555406400000001,0.856,,no
malaysia,"Stellar eSim","Malaysia 1GB/Day FUP1Mbps + Free Stellar VPN",1,1,0.8555406400000001,0.856,,no
malaysia,"MicroEsim","Malaysia eSIM 5G - Maxis, Celcom, Digi - 3 Days / Total 1GB",1,3,0.86,0.86,,yes
malaysia,"Superalink","Malaysia - Regular",1,20,0.86,0.86,,yes
malaysia,"ESIM.DOG 🐶","⚡️ [5G] U-Mobile Malaysia - Best 5G Coverage (1GB/30Days) - Black route",1,30,0.86,0.86,,yes
malaysia,"ESIM.DOG 🐶","⚡️ [5G] U-Mobile Malaysia - Best 5G Coverage (1GB/7Days) - Black route",1,7,0.86,0.86,,yes
malaysia,"ESIM.DOG 🐶","⚡️ [5G] U-Mobile Malaysia - Best 5G Coverage (1GB/3Days) - Black route",1,3,0.86,0.86,,yes
malaysia,"ESIM.DOG 🐶","⚡️ [5G] U-Mobile Malaysia - Best 5G Coverage (1GB/5Days) - Black route",1,5,0.86,0.86,,yes
malaysia,"abesteSIM","eSIM Southeast Asia (5 Countries) - 1 Day / Daily 500MB",0.5,1,0.4302914445142942,0.861,,yes
malaysia,"Superalink","Malaysia - Regular",1,30,0.87,0.87,,yes
malaysia,"ASIMGO","eSIM Southeast Asia (5 Countries) - 1 Day / Daily 500MB",0.5,1,0.44,0.88,,yes
malaysia,"MicroEsim","Singapore &amp; Malaysia &amp; Thailand eSIM 5G - 3 Days / Total 1GB",1,3,0.88,0.88,,yes
malaysia,"ESIM.DOG 🐶","⚡️ [5G] Asia (5 countries) - Best 5G Coverage (1.5GB/1Days) - Pink route",1.5,1,1.37,0.913,,no
malaysia,"abesteSIM","eSIM Asia+Europe 52 Regions - 1 Day / Daily 500MB",0.5,1,0.46158536775169734,0.923,,yes
malaysia,"Stellar eSim","Malaysia 1GB 7Days (nonhkip) + Free Stellar VPN",1,7,0.9364701600000002,0.936,,no
malaysia,"abesteSIM","eSIM Malaysia &amp; Thailand (Support TikTok) - 1 Day / Daily 500MB",0.5,1,0.46940884856104814,0.939,,yes
malaysia,"ASIMGO","eSIM Asia&amp;Europe - 52 Countries - 1 Day / Daily 500MB",0.5,1,0.47,0.94,,yes
malaysia,"MicroEsim","Malaysia eSIM 5G - Maxis, Celcom, Digi - 5 Days / Total 1GB",1,5,0.94,0.94,,yes
malaysia,"ASIMGO","eSIM Malaysia (5G, Local IP) - 1 Day / Daily 1GB",1,1,0.95,0.95,,yes
malaysia,"AlpineSIM","AlpineSIM Unlimited Malaysia eSIM - 1GB/Day / 1",1,1,0.9528590006925216,0.953,,yes
malaysia,"ASIMGO","eSIM Singapore - Malaysia - Thailand (Support TikTok) - 1 Day / Daily 500MB",0.5,1,0.48,0.96,,yes
malaysia,"Stellar eSim","Malaysia 1GB/Day + Free Stellar VPN",1,1,0.95959288,0.96,,no
malaysia,"ASIMGO","eSIM - Singapore - Malaysia -Thailand - 1 Day / Daily 1GB",1,1,0.96,0.96,,yes
malaysia,"MicroEsim","Singapore &amp; Malaysia &amp; Thailand eSIM 5G - 5 Days / Total 1GB",1,5,0.97,0.97,,yes
malaysia,"abesteSIM","eSIM Malaysia (5G) - 3 Days / Total 1GB",1,3,0.9779351011688504,0.978,,yes
malaysia,"ESIM.DOG 🐶","⚡️ [5G] Asia (5 countries) - Best 5G Coverage (1GB/1Days) - Pink route",1,1,0.98,0.98,,no
malaysia,"abesteSIM","eSIM Malaysia &amp; Thailand - 3 Days / Total 1GB",1,3,0.9857585819782012,0.986,,yes
malaysia,"AlpineSIM","AlpineSIM Malaysia eSIM - 1GB | 7Days",1,7,0.9899833773428797,0.99,,yes
malaysia,"MicroEsim","Southeast Asia eSIM 5 Countries - 1 Day / Daily 1GB",1,1,0.99,0.99,,yes
malaysia,"Voyasim","Malaysia 500MB 7Days",0.5,7,0.5,1,,yes
malaysia,"Instabridge","1 GB Malaysia eSIM Mobile Data Plan",1,7,1,1,,no
malaysia,"iRoamly","Singapore &amp; Malaysia &amp; Thailand-eSIM-1GB-1 Day-Daily",1,1,1,1,,yes
malaysia,"Orbit Mobile","Global Pass",1,1,1,1,,no
malaysia,"Stellar eSim","Singapore &amp; Malaysia &amp; Thailand 1GB 7Days + Free Stellar VPN",1,7,1.01739968,1.017,,no
malaysia,"Stellar eSim","Singapore &amp; Malaysia 1GB/Day + Free Stellar VPN",1,1,1.01739968,1.017,,no
malaysia,"MicroEsim","Malaysia eSIM 5G - Maxis, Celcom, Digi - 7 Days / Total 1GB",1,7,1.02,1.02,ESIMDB,yes
malaysia,"ESIM.DOG 🐶","⚡️ [5G] Asia (2 countries) - Best 5G Coverage (1GB/3Days) - Black route",1,3,1.02,1.02,,yes
malaysia,"ESIM.DOG 🐶","⚡️ [5G] Asia (2 countries) - Best 5G Coverage (1GB/5Days) - Black route",1,5,1.02,1.02,,yes
malaysia,"ESIM.DOG 🐶","⚡️ [5G] Asia (2 countries) - Best 5G Coverage (1GB/7Days) - Black route",1,7,1.02,1.02,,yes
malaysia,"Stellar eSim","Singapore &amp; Malaysia &amp; Thailand 1GB/Day + Free Stellar VPN",1,1,1.02896104,1.029,,no
malaysia,"eSIM4Travel","South Asia 5 (Singapore, Malaysia, Thailand, Indonesia, Vietnam) - 1GB/7Days",1,7,1.03,1.03,,yes
malaysia,"abesteSIM","eSIM Malaysia (5G, Local IP) - 5 Days / Total 1GB",1,5,1.0326994668343061,1.033,,yes
malaysia,"Yesim","South East Asia",0.5,1,0.5202612000000001,1.041,,yes
malaysia,"Yesim","Malaysia",0.5,1,0.5202612000000001,1.041,,yes
malaysia,"abesteSIM","eSIM Malaysia &amp; Thailand - 5 Days / Total 1GB",1,5,1.0483464284530077,1.048,,yes
malaysia,"ESIM888","Malaysia (1GB/7DAYS) (Throttling)",1,7,1.05,1.05,,no
malaysia,"YonoSIM","Malaysia 1GB/Day",1,1,1.05,1.05,,no
malaysia,"MicroEsim","Singapore &amp; Malaysia &amp; Thailand eSIM 5G - 7 Days / Total 1GB",1,7,1.06,1.06,ESIMDB,yes
malaysia,"abesteSIM","eSIM Southeast Asia (5 Countries) - 1 Day / Daily 1GB",1,1,1.0639933900717093,1.064,,yes
malaysia,"Billion Connect","Singapore &amp; Malaysia &amp; Indonesia eSIM 1 Day 1GB/Day",1,1,1.08,1.08,,yes
malaysia,"MicroEsim","Malaysia eSIM 5G - Maxis, Celcom, Digi - 10 Days / Total 1GB",1,10,1.09,1.09,ESIMDB,yes
malaysia,"MicroEsim","Malaysia eSIM - Umobile 5G - 5 Days / Total 1GB",1,5,1.09,1.09,ESIMDB,yes
malaysia,"MicroEsim","Malaysia eSIM - Umobile 5G - 7 Days / Total 1GB",1,7,1.09,1.09,ESIMDB,yes
malaysia,"ASIMGO","eSIM Malaysia (5G) - 3 Days / Total 1GB",1,3,1.09,1.09,,yes
malaysia,"abesteSIM","eSIM Malaysia (5G) - 7 Days / Total 1GB",1,7,1.0952873133091123,1.095,,yes
malaysia,"iRoamly","Singapore &amp; Malaysia &amp; Thailand-eSIM-1GB-3 Days-Total",1,3,1.1,1.1,,yes
malaysia,"mobineX","Unlimited Standard",1,1,1.1,1.1,,yes
malaysia,"ASIMGO","eSIM - Singapore - Malaysia -Thailand - 3 Days / Total 1GB",1,3,1.1,1.1,,yes
malaysia,"abesteSIM","eSIM Malaysia &amp; Thailand - 7 Days / Total 1GB",1,7,1.110934274927814,1.111,,yes
malaysia,"MicroEsim","Singapore &amp; Malaysia &amp; Thailand eSIM 5G - 10 Days / Total 1GB",1,10,1.12,1.12,ESIMDB,yes
malaysia,"abesteSIM","eSIM Malaysia (5G) - 10 Days / Total 1GB",1,10,1.1344047173558665,1.134,,yes
malaysia,"AlpineSIM","AlpineSIM Malaysia eSIM - 500MB | 7Days",0.5,7,0.5692404419721557,1.138,,yes
malaysia,"ASIMGO","eSIM Malaysia (5G, Local IP) - 5 Days / Total 1GB",1,5,1.15,1.15,,yes
malaysia,"abesteSIM","eSIM Malaysia &amp; Thailand - 10 Days / Total 1GB",1,10,1.1578751597839188,1.158,,yes
malaysia,"eSIM4Travel","Malaysia (Celcom, Digi) - 1GB/1Days",1,1,1.16,1.16,,yes
malaysia,"ASIMGO","eSIM - Singapore - Malaysia -Thailand - 5 Days / Total 1GB",1,5,1.16,1.16,,yes
malaysia,"MicroEsim","Malaysia eSIM - Umobile 5G - 2 Days / Daily 1GB",1,2,1.17,1.17,ESIMDB,yes
malaysia,"Superalink","Malaysia - 1GB/day",1,3,1.17,1.17,,yes
malaysia,"ASIMGO","eSIM Southeast Asia (5 Countries) - 1 Day / Daily 1GB",1,1,1.18,1.18,,yes
malaysia,"SimSmash","Malaysia 1GB for 7 Days",1,7,1.19,1.19,,yes
malaysia,"YonoSIM","Malaysia 1GB/Day (nonhkip)",1,1,1.19,1.19,,no
malaysia,"AdventureSIMs","Malaysia 1GB 7 Days",1,7,1.1946613545329534,1.195,,yes
malaysia,"abesteSIM","eSIM Malaysia (5G, Local IP) - 2 Days / Daily 1GB",1,2,1.1969925638306729,1.197,,yes
malaysia,"Ubigi","",10,30,12,1.2,,yes
malaysia,"MicroEsim","Malaysia eSIM - Umobile 5G - 1 Day / Daily 500MB",0.5,1,0.6,1.2,,yes
malaysia,"iRoamly","Singapore &amp; Malaysia &amp; Thailand-eSIM-1GB-5 Days-Total",1,5,1.2,1.2,,yes
malaysia,"MicroEsim","Malaysia eSIM 5G - Maxis, Celcom, Digi - 15 Days / Total 1GB",1,15,1.2,1.2,ESIMDB,yes
malaysia,"eSIM4Travel","Malaysia (Celcom, Digi) - 1GB/7Days",1,7,1.2,1.2,,yes
malaysia,"mobineX","Unlimited Standard",1,1,1.2,1.2,,yes
malaysia,"YonoSIM","Malaysia 1GB/Day FUP1Mbps",1,1,1.2,1.2,,no
malaysia,"abesteSIM","eSIM Global (66 Destinations) - 1 Day / Daily 500MB",0.5,1,0.6024080223200119,1.205,,yes
malaysia,"Billion Connect","Southeast Asia eSIM [5 Countries] 1 Day 1GB/Day",1,1,1.21,1.21,,yes
malaysia,"ASIMGO","eSIM Malaysia (5G) - 7 Days / Total 1GB",1,7,1.21,1.21,,yes
malaysia,"abesteSIM","eSIM Malaysia (5G) - 15 Days / Total 1GB",1,15,1.2126395254493745,1.213,,yes
malaysia,"Stellar eSim","Asia (7 areas) 1GB/Day + Free Stellar VPN",1,1,1.2139428,1.214,,no
malaysia,"SimSmash","Malaysia Daily Unlimited 1GB/day for 1 Days",1,1,1.22,1.22,,yes
malaysia,"ASIMGO","eSIM - Singapore - Malaysia -Thailand - 7 Days / Total 1GB",1,7,1.22,1.22,,yes
malaysia,"abesteSIM","eSIM Malaysia &amp; Thailand - 15 Days / Total 1GB",1,15,1.228286487068076,1.228,,yes
malaysia,"MicroEsim","Singapore &amp; Malaysia &amp; Thailand eSIM 5G - 15 Days / Total 1GB",1,15,1.24,1.24,ESIMDB,yes
malaysia,"Stellar eSim","Singapore &amp; Malaysia &amp; Thailand 500MB/Day + Free Stellar VPN",0.5,1,0.6243134400000001,1.249,,no
malaysia,"ASIMGO","eSIM Malaysia (5G) - 10 Days / Total 1GB",1,10,1.25,1.25,,yes
malaysia,"YonoSIM","Malaysia 1GB/Day FUP1Mbps (nonhkip)",1,1,1.25,1.25,,no
malaysia,"TravelGator eSIM","Malaysia eSIM Roaming Data",1,3,1.2517569294961286,1.252,,no
malaysia,"Superalink","Malaysia - 500MB/day",0.5,1,0.63,1.26,,yes
malaysia,"abesteSIM","eSIM Malaysia (5G) - 30 Days / Total 1GB",1,30,1.2595804103054793,1.26,,yes
malaysia,"MicroEsim","Malaysia eSIM 5G - Maxis, Celcom, Digi - 30 Days / Total 1GB",1,30,1.26,1.26,ESIMDB,yes
malaysia,"Horizon eSIM","Malaysia 1GB 7Days",1,7,1.2601882400000002,1.26,,no
malaysia,"ASIMGO","eSIM - Singapore - Malaysia -Thailand - 10 Days / Total 1GB",1,10,1.27,1.27,,yes
malaysia,"abesteSIM","eSIM Malaysia &amp; Thailand - 30 Days / Total 1GB",1,30,1.275227371924181,1.275,,yes
malaysia,"Stellar eSim","Asia (7 areas) 1GB 7Days + Free Stellar VPN",1,7,1.2833109600000001,1.283,,no
malaysia,"abesteSIM","eSIM Malaysia &amp; Thailand (Support TikTok) - 1 Day / Daily 1GB",1,1,1.2908743335428825,1.291,,yes
malaysia,"abesteSIM","eSIM Asia+Europe 52 Regions - 1 Day / Daily 1GB",1,1,1.2908743335428825,1.291,,yes
malaysia,"Stellar eSim","Singapore &amp; Malaysia &amp; Vietnam &amp; Thailand &amp; Indonesia 1GB/Day + Free Stellar VPN",1,1,1.2948723200000003,1.295,,no
malaysia,"ESIM.DOG 🐶","🎁 $0.65 + VPN | [5G] CelcomDigi/Maxis Malaysia - Best 5G Coverage (500MB/7Days) - Blue route",0.5,7,0.65,1.3,,yes
malaysia,"iRoamly","Singapore &amp; Malaysia &amp; Thailand-eSIM-1GB-7 Days-Total",1,7,1.3,1.3,,yes
malaysia,"EZsim","Malaysia - 1GB Daily / 1Days",1,1,1.3,1.3,,no
malaysia,"MicroEsim","Singapore &amp; Malaysia &amp; Thailand eSIM 5G - 30 Days / Total 1GB",1,30,1.3,1.3,ESIMDB,yes
malaysia,"Yatelo","MYS 1GB 7 Days",1,7,1.3,1.3,,yes
malaysia,"TravelGator eSIM","Malaysia eSIM Roaming Data",1,5,1.3143447759709348,1.314,,no
malaysia,"TravelGator eSIM","Malaysia eSIM Roaming Data",1,10,1.3143447759709348,1.314,,no
malaysia,"Superalink","Malaysia - Regular",0.5,1,0.66,1.32,,yes
malaysia,"YonoSIM","Malaysia 500MB/Day (nonhkip)",0.5,1,0.66,1.32,,no
malaysia,"Billion Connect","Global eSIM [19 Regions] 3 Days 1GB",1,3,1.32,1.32,,yes
malaysia,"TravelGator eSIM","Malaysia eSIM Roaming Data",1,7,1.3221682567802857,1.322,,no
malaysia,"TravelGator eSIM","Malaysia eSIM Roaming Data",1,15,1.3299917375896364,1.33,,no
malaysia,"SparkRoam","1 GB / 7 Days",1,7,1.33,1.33,,no
malaysia,"ASIMGO","eSIM Malaysia (5G) - 15 Days / Total 1GB",1,15,1.33,1.33,,yes
malaysia,"4S eSIM","Malaysia 1GB - 1 Day",1,1,1.33,1.33,,no
malaysia,"AlpineSIM","AlpineSIM Unlimited Singapore &amp; Malaysia eSIM - 1GB/Day / 1",1,1,1.3488523516296735,1.349,,yes
malaysia,"EZsim","Malaysia - 1GB/7Days",1,7,1.35,1.35,,no
malaysia,"ASIMGO","eSIM - Singapore - Malaysia -Thailand - 15 Days / Total 1GB",1,15,1.35,1.35,,yes
malaysia,"Superalink","Malaysia - Regular",0.5,3,0.68,1.36,,yes
malaysia,"AlpineSIM","AlpineSIM Unlimited Malaysia eSIM - 500MB/Day / 1",0.5,1,0.6806135719232298,1.361,,yes
malaysia,"AlpineSIM","AlpineSIM Unlimited Singapore &amp; Malaysia &amp; Thailand eSIM - 1GB/Day / 1",1,1,1.3612271438464596,1.361,,yes
malaysia,"ASIMGO","eSIM Malaysia (5G) - 30 Days / Total 1GB",1,30,1.37,1.37,,yes
malaysia,"4S eSIM","Malaysia 1GB - 5 Days",1,5,1.37,1.37,,no
malaysia,"Superalink","Malaysia - 500MB/day",0.5,3,0.69,1.38,,yes
malaysia,"SparkRoam","1 GB / 7 Days",1,7,1.38,1.38,,no
malaysia,"Textr eSIM","Malaysia 1GB",1,7,1.39,1.39,,no
malaysia,"ASIMGO","eSIM - Singapore - Malaysia -Thailand - 30 Days / Total 1GB",1,30,1.39,1.39,,yes
malaysia,"Jetpac","Malaysia 10GB",10,7,14,1.4,ESIMDB15,no
malaysia,"Superalink","Malaysia - Regular",0.5,5,0.7,1.4,,yes
malaysia,"MicroEsim","Malaysia eSIM 5G - Maxis, Celcom, Digi - 1 Day / Daily 500MB",0.5,1,0.7,1.4,,yes
malaysia,"ESIM.DOG 🐶","🎁 $0.70 + VPN | [5G] U-Mobile Malaysia - Best 5G Coverage (500MB/1Days) - Black route",0.5,1,0.7,1.4,,yes
malaysia,"iRoamly","Singapore &amp; Malaysia &amp; Thailand-eSIM-1GB-10 Days-Total",1,10,1.4,1.4,,yes
malaysia,"voilà","",1,7,1.4,1.4,,yes
malaysia,"Esimglobe","eSIM Malaysia Unlimited Malaysia 1GB/Day / 1",1,1,1.4,1.4,,no
malaysia,"4S eSIM","Malaysia 1GB - 7 Days",1,7,1.4,1.4,,no
malaysia,"ASIMGO","eSIM Singapore - Malaysia - Thailand (Support TikTok) - 1 Day / Daily 1GB",1,1,1.41,1.41,,yes
malaysia,"ASIMGO","eSIM Asia&amp;Europe - 52 Countries - 1 Day / Daily 1GB",1,1,1.41,1.41,,yes
malaysia,"MicroEsim","Singapore &amp; Malaysia &amp; Thailand eSIM 5G - 1 Day / Daily 500MB",0.5,1,0.71,1.42,,yes
malaysia,"RedEx eSIM","1 GB - 7 Days",1,7,1.42,1.42,,no
malaysia,"Billion Connect","Malaysia eSIM 1 Day 1GB/Day",1,1,1.43,1.43,,yes
malaysia,"Billion Connect","Malaysia eSIM 3 Days 1GB",1,3,1.43,1.43,,yes
malaysia,"Billion Connect","Southeast Asia eSIM [5 Countries] 3 Days 1GB",1,3,1.43,1.43,,yes
malaysia,"abesteSIM","eSIM Malaysia (5G, Local IP) - 3 Days / Daily 1GB",1,3,1.431696988111197,1.432,,yes
malaysia,"MicroEsim","Malaysia eSIM - Umobile 5G - 1 Day / Daily 300MB",0.3,1,0.43,1.433,,yes
malaysia,"Superalink","Malaysia - Regular",0.5,7,0.72,1.44,,yes
malaysia,"ESIM.DOG 🐶","⚡️ [5G] Asia (3 countries) - Best 5G Coverage (1GB/1Days) - Pink route",1,1,1.44,1.44,,no
malaysia,"Connect Me Guru","Malaysia 1GB 7Days",1,7,1.45,1.45,,yes
malaysia,"Connect Me Guru","Malaysia 1GB/Day",1,1,1.45,1.45,,yes
malaysia,"Hiroaming","Malaysia 500MB 7Days",0.5,7,0.73,1.46,,no
malaysia,"MoodSIM","Malaysia 1 GB 7 Days",1,7,1.49,1.49,,yes
malaysia,"MoodSIM","Malaysia Unlimited (1 GB/day, then 512 Kbps) 1 Day",1,1,1.49,1.49,,yes
malaysia,"YonoSIM","Singapore &amp; Malaysia 1GB/Day",1,1,1.49,1.49,,no
malaysia,"ESIM.DOG 🐶","🎁 $0.75 + VPN | [5G] U-Mobile Malaysia - Best 5G Coverage (500MB/7Days) - Black route",0.5,7,0.75,1.5,,yes
malaysia,"YonoSIM","Malaysia 500MB/Day",0.5,1,0.75,1.5,,no
malaysia,"iRoamly","Malaysia-eSIM-1GB-1 Day-Daily",1,1,1.5,1.5,,yes
malaysia,"Horizon eSIM","Malaysia 500MB 7Days",0.5,7,0.79773384,1.595,,no
malaysia,"Esimglobe","eSIM Malaysia Unlimited Malaysia 500MB/Day / 1",0.5,1,0.8,1.6,,no
malaysia,"ESIM.DOG 🐶","🎁 $0.80 + VPN | [5G] U-Mobile Malaysia - Best 5G Coverage (500MB/30Days) - Black route",0.5,30,0.8,1.6,,yes
malaysia,"AlpineSIM","AlpineSIM Unlimited Singapore &amp; Malaysia &amp; Thailand eSIM - 500MB/Day / 1",0.5,1,0.8043614940910897,1.609,,yes
malaysia,"SimSmash","Malaysia Daily Unlimited 0.49GB/day for 1 Days",0.49,1,0.79,1.612,,yes
malaysia,"abesteSIM","eSIM Global (23 Destinations) - 1 Day / Daily 500MB",0.5,1,0.8136420041724836,1.627,,yes
malaysia,"abesteSIM","eSIM Asia (27 Regions, Support Tiktok) - 1 Day / Daily 500MB",0.5,1,0.8136420041724836,1.627,,yes
malaysia,"ASIMGO","eSIM Asia (26 Regions, Support Tiktok) - 1 Day / Daily 500MB",0.5,1,0.85,1.7,,yes
malaysia,"ESIM.DOG 🐶","🎁 $0.85 + VPN | Best Coverage in Malaysia (500MB/1Days) - Pink route",0.5,1,0.85,1.7,,no
malaysia,"Stellar eSim","Malaysia 500MB/Day (nonhkip) + Free Stellar VPN",0.5,1,0.8555406400000001,1.711,,no
malaysia,"Stellar eSim","Malaysia 500MB/Day + Free Stellar VPN",0.5,1,0.8555406400000001,1.711,,no
malaysia,"Stellar eSim","Malaysia 500MB 7Days + Free Stellar VPN",0.5,7,0.8555406400000001,1.711,,no
malaysia,"ESIM.DOG 🐶","⚡️ Best Coverage in Malaysia (500MB/3Days) - Yellow route",0.5,3,0.86,1.72,,no
malaysia,"abesteSIM","eSIM Malaysia (5G, Local IP) - 1 Day / Daily 300MB",0.3,1,0.5163497334171531,1.721,,yes
malaysia,"MicroEsim","Southeast Asia eSIM 5 Countries - 1 Day / Daily 500MB",0.5,1,0.88,1.76,,yes
malaysia,"MicroEsim","Malaysia eSIM - Umobile 5G - 2 Days / Daily 300MB",0.3,2,0.53,1.767,,yes
malaysia,"MicroEsim","Malaysia eSIM - Umobile 5G - 2 Days / Daily 500MB",0.5,2,0.89,1.78,,yes
malaysia,"Esimglobe","eSIM Singapore &amp; Malaysia &amp; Thailand Unlimited Singapore &amp; Malaysia &amp; Thailand 500MB/Day / 1",0.5,1,0.9,1.8,,no
malaysia,"YonoSIM","Singapore &amp; Malaysia &amp; Thailand 500MB/Day",0.5,1,0.9,1.8,,no
malaysia,"Hiroaming","Malaysia 500MB/Day",0.5,1,0.91,1.82,,no
malaysia,"Stellar eSim","Asia (7 areas) 500MB/Day + Free Stellar VPN",0.5,1,0.95959288,1.919,,no
malaysia,"abesteSIM","eSIM Malaysia (5G, Local IP) - 2 Days / Daily 500MB",0.5,2,0.9857585819782012,1.972,,yes
malaysia,"Earth Esim","500MB/1 Day Malaysia 5G eSIM",0.5,1,0.99,1.98,,yes
malaysia,"Lumbus","Malaysia 500MB 7Days",0.5,7,0.99,1.98,,no
malaysia,"Lumbus","Singapore &amp; Malaysia &amp; Thailand 50",0.5,1,0.99,1.98,,no
malaysia,"esimzon","Malaysia 500MB 1Day",0.5,30,1,2,,no
malaysia,"Connect Me Guru","Malaysia 500MB 7Days",0.5,7,1,2,,yes
malaysia,"ESIM.DOG 🐶","⚡️ [5G] Asia (2 countries) - Best 5G Coverage (500MB/3Days) - Black route",0.5,3,1.02,2.04,,yes
malaysia,"ESIM.DOG 🐶","⚡️ [5G] Asia (2 countries) - Best 5G Coverage (500MB/5Days) - Black route",0.5,5,1.02,2.04,,yes
malaysia,"ESIM.DOG 🐶","⚡️ [5G] Asia (2 countries) - Best 5G Coverage (500MB/7Days) - Black route",0.5,7,1.02,2.04,,yes
malaysia,"Wiiline","for Malaysia 1 Days 0.49GB 490 MB",0.49,1,1.01,2.061,,no
malaysia,"MicroEsim","Malaysia eSIM - Umobile 5G - 3 Days / Daily 300MB",0.3,3,0.63,2.1,,yes
malaysia,"Connect Me Guru","Malaysia 500MB/Day (nonhkip)",0.5,1,1.06,2.12,,yes
malaysia,"ASIMGO","eSIM Malaysia (5G, Local IP) - 2 Days / Daily 500MB",0.5,2,1.08,2.16,,yes
malaysia,"Superalink","Malaysia - 500MB/day",0.5,5,1.09,2.18,,yes
malaysia,"Voyasim","Malaysia 500MB/Day (nonhkip)",0.5,1,1.1,2.2,,yes
malaysia,"MicroEsim","Malaysia eSIM - Umobile 5G - 3 Days / Daily 500MB",0.5,3,1.11,2.22,ESIMDB,yes
malaysia,"Connect Me Guru","Malaysia 500MB/Day",0.5,1,1.15,2.3,,yes
malaysia,"abesteSIM","eSIM Malaysia (5G) - 3 Days / Daily 500MB",0.5,3,1.150051678974568,2.3,,yes
malaysia,"abesteSIM","eSIM Asia (10 Regions) - 1 Day / Total 200MB",0.2,1,0.46940884856104814,2.347,,yes
malaysia,"Voyasim","Malaysia 500MB/Day",0.5,1,1.2,2.4,,yes
malaysia,"Billion Connect","Southeast Asia eSIM [5 Countries] 1 Day 500MB/Day",0.5,1,1.21,2.42,,yes
malaysia,"AlpineSIM","AlpineSIM Unlimited Asia (7 areas) eSIM - 500MB/Day / 1",0.5,1,1.2127296372450274,2.425,,yes
malaysia,"MicroEsim","Malaysia eSIM 5G - Maxis, Celcom, Digi - 3 Days / Daily 500MB",0.5,3,1.26,2.52,ESIMDB,yes
malaysia,"Stellar eSim","Asia (20 areas) 500MB/Day + Free Stellar VPN",0.5,1,1.2601882400000002,2.52,,no
malaysia,"ASIMGO","eSIM Malaysia (5G) - 3 Days / Daily 500MB",0.5,3,1.27,2.54,,yes
malaysia,"abesteSIM","eSIM Malaysia &amp; Thailand - 3 Days / Daily 500MB",0.5,3,1.275227371924181,2.55,,yes
malaysia,"Connect Me Guru","Singapore &amp; Malaysia &amp; Thailand 500MB/Day",0.5,1,1.3,2.6,,no
malaysia,"MicroEsim","Singapore &amp; Malaysia &amp; Thailand eSIM 5G - 3 Days / Daily 500MB",0.5,3,1.3,2.6,ESIMDB,yes
malaysia,"ESIM.DOG 🐶","⚡️ [5G] Asia (18 countries) - Best 5G Coverage (500MB/3Days) - Yellow route",0.5,3,1.31,2.62,,yes
malaysia,"Stellar eSim","Asia (12 areas) 500MB/Day + Free Stellar VPN",0.5,1,1.34111776,2.682,,no
malaysia,"YonoSIM","Asia (7 areas) 500MB/Day",0.5,1,1.35,2.7,,no
malaysia,"ESIM.DOG 🐶","⚡️ [5G] Asia (2 countries) - Best 5G Coverage (500MB/1Days) - Black route",0.5,1,1.37,2.74,,yes
malaysia,"ESIM.DOG 🐶","⚡️ [5G] CelcomDigi/Maxis Malaysia - Best 5G Coverage (500MB/1Days) - Blue route",0.5,1,1.38,2.76,,yes
malaysia,"Soovia eSIM","Malaysia 500MB 7 Days",0.5,7,1.4,2.8,,yes
malaysia,"ESIM.DOG 🐶","⚡️ [5G] Asia (5 countries) - Best 5G Coverage (500MB/1Days) - Pink route",0.5,1,1.45,2.9,,no
malaysia,"abesteSIM","eSIM Malaysia (5G) - 5 Days / Daily 500MB",0.5,5,1.4629909113486002,2.926,,yes
malaysia,"merdata","eSIM Malaysia 500 MB 7 days",0.5,7,1.471768269229895,2.944,,no
malaysia,"abesteSIM","eSIM Southeast Asia (5 Countries) - 3 Days / Daily 500MB",0.5,3,1.4864613537766524,2.973,,yes
malaysia,"MoodSIM","Malaysia Unlimited (500 MB/day, then 512 Kbps) 1 Day",0.5,1,1.49,2.98,,yes
malaysia,"Earth Esim","500MB/1 Day SG, TH &amp; MY 5G",0.5,1,1.49,2.98,,yes
malaysia,"MoodSIM","SEA Trio Unlimited (500 MB/day, then 128 Kbps) 1 Day",0.5,1,1.49,2.98,,yes
malaysia,"ESIM.DOG 🐶","⚡️ Best Coverage in Malaysia (200MB/30Days) - Yellow route",0.2,30,0.61,3.05,,no
malaysia,"Horizon eSIM","Malaysia 100MB 7Days",0.1,7,0.31215672000000005,3.122,,no
malaysia,"Simsima","Malaysia 100MB 7Days",0.1,7,0.4,4,,yes
malaysia,"AlpineSIM","AlpineSIM Malaysia eSIM - 100MB | 7Days",0.1,7,0.4207429353707238,4.207,,yes
malaysia,"Voyasim","Malaysia 100MB 7Days",0.1,7,0.5,5,,yes
malaysia,"MicroEsim","Asia eSIM 10 Regions - Support TikTok - 1 Day / Total 200MB",0.2,1,1.01,5.05,ESIMDB,yes
malaysia,"ESIM.DOG 🐶","🎁 $0.53 + VPN | [5G] U-Mobile Malaysia - Best 5G Coverage (100MB/1Days) - Black route",0.1,1,0.53,5.3,,yes
malaysia,"Hiroaming","Malaysia 100MB 7Days",0.1,7,0.54,5.4,,no
malaysia,"ESIM.DOG 🐶","🎁 $0.55 + VPN | [5G] U-Mobile Malaysia - Best 5G Coverage (100MB/30Days) - Black route",0.1,30,0.55,5.5,,yes
malaysia,"ESIM.DOG 🐶","🎁 $0.60 + VPN | [5G] U-Mobile Malaysia - Best 5G Coverage (100MB/90Days) - Black route",0.1,90,0.6,6,,yes
malaysia,"Superalink","Malaysia - Regular",0.1,1,0.63,6.3,,yes
malaysia,"Superalink","Malaysia - Regular",0.1,3,0.65,6.5,,yes
malaysia,"Superalink","Malaysia - Regular",0.1,5,0.67,6.7,,yes
malaysia,"Superalink","Malaysia - Regular",0.1,7,0.69,6.9,,yes
malaysia,"Connect Me Guru","Malaysia 100MB 7Days",0.1,7,0.85,8.5,,yes
malaysia,"Stellar eSim","Malaysia 100MB 7Days + Free Stellar VPN",0.1,7,0.8555406400000001,8.555,,no
malaysia,"Roamix","Malaysia 100MB 1Days",0.1,1,0.95,9.5,,yes
malaysia,"Roamix","Malaysia 100MB 3Days",0.1,3,0.95,9.5,,yes
malaysia,"Roamix","Malaysia 100MB 5Days",0.1,5,0.95,9.5,,yes
malaysia,"Roamix","Malaysia 100MB 7Days",0.1,7,0.95,9.5,,yes
malaysia,"Keepgo","Norm",0.1,0,1,10,,yes
malaysia,"Journey Esims","Malaysia 100 MB · 1 day",0.1,1,1,10,,no
malaysia,"Journey Esims","Regional (10 countries) 100 MB · 1 day",0.1,1,1,10,,no
malaysia,"Zwitchy","Malaysia · 100 MB · 1 day",0.1,1,1,10,,yes
malaysia,"ESIM.DOG 🐶","⚡️ [5G] Asia (2 countries) - Best 5G Coverage (100MB/3Days) - Black route",0.1,3,1.02,10.2,,yes
malaysia,"ESIM.DOG 🐶","⚡️ [5G] Asia (2 countries) - Best 5G Coverage (100MB/5Days) - Black route",0.1,5,1.02,10.2,,yes
malaysia,"ESIM.DOG 🐶","⚡️ [5G] Asia (2 countries) - Best 5G Coverage (100MB/7Days) - Black route",0.1,7,1.02,10.2,,yes
malaysia,"ESIM.DOG 🐶","⚡️ [5G] Asia (2 countries) - Best 5G Coverage (100MB/1Days) - Black route",0.1,1,1.25,12.5,,yes
malaysia,"DashRoam","Malaysia 100MB 7Days",0.1,7,1.45,14.5,,yes
mexico,"ESIM.DOG 🐶","⚡️ Altan Mexico - Best Coverage (3GB/1Days) - Black route",3,1,2.44,0.813,,no
mexico,"Superalink","Mexico - 3GB/day",3,1,2.45,0.817,,yes
mexico,"Orange Travel","Mexico 20GB",20,30,17.99,0.899,,no
mexico,"ESIM.DOG 🐶","⚡️ Altan Mexico - Best Coverage (2GB/1Days) - Black route",2,1,1.86,0.93,,no
mexico,"Stellar eSim","Mexico 2GB/Day + Free Stellar VPN",2,1,1.8729403200000003,0.936,,no
mexico,"ESIM.DOG 🐶","⚡️ Altan Mexico - Best Coverage (1GB/1Days) - Black route",1,1,1.11,1.11,,no
mexico,"Superalink","Mexico - 1GB/day",1,1,1.12,1.12,,yes
mexico,"ESIM.DOG 🐶","⚡️ North America (3 countries) - Best Coverage (500MB/1Days) - Green route",0.5,1,0.57,1.14,,no
mexico,"ESIM.DOG 🐶","⚡️ Altan Mexico - Best Coverage (1GB/7Days) - Black route",1,7,1.18,1.18,,no
mexico,"ESIM.DOG 🐶","⚡️ Altan Mexico - Best Coverage (1GB/3Days) - Black route",1,3,1.18,1.18,,no
mexico,"ESIM.DOG 🐶","⚡️ Altan Mexico - Best Coverage (1GB/5Days) - Black route",1,5,1.18,1.18,,no
mexico,"nadanada","eSIM, 1GB, 7 Days, North America",1,7,1.19,1.19,,no
mexico,"Stellar eSim","Mexico 1GB/Day + Free Stellar VPN",1,1,1.2023814400000001,1.202,,no
mexico,"Stellar eSim","Mexico 1GB 7Days + Free Stellar VPN",1,7,1.2370655200000003,1.237,,no
mexico,"ESIM.DOG 🐶","⚡️ [5G] AT&amp;T/Telcel Mexico - Best 5G Coverage (500MB/1Days) - Blue route",0.5,1,0.62,1.24,,yes
mexico,"ESIM.DOG 🐶","⚡️ Altan Mexico - Best Coverage (500MB/1Days) - Black route",0.5,1,0.62,1.24,,no
mexico,"EtravelSIM","Mexico eSIM 20 GB - 30 Days",20,30,24.99,1.249,,no
mexico,"Superalink","Mexico - 500MB/day",0.5,1,0.63,1.26,,yes
mexico,"abesteSIM","eSIM North America (US &amp; Canada &amp; Mexico) 5G - 1 Day / Daily 500MB",0.5,1,0.6571723879854674,1.314,,yes
mexico,"ESIM.DOG 🐶","⚡️ [5G] North America (3 countries) - Best 5G Coverage (1.5GB/1Days) - Blue route",1.5,1,2.12,1.413,,yes
mexico,"Stellar eSim","Mexico 2GB 15Days + Free Stellar VPN",2,15,2.92502408,1.463,,no
mexico,"abesteSIM","eSIM North America (US &amp; Canada &amp; Mexico) 5G - 1 Day / Daily 2GB",2,1,2.933805303506551,1.467,,yes
mexico,"Breeze","Mexico",10,30,14.99,1.499,,yes
mexico,"ESIM.DOG 🐶","⚡️ Best Coverage in Mexico (2GB/1Days) - Pink route",2,1,3.07,1.535,,no
mexico,"ESIM.DOG 🐶","⚡️ [5G] North America (3 countries) - Best 5G Coverage (2GB/1Days) - Pink route",2,1,3.07,1.535,,no
mexico,"Superalink","Mexico - Regular",1,1,1.54,1.54,,yes
mexico,"Superalink","Mexico - Regular",2,1,3.08,1.54,,yes
mexico,"Stellar eSim","North America 1GB/Day + Free Stellar VPN",1,1,1.5492222400000002,1.549,,no
mexico,"Nomad","Local Mexico - 30 Days - 10 GB",10,30,15.5,1.55,ESIMDB3,yes
mexico,"Superalink","Mexico - Regular",0.5,1,0.79,1.58,,yes
mexico,"Superalink","Mexico - Regular",1,3,1.58,1.58,,yes
mexico,"ESIM.DOG 🐶","⚡️ Altan Mexico - Best Coverage (1GB/30Days) - Black route",1,30,1.58,1.58,,no
mexico,"Stellar eSim","North America 1GB 30Days + Free Stellar VPN",1,30,1.59546768,1.595,,no
mexico,"Superalink","Mexico - Regular",1,5,1.61,1.61,,yes
mexico,"ESIM.DOG 🐶","⚡️ Altan Mexico - Best Coverage (500MB/3Days) - Black route",0.5,3,0.81,1.62,,no
mexico,"Superalink","Mexico - Regular",0.5,3,0.82,1.64,,yes
mexico,"Superalink","Mexico - Regular",1,7,1.64,1.64,,yes
mexico,"Stellar eSim","North America 1GB 7Days + Free Stellar VPN",1,7,1.6417131200000001,1.642,,no
mexico,"ESIM.DOG 🐶","⚡️ Altan Mexico - Best Coverage (500MB/5Days) - Black route",0.5,5,0.83,1.66,,no
mexico,"Superalink","Mexico - Regular",1,10,1.66,1.66,,yes
mexico,"Stellar eSim","North America 1GB/Day FUP1Mbps + Free Stellar VPN",1,1,1.6763972,1.676,,no
mexico,"Superalink","Mexico - Regular",0.5,5,0.84,1.68,,yes
mexico,"Superalink","Mexico - Regular",1,15,1.69,1.69,,yes
mexico,"Superalink","Mexico - Regular",1,20,1.7,1.7,,yes
mexico,"abesteSIM","eSIM Mexico - 1 Day / Daily 1GB",1,1,1.7133422972478258,1.713,,yes
mexico,"ESIM.DOG 🐶","⚡️ [5G] AT&amp;T/Telcel Mexico - Best 5G Coverage (500MB/7Days) - Blue route",0.5,7,0.86,1.72,,yes
mexico,"ESIM.DOG 🐶","⚡️ Altan Mexico - Best Coverage (500MB/7Days) - Black route",0.5,7,0.86,1.72,,no
mexico,"Superalink","Mexico - Regular",1,30,1.72,1.72,,yes
mexico,"Superalink","Mexico - Regular",0.5,7,0.87,1.74,,yes
mexico,"Stellar eSim","Mexico 1GB/Day FUP1Mbps + Free Stellar VPN",1,1,1.7573267200000002,1.757,,no
mexico,"abesteSIM","eSIM North America (US &amp; Canada &amp; Mexico) 5G - 1 Day / Daily 1GB",1,1,1.7602831821039306,1.76,,yes
mexico,"ESIM.DOG 🐶","⚡️ [5G] Global (202 countries) - Best 5G Coverage (1GB/5Days) - Yellow route",1,5,1.79,1.79,,yes
mexico,"ESIM.DOG 🐶","⚡️ [5G] Latin America (2 countries) - Best 5G Coverage (1GB/1Days) - Black route",1,1,1.79,1.79,,yes
mexico,"ESIM.DOG 🐶","⚡️ [5G] Latin America (2 countries) - Best 5G Coverage (1GB/3Days) - Black route",1,3,1.79,1.79,,yes
mexico,"ESIM.DOG 🐶","⚡️ [5G] Latin America (2 countries) - Best 5G Coverage (1GB/5Days) - Black route",1,5,1.79,1.79,,yes
mexico,"ESIM.DOG 🐶","⚡️ [5G] Latin America (2 countries) - Best 5G Coverage (1GB/7Days) - Black route",1,7,1.79,1.79,,yes
mexico,"eSIM4Travel","Global 72 - 1GB/7Days",1,7,1.8,1.8,,yes
mexico,"ASIMGO","eSIM Mexico - 1 Day / Daily 1GB",1,1,1.82,1.82,,yes
mexico,"ASIMGO","eSIM North America (US &amp; Canada &amp; Mexico) - 1 Day / Daily 1GB",1,1,1.85,1.85,,yes
mexico,"Stellar eSim","Mexico 500MB 7Days + Free Stellar VPN",0.5,7,0.9364701600000002,1.873,,no
mexico,"MicroEsim","Mexico eSIM 5G - 1 Day / Daily 1GB",1,1,1.91,1.91,ESIMDB,yes
mexico,"Stellar eSim","Mexico 500MB/Day + Free Stellar VPN",0.5,1,0.9827156,1.965,,no
mexico,"Stellar eSim","North America (3 areas) 750MB 7Days + Free Stellar VPN",0.75,7,1.4798540800000002,1.973,,no
mexico,"MicroEsim","North America (US &amp; Canada &amp; Mexico) eSIM 5G - 1 Day / Daily 1GB",1,1,1.98,1.98,ESIMDB,yes
mexico,"SparkRoam","1 GB / 7 Days",1,7,2,2,,no
mexico,"AlpineSIM","AlpineSIM Unlimited Mexico eSIM - 1GB/Day / 1",1,1,2.017091131336117,2.017,,yes
mexico,"ASIMGO","eSIM Mexico - 1 Day / Total 200MB",0.2,1,0.41,2.05,,yes
mexico,"ASIMGO","eSIM North America (US &amp; Canada &amp; Mexico) - 1 Day / Total 200MB",0.2,1,0.42,2.1,,yes
mexico,"SimSmash","Mexico Daily Unlimited 1GB/day for 1 Days",1,1,2.11,2.11,,yes
mexico,"Stellar eSim","North America 500MB/Day + Free Stellar VPN",0.5,1,1.06364512,2.127,,no
mexico,"AlpineSIM","AlpineSIM Mexico eSIM - 1GB | 7Days",1,7,2.177963430154335,2.178,,yes
mexico,"eSIM4Travel","Mexico (Movistar) - 1GB/1Days",1,1,2.2,2.2,,no
mexico,"mobineX","Unlimited Standard",1,1,2.2,2.2,,yes
mexico,"mobineX","Unlimited Standard",1,1,2.2,2.2,,yes
mexico,"ESIM888","Mexico (1GB/7DAYS)",1,7,2.2,2.2,,no
mexico,"EZsim","Mexico - 1GB/7Days",1,7,2.25,2.25,,no
mexico,"YonoSIM","Mexico 1GB/Day",1,1,2.25,2.25,,no
mexico,"Stellar eSim","North America 1.5GB/Day + Free Stellar VPN",1,1,2.2660265600000002,2.266,,no
mexico,"ESIM.DOG 🐶","⚡️ [5G] AT&amp;T/Telcel Mexico - Best 5G Coverage (1GB/1Days) - Blue route",1,1,2.28,2.28,,yes
mexico,"SimSmash","Mexico 1GB for 7 Days",1,7,2.29,2.29,,yes
mexico,"ESIM.DOG 🐶","⚡️ Best Coverage in Mexico (1GB/7Days) - Green route",1,7,2.29,2.29,,no
mexico,"ESIM.DOG 🐶","⚡️ North America (3 countries) - Best Coverage (1GB/7Days) - Green route",1,7,2.29,2.29,,no
mexico,"Esimglobe","eSIM Mexico Unlimited Mexico 1GB/Day / 1",1,1,2.3,2.3,,no
mexico,"eSimy","Mexico - 1 GB - 7 Days",1,7,2.30071064,2.301,,no
mexico,"ESIM.DOG 🐶","⚡️ [5G] AT&amp;T/Telcel Mexico - Best 5G Coverage (1GB/7Days) - Blue route",1,7,2.32,2.32,,yes
mexico,"ESIM.DOG 🐶","⚡️ Best Coverage in Mexico (1GB/1Days) - Pink route",1,1,2.33,2.33,,no
mexico,"ESIM.DOG 🐶","⚡️ [5G] North America (3 countries) - Best 5G Coverage (1GB/1Days) - Pink route",1,1,2.33,2.33,,no
mexico,"abesteSIM","eSIM North America (US &amp; Canada &amp; Mexico) 5G - 1 Day / Total 200MB",0.2,1,0.46940884856104814,2.347,,yes
mexico,"4S eSIM","Global 1GB - 1 Day",1,1,2.35,2.35,,no
mexico,"4S eSIM","North America 1GB - 1 Day",1,1,2.38,2.38,,no
mexico,"LATAM Travellers","Mexico eSIM - 1GB / Day",1,1,2.38,2.38,,no
mexico,"Ozly eSIM","Mexico 1GB 7Days",1,7,2.4,2.4,,yes
mexico,"Billion Connect","USA &amp; Canada &amp; Mexico eSIM 1 Day 1GB/Day",1,1,2.43,2.43,,yes
mexico,"ESIM.DOG 🐶","⚡️ Latin America (11 countries) - Best Coverage (500MB/1Days) - Green route",0.5,1,1.22,2.44,,no
mexico,"ESIM.DOG 🐶","⚡️ [5G] Latin America (11 countries) - Best 5G Coverage (500MB/1Days) - Pink route",0.5,1,1.22,2.44,,no
mexico,"ESIM.DOG 🐶","⚡️ [5G] Latin America (2 countries) - Best 5G Coverage (500MB/1Days) - Black route",0.5,1,1.22,2.44,,yes
mexico,"4S eSIM","Global 1GB - 5 Days",1,5,2.45,2.45,,no
mexico,"abesteSIM","eSIM America (20 Destinations) - 1 Day / Daily 500MB",0.5,1,1.236109967877427,2.472,,yes
mexico,"4S eSIM","North America-5 Days-1GB",1,5,2.48,2.48,,no
mexico,"Giga.Tel","Mexico – 1GB ($2.49) – 7 Days – Free VPN",1,7,2.49,2.49,,yes
mexico,"AlpineSIM","AlpineSIM Mexico eSIM - 500MB | 7Days",0.5,7,1.2498540138953855,2.5,,yes
mexico,"iRoamly","Mexico-eSIM-1GB-1 Day-Daily",1,1,2.5,2.5,,yes
mexico,"Airhub","Mexico 1GB 7Days",1,7,2.5,2.5,,yes
mexico,"Journey Esims","Mexico 1 GB · 1 day",1,1,2.5,2.5,,no
mexico,"ESIM.DOG 🐶","⚡️ [5G] Global (202 countries) - Best 5G Coverage (1GB/7Days) - Yellow route",1,7,2.54,2.54,,yes
mexico,"AlpineSIM","AlpineSIM Unlimited North America eSIM - 1GB/Day / 1",1,1,2.549207196657915,2.549,,yes
mexico,"4S eSIM","Global 1GB - 7 Days",1,7,2.55,2.55,,no
mexico,"Giga.Tel","Mexico – 1GB – 1 Day – Free VPN",1,1,2.55,2.55,,yes
mexico,"4S eSIM","North America 1GB - 7 Days",1,7,2.58,2.58,,no
mexico,"ESIM.DOG 🐶","⚡️ [5G] North America (3 countries) - Best 5G Coverage (1GB/1Days) - Blue route",1,1,2.59,2.59,,yes
mexico,"GoMoWorld","Mexico",5,30,12.99,2.598,,no
mexico,"AlpineSIM","AlpineSIM Unlimited Mexico eSIM - 500MB/Day / 1",0.5,1,1.2993531827625295,2.599,,yes
mexico,"ASIMGO","eSIM America (20 Destinations) - 1 Day / Daily 500MB",0.5,1,1.31,2.62,,yes
mexico,"ESIM.DOG 🐶","⚡️ [5G] Latin America (11 countries) - Best 5G Coverage (1GB/1Days) - Pink route",1,1,2.63,2.63,,no
mexico,"nextSIM","eSIM North America 1GB 7Days Economy",1,7,2.63599008,2.636,,yes
mexico,"nextSIM","eSIM Mexico 1GB 7Days Economy",1,7,2.63599008,2.636,,yes
mexico,"Billion Connect","Americas eSIM [11 Regions] 1 Day 1GB/Day",1,1,2.64,2.64,,yes
mexico,"LATAM Travellers","Mexico eSIM - 1GB / 7 Days",1,7,2.64,2.64,,no
mexico,"Connect Me Guru","Mexico 1GB/Day",1,1,2.65,2.65,,yes
mexico,"eSIM4Travel","Mexico (Movistar) - 1GB/7Days",1,7,2.66,2.66,,no
mexico,"abesteSIM","eSIM Mexico - 5 Days / Total 1GB",1,5,2.6834539176073253,2.683,,yes
mexico,"RedEx eSIM","Mexico 1GB/Day",1,1,2.69,2.69,,yes
mexico,"Textr eSIM","Mexico 1GB",1,7,2.69,2.69,,no
mexico,"ESIM.DOG 🐶","⚡️ [5G] North America (3 countries) - Best 5G Coverage (1GB/7Days) - Blue route",1,7,2.69,2.69,,yes
mexico,"ESIM.DOG 🐶","⚡️ Best Coverage in Mexico (300MB/3Days) - Yellow route",0.3,3,0.81,2.7,,no
mexico,"eSimFlare","Mexico 1GB/Day",1,1,2.7,2.7,,no
mexico,"ASIMGO","eSIM Mexico - 5 Days / Total 1GB",1,5,2.7,2.7,,yes
mexico,"mobineX","Unlimited Standard",1,1,2.7,2.7,,yes
mexico,"AeroSims","Mexico Unlimited / 1 day",1,1,2.72,2.72,,no
mexico,"Connect Me Guru","Mexico 1GB 7Days",1,7,2.73,2.73,,yes
mexico,"AlpineSIM","AlpineSIM North America eSIM - 1GB | 7Days",1,7,2.7348290799097046,2.735,,yes
mexico,"MicroEsim","Mexico eSIM 5G - 1 Day / Daily 500MB",0.5,1,1.37,2.74,ESIMDB,yes
mexico,"MicroEsim","Mexico eSIM 5G - 3 Days / Total 1GB",1,3,2.75,2.75,ESIMDB,yes
mexico,"Giga.Tel","North America (3 areas) – 1GB – 1 Day – Free VPN",1,1,2.75,2.75,,yes
mexico,"abesteSIM","eSIM North America (US &amp; Canada &amp; Mexico) 5G - 5 Days / Total 1GB",1,5,2.761688725700833,2.762,,yes
mexico,"Horizon eSIM","Mexico 1GB 7Days",1,7,2.7631650400000005,2.763,,no
mexico,"ASIMGO","eSIM North America (US &amp; Canada &amp; Mexico) - 5 Days / Total 1GB",1,5,2.78,2.78,,yes
mexico,"4S eSIM","Mexico 1GB - 1 Day",1,1,2.79,2.79,,no
mexico,"eSimFlare","Mexico 1GB 7Days",1,7,2.8,2.8,,no
mexico,"YonoSIM","Mexico 1GB/Day FUP1Mbps",1,1,2.81,2.81,,no
mexico,"YonoSIM","North America 1GB/Day",1,1,2.81,2.81,,no
mexico,"Hiroaming","Mexico 1GB 7Days",1,7,2.81,2.81,,no
mexico,"MicroEsim","North America (US &amp; Canada &amp; Mexico) eSIM 5G - 1 Day / Daily 500MB",0.5,1,1.42,2.84,ESIMDB,yes
mexico,"MicroEsim","North America (US &amp; Canada &amp; Mexico) eSIM 5G - 3 Days / Total 1GB",1,3,2.85,2.85,ESIMDB,yes
mexico,"Ozly eSIM","North America 1GB 7Days",1,7,2.85,2.85,,yes
mexico,"ESIM.DOG 🐶","⚡️ Latin America (11 countries) - Best Coverage (1GB/7Days) - Green route",1,7,2.86,2.86,,no
mexico,"Astaroam","Mexico 1GB 7Days",1,7,2.8603034408715087,2.86,,yes
mexico,"ESIM.DOG 🐶","⚡️ Best Coverage in Mexico (1GB/30Days) - Blue route",1,30,2.87,2.87,,no
mexico,"ESIM.DOG 🐶","⚡️ [5G] North America (3 countries) - Best 5G Coverage (1GB/30Days) - Blue route",1,30,2.87,2.87,,yes
mexico,"Yatelo","MEX 1GB 7 Days",1,7,2.87,2.87,,yes
mexico,"eSIMPhoney","North America - 1GB",1,7,2.8787786400000006,2.879,,no
mexico,"YonoSIM","Mexico 500MB/Day",0.5,1,1.44,2.88,,no
mexico,"EscapeSIM","North America 1GB Stopover",1,7,2.89,2.89,,yes
mexico,"ESIM.DOG 🐶","⚡️ Movistar Mexico - Best Coverage (1GB/7Days) - Yellow route",1,7,2.9,2.9,,no
mexico,"4S eSIM","Mexico 1GB - 5 Days",1,5,2.91,2.91,,no
mexico,"nextSIM","eSIM Mexico 1GB 7Days Standard",1,7,2.9365854400000004,2.937,,no
mexico,"Tourist eSIM","North America (3+ countries) • 1 GB • 7 Days",1,7,2.94,2.94,,no
mexico,"Roamless","Mexico - No Expiration",1,0,2.95,2.95,,no
mexico,"Horizon eSIM","Mexico 500MB 7Days",0.5,7,1.4914154400000001,2.983,,no
mexico,"nadanada","eSIM, 1GB, 7 Days, Mexico",1,7,2.99,2.99,,no
mexico,"SimSwift","Mexico 1GB 7Days",1,7,2.99,2.99,,no
mexico,"SimSwift","Mexico 1GB/Day",1,1,2.99,2.99,,no
mexico,"GigSky","Mexico",1,7,2.99,2.99,,no
mexico,"MicroEsim","Mexico eSIM 5G - 5 Days / Total 1GB",1,5,2.99,2.99,ESIMDB,yes
mexico,"Textr eSIM","North America 1GB",1,7,2.99,2.99,,no
mexico,"YonoSIM","Mexico 1GB 7Days",1,7,2.99,2.99,,no
mexico,"Movisim","Mexico 1.0GB - 7-Day eSIM",1,7,2.99,2.99,,yes
mexico,"Movisim","Mexico 1.0GB/day (Unlimited) - 1-Day eSIM",1,1,2.99,2.99,,yes
mexico,"Movisim","Mexico 1.0GB/day (Unlimited) - 1-Day eSIM",1,1,2.99,2.99,,yes
mexico,"Movisim","Mexico 1.0GB - 1-Day eSIM",1,1,2.99,2.99,,yes
mexico,"Movisim","Mexico 1GB - 7-Day eSIM",1,7,2.99,2.99,,no
mexico,"MoodSIM","Mexico 1 GB 7 Days",1,7,2.99,2.99,,yes
mexico,"MoodSIM","Mexico Unlimited (1 GB/day, then 512 Kbps) 1 Day",1,1,2.99,2.99,,yes
mexico,"GigSky","North America",1,7,2.99,2.99,,yes
mexico,"AlpineSIM","AlpineSIM Unlimited North America eSIM - 500MB/Day / 1",0.5,1,1.4973498582311053,2.995,,yes
mexico,"AdventureSIMs","Mexico 1GB 7 Days",1,7,2.997256889479126,2.997,,yes
mexico,"Roamify","Mexico eSIM 1 GB - 3 Days",1,3,3,3,,yes
mexico,"Roamify","North America eSIM 1 GB - 3 Days",1,3,3,3,,yes
mexico,"Roamify","Global Plus eSIM 1 GB - 3 Days",1,3,3,3,,yes
mexico,"esimzon","Mexico 1GB 30Days",1,30,3,3,,no
mexico,"Driffle eSIM","North-america 1GB for 7 Days",1,7,3,3,,no
mexico,"eSIMNEXA","Mexico 1GB 3Days",1,3,3,3,,yes
mexico,"Earth Esim","1GB/7 Days Mexico 5G eSIM",1,7,3,3,,yes
mexico,"Journey Esims","Mexico 1 GB · 7 days",1,7,3,3,,no
mexico,"RedEx eSIM","Mexico 1GB 7Days",1,7,3.03,3.03,,yes
mexico,"4S eSIM","Mexico 1GB - 7 Days",1,7,3.03,3.03,,no
mexico,"ESIM.DOG 🐶","⚡️ [5G] North America (3 countries) - Best 5G Coverage (1GB/1Days) - Blue route",1,1,3.03,3.03,,yes
mexico,"abesteSIM","eSIM North America (US &amp; Canada &amp; Mexico) 5G - 7 Days / Total 1GB",1,7,3.0355105540281113,3.036,,yes
mexico,"AlpineSIM","AlpineSIM North America eSIM - 1GB | 30Days",1,30,3.0441988853293545,3.044,,yes
mexico,"Billion Connect","North America eSIM [6 countries] 1 Day 1GB/Day",1,1,3.06,3.06,,yes
mexico,"ESIM.DOG 🐶","⚡️ Best Coverage in Mexico (1GB/7Days) - Pink route",1,7,3.07,3.07,,no
mexico,"ESIM.DOG 🐶","⚡️ [5G] Latin America (11 countries) - Best 5G Coverage (1GB/7Days) - Pink route",1,7,3.07,3.07,,no
mexico,"MicroEsim","North America (US &amp; Canada &amp; Mexico) eSIM 5G - 5 Days / Total 1GB",1,5,3.1,3.1,ESIMDB,yes
mexico,"Ozly eSIM","North America 1GB 30Days",1,30,3.1,3.1,,yes
mexico,"Horizon eSIM","Mexico 100MB 7Days",0.1,7,0.31215672000000005,3.122,,no
mexico,"ESIM.DOG 🐶","⚡️ Altan Mexico - Best Coverage (500MB/30Days) - Black route",0.5,30,1.58,3.16,,no
mexico,"SimSmash","Mexico Daily Unlimited 0.49GB/day for 1 Days",0.49,1,1.59,3.245,,yes
mexico,"Hiroaming","Mexico 500MB 7Days",0.5,7,1.65,3.3,,no
mexico,"AlpineSIM","AlpineSIM Mexico eSIM - 100MB | 7Days",0.1,7,0.33411938985322187,3.341,,yes
mexico,"YonoSIM","North America 500MB/Day",0.5,1,1.7,3.4,,no
mexico,"LATAM Travellers","Mexico eSIM - 500MB / 7 Days",0.5,7,1.73,3.46,,no
mexico,"Hiroaming","Mexico 500MB/Day",0.5,1,1.74,3.48,,no
mexico,"Connect Me Guru","Mexico 500MB 7Days",0.5,7,1.77,3.54,,yes
mexico,"LATAM Travellers","Mexico eSIM - 500MB / Day",0.5,1,1.78,3.56,,no
mexico,"ESIM.DOG 🐶","⚡️ [5G] Latin America (2 countries) - Best 5G Coverage (500MB/3Days) - Black route",0.5,3,1.79,3.58,,yes
mexico,"ESIM.DOG 🐶","⚡️ [5G] Latin America (2 countries) - Best 5G Coverage (500MB/5Days) - Black route",0.5,5,1.79,3.58,,yes
mexico,"ESIM.DOG 🐶","⚡️ [5G] Latin America (2 countries) - Best 5G Coverage (500MB/7Days) - Black route",0.5,7,1.79,3.58,,yes
mexico,"ESIM.DOG 🐶","⚡️ Best Coverage in Mexico (500MB/1Days) - Green route",0.5,1,1.82,3.64,,no
mexico,"Connect Me Guru","Mexico 500MB/Day",0.5,1,1.84,3.68,,yes
mexico,"RedEx eSIM","Mexico 500MB/Day",0.5,1,1.84,3.68,,yes
mexico,"Superalink","Mexico - 500MB/day",0.5,3,1.86,3.72,,yes
mexico,"ESIM.DOG 🐶","⚡️ [5G] North America (3 countries) - Best 5G Coverage (500MB/1Days) - Blue route",0.5,1,1.97,3.94,,yes
mexico,"YonoSIM","Mexico 500MB 7Days",0.5,7,1.99,3.98,,no
mexico,"ESIM.DOG 🐶","⚡️ [5G] Latin America (2 countries) - Best 5G Coverage (500MB/10Days) - Black route",0.5,10,1.99,3.98,,yes
mexico,"ESIM.DOG 🐶","⚡️ [5G] Latin America (2 countries) - Best 5G Coverage (500MB/15Days) - Black route",0.5,15,1.99,3.98,,yes
mexico,"ESIM.DOG 🐶","⚡️ [5G] Latin America (2 countries) - Best 5G Coverage (500MB/20Days) - Black route",0.5,20,1.99,3.98,,yes
mexico,"ESIM.DOG 🐶","⚡️ [5G] Latin America (2 countries) - Best 5G Coverage (500MB/30Days) - Black route",0.5,30,1.99,3.98,,yes
mexico,"Earth Esim","500MB/1 Day Mexico 5G eSIM",0.5,1,1.99,3.98,,yes
mexico,"Lumbus","Mexico 500MB 7Days",0.5,7,1.99,3.98,,no
mexico,"Lumbus","North America 500MB/Day",0.5,1,1.99,3.98,,no
mexico,"MoodSIM","Mexico Unlimited (500 MB/day, then 512 Kbps) 1 Day",0.5,1,1.99,3.98,,yes
mexico,"Simsima","Mexico 100MB 7Days",0.1,7,0.4,4,,yes
mexico,"eSimFlare","Mexico 500MB 7Days",0.5,7,2,4,,no
mexico,"eSimFlare","Mexico 500MB/Day",0.5,1,2,4,,no
mexico,"Govora","Mexico 500MB 7Days",0.49,7,1.99,4.061,,no
mexico,"ESIM.DOG 🐶","⚡️ Best Coverage in Mexico (500MB/1Days) - Pink route",0.5,1,2.04,4.08,,no
mexico,"ESIM.DOG 🐶","⚡️ [5G] North America (3 countries) - Best 5G Coverage (500MB/1Days) - Pink route",0.5,1,2.04,4.08,,no
mexico,"RedEx eSIM","Mexico 500MB 7Days",0.5,7,2.05,4.1,,yes
mexico,"Hiroaming","North America 500MB/Day",0.5,1,2.05,4.1,,no
mexico,"Wiiline","for Mexico 1 Days 0.49GB - 490 MB",0.49,1,2.02,4.122,,no
mexico,"Connect Me Guru","North America 500MB/Day",0.5,1,2.1,4.2,,no
mexico,"RedEx eSIM","North America 500MB/Day",0.5,1,2.11,4.22,,yes
mexico,"abesteSIM","eSIM North America (US &amp; Canada &amp; Mexico) 5G - 2 Days / Daily 500MB",0.5,2,2.198398107427576,4.397,,yes
mexico,"eSimFlare","North America 500MB/Day",0.5,1,2.2,4.4,,no
mexico,"Voyasim","Mexico 500MB 7Days",0.5,7,2.3,4.6,,yes
mexico,"SimSmash","North America Daily Unlimited 0.49GB/day for 1 Days",0.49,1,2.29,4.673,,yes
mexico,"DashRoam","Mexico 500MB 7Days",0.5,7,2.37,4.74,,yes
mexico,"Voyasim","Mexico 500MB/Day",0.5,1,2.4,4.8,,yes
mexico,"Billion Connect","Mexico eSIM 1 Day 500MB/Day",0.5,1,2.43,4.86,,yes
mexico,"MicroEsim","Mexico eSIM 5G - 1 Day / Total 200MB",0.2,1,0.98,4.9,,yes
mexico,"MoodSIM","North America Unlimited (500 MB/day, then 512 Kbps) 1 Day",0.5,1,2.49,4.98,,yes
mexico,"Earth Esim","500MB/1 Day USA, Canada &amp; Mexico",0.5,1,2.49,4.98,,yes
mexico,"Voyasim","Mexico 100MB 7Days",0.1,7,0.5,5,,yes
mexico,"Esimglobe","eSIM Mexico Mexico 500MB 7Days",0.5,7,2.5,5,,no
mexico,"MicroEsim","North America (US &amp; Canada &amp; Mexico) eSIM 5G - 1 Day / Total 200MB",0.2,1,1.01,5.05,ESIMDB,yes
mexico,"Hungry eSIM","Mexico eSIM Data — 7 Day / 0.5GB",0.5,7,2.54,5.08,,yes
mexico,"Hungry eSIM","Mexico Unlimited eSIM — 0.5GB/Day · 512 Kbps after",0.5,1,2.6,5.2,,yes
mexico,"ESIM.DOG 🐶","🎁 $0.53 + VPN | Altan Mexico - Best Coverage (100MB/1Days) - Black route",0.1,1,0.53,5.3,,no
mexico,"Hiroaming","Mexico 100MB 7Days",0.1,7,0.54,5.4,,no
mexico,"Skyalo","Mexico • 500 MB • 7 days",0.5,7,2.73,5.46,,yes
mexico,"ESIM.DOG 🐶","🎁 $0.55 + VPN | Altan Mexico - Best Coverage (100MB/30Days) - Black route",0.1,30,0.55,5.5,,no
mexico,"Hungry eSIM","North America Unlimited eSIM — 0.5GB/Day · 512 Kbps after",0.5,1,2.79,5.58,,yes
mexico,"Voyasim","North America 500MB/Day",0.5,1,2.8,5.6,,yes
mexico,"Skyalo","Mexico • 500 MB/day • 1 day",0.5,1,2.88,5.76,,yes
mexico,"GIGAGO","North &amp; Central America eSIM 6 countries",0.5,1,2.9,5.8,,no
mexico,"ESIM.DOG 🐶","⚡️ [5G] Global (202 countries) - Best 5G Coverage (300MB/3Days) - Yellow route",0.3,3,1.79,5.967,,yes
mexico,"Movisim","North America 500MB/day (Unlimited) - 1-Day eSIM",0.5,1,2.99,5.98,,yes
mexico,"Movisim","Mexico 500MB/day (Unlimited) - 1-Day eSIM",0.5,1,2.99,5.98,,yes
mexico,"Movisim","Mexico 500MB - 7-Day eSIM",0.5,7,2.99,5.98,,yes
mexico,"Movisim","Mexico 500MB/day (Unlimited) - 1-Day eSIM",0.5,1,2.99,5.98,,yes
mexico,"Movisim","North America 500MB - 1-Day eSIM",0.5,1,2.99,5.98,,no
mexico,"Movisim","Mexico 500MB - 1-Day eSIM",0.5,1,2.99,5.98,,yes
mexico,"ESIM.DOG 🐶","🎁 $0.60 + VPN | Altan Mexico - Best Coverage (100MB/90Days) - Black route",0.1,90,0.6,6,,no
mexico,"YeeSiM","Mexico eSIM - 500MB Total for 7 days",0.5,7,3,6,,no
mexico,"Superalink","Mexico - 500MB/day",0.5,5,3,6,,yes
mexico,"Ubigi","",0.5,2,3,6,,yes
mexico,"ASIMGO","eSIM Mexico - 3 Days / Daily 500MB",0.5,3,3.02,6.04,,no
mexico,"Superalink","Mexico - Regular",0.1,1,0.61,6.1,,yes
mexico,"abesteSIM","eSIM North America (US &amp; Canada &amp; Mexico) 5G - 3 Days / Daily 500MB",0.5,3,3.0746279580748657,6.149,,yes
mexico,"ASIMGO","eSIM North America (US &amp; Canada &amp; Mexico) - 3 Days / Daily 500MB",0.5,3,3.1,6.2,,yes
mexico,"Superalink","Mexico - Regular",0.1,3,0.63,6.3,,yes
mexico,"Truely","Mexico - 300MB, 2 days",0.3,2,1.89,6.3,,no
mexico,"Superalink","Mexico - Regular",0.1,5,0.65,6.5,,yes
mexico,"BlueSky eSIM","🔷 [5G] Worldwide (201 countries) Best Coverage (300MB/3d)",0.3,3,1.97,6.567,,yes
mexico,"JamboSim","eSIM JamboSim Global 300MB / 3 Days",0.3,3,1.99,6.633,,no
mexico,"Superalink","Mexico - Regular",0.1,7,0.67,6.7,,yes
mexico,"ESIM.DOG 🐶","⚡️ Best Coverage in Mexico (200MB/30Days) - Yellow route",0.2,30,1.58,7.9,,no
mexico,"Truely","North America - 300MB, 2 days",0.3,2,2.49,8.3,,yes
mexico,"Connect Me Guru","Mexico 100MB 7Days",0.1,7,0.85,8.5,,yes
mexico,"Stellar eSim","Mexico 100MB 7Days + Free Stellar VPN",0.1,7,0.8555406400000001,8.555,,no
mexico,"LATAM Travellers","Mexico eSIM - 100MB / 7 Days",0.1,7,0.88,8.8,,no
mexico,"Roamix","Mexico 100MB 1Days",0.1,1,0.95,9.5,,yes
mexico,"Roamix","Mexico 100MB 3Days",0.1,3,0.95,9.5,,yes
mexico,"Roamix","Mexico 100MB 5Days",0.1,5,0.95,9.5,,yes
mexico,"Roamix","Mexico 100MB 7Days",0.1,7,0.95,9.5,,yes
mexico,"ESIM.DOG 🐶","⚡️ [5G] Global (202 countries) - Best 5G Coverage (200MB/30Days) - Yellow route",0.2,30,1.96,9.8,,yes
mexico,"BlueSky eSIM","✈️ [5G] Worldwide (201 countries) Best Coverage (200MB/30d)",0.2,30,1.97,9.85,,yes
mexico,"Journey Esims","Regional (3 countries) 100 MB · 1 day",0.1,1,1,10,,no
mexico,"Journey Esims","Mexico 100 MB · 1 day",0.1,1,1,10,,no
mexico,"MobileSIM","Global 200 MB for 30 days",0.2,30,2.3,11.5,,no
mexico,"ESIM.DOG 🐶","⚡️ [5G] Latin America (2 countries) - Best 5G Coverage (100MB/1Days) - Black route",0.1,1,1.3,13,,yes
mexico,"DashRoam","Mexico 100MB 7Days",0.1,7,1.45,14.5,,yes
mexico,"merdata","eSIM Mexico 100 MB 7 days",0.1,7,1.471768269229895,14.718,,no
mexico,"JamboSim","eSIM JamboSim Global 200MB / 30 Days",0.2,30,2.99,14.95,,no
mexico,"PikaSim","Mexico 100MB 7Days",0.1,7,1.5,15,,no
mexico,"Esimglobe","eSIM Mexico Mexico 100MB 7Days",0.1,7,1.7,17,,no
mexico,"RedEx eSIM","Mexico 100MB 7Days",0.1,7,1.71,17.1,,yes
mexico,"ESIM.DOG 🐶","⚡️ [5G] Latin America (2 countries) - Best 5G Coverage (100MB/3Days) - Black route",0.1,3,1.79,17.9,,yes
mexico,"ESIM.DOG 🐶","⚡️ [5G] Latin America (2 countries) - Best 5G Coverage (100MB/5Days) - Black route",0.1,5,1.79,17.9,,yes
mexico,"ESIM.DOG 🐶","⚡️ [5G] Latin America (2 countries) - Best 5G Coverage (100MB/7Days) - Black route",0.1,7,1.79,17.9,,yes
mexico,"Hungry eSIM","Mexico eSIM Data — 7 Day / 0.1GB",0.1,7,1.84,18.4,,yes
mexico,"ESIM.DOG 🐶","⚡️ [5G] Latin America (2 countries) - Best 5G Coverage (100MB/10Days) - Black route",0.1,10,1.96,19.6,,yes
mexico,"ESIM.DOG 🐶","⚡️ [5G] Latin America (2 countries) - Best 5G Coverage (100MB/15Days) - Black route",0.1,15,1.96,19.6,,yes
mexico,"ESIM.DOG 🐶","⚡️ [5G] Latin America (2 countries) - Best 5G Coverage (100MB/20Days) - Black route",0.1,20,1.96,19.6,,yes
mexico,"ESIM.DOG 🐶","⚡️ [5G] Latin America (2 countries) - Best 5G Coverage (100MB/30Days) - Black route",0.1,30,1.96,19.6,,yes
mexico,"Keepgo","Caelum Latin America",0.1,0,2,20,,yes
mexico,"Keepgo","Cygnus: Canada + USA",0.1,0,2,20,,yes
mexico,"eSimFlare","Mexico 100MB 7Days",0.1,7,2,20,,no
mexico,"Keepgo","Tucana",0.1,0,2,20,,yes
mexico,"Giga.Tel","World 129 - 100MB/Lifetime",0.1,0,2,20,,yes
mexico,"yaySIM","MX_0.1_7",0.1,7,2.1966584,21.536,,yes
mexico,"Bordersim","Mexico 100MB 7Days",0.1,7,2.99,29.9,,yes
mexico,"Turnaa eSIM","Mexico · 0.1 GB · 7 days",0.1,7,2.99,29.9,,yes
mexico,"Movisim","Mexico 100MB - 7-Day eSIM",0.1,7,2.99,29.9,,yes
mexico,"Keepgo","Capricornus Latin America",0.1,0,3,30,,yes
mexico,"Keepgo","Octans",0.1,0,3,30,,yes
mexico,"Keepgo","Eridanus World",0.1,0,3,30,,yes
singapore,"Stellar eSim","Singapore 3GB 30Days + Free Stellar VPN",3,30,0.6243134400000001,0.208,,no
singapore,"ESIM.DOG 🐶","⚡️ [5G] Singtel Singapore - Best 5G Coverage (5GB/1Days) - Black route",5,1,1.22,0.244,,yes
singapore,"Superalink","Singapore - 5GB/day",5,1,1.23,0.246,,yes
singapore,"ESIM.DOG 🐶","⚡️ Best Coverage in Singapore (3GB/1Days) - Pink route",3,1,0.81,0.27,,no
singapore,"ESIM.DOG 🐶","⚡️ Best Coverage in Singapore (3GB/5Days) - Pink route",3,5,0.81,0.27,,no
singapore,"ESIM.DOG 🐶","⚡️ Best Coverage in Singapore (3GB/7Days) - Pink route",3,7,0.86,0.287,,no
singapore,"ESIM.DOG 🐶","⚡️ [5G] Singtel Singapore - Best 5G Coverage (3GB/10Days) - Black route",3,10,0.86,0.287,,yes
singapore,"ESIM.DOG 🐶","⚡️ M1/SingTel Singapore - Best Coverage (3GB/15Days) - Blue route",3,15,0.86,0.287,,yes
singapore,"ESIM.DOG 🐶","⚡️ M1/SingTel Singapore - Best Coverage (3GB/30Days) - Blue route",3,30,0.91,0.303,,yes
singapore,"ESIM.DOG 🐶","⚡️ [5G] Singtel Singapore - Best 5G Coverage (4GB/1Days) - Black route",4,1,1.22,0.305,,yes
singapore,"Superalink","Singapore - 3GB/day",3,1,0.98,0.327,,yes
singapore,"Superalink","Singapore - 2GB/day",2,1,0.77,0.385,,yes
singapore,"ESIM.DOG 🐶","⚡️ [5G] Singtel Singapore - Best 5G Coverage (3GB/12Days) - Black route",3,12,1.2,0.4,,yes
singapore,"ESIM.DOG 🐶","⚡️ [5G] Singtel Singapore - Best 5G Coverage (3GB/14Days) - Black route",3,14,1.2,0.4,,yes
singapore,"Stellar eSim","Singapore 3GB 15Days + Free Stellar VPN",3,15,1.2139428,0.405,,no
singapore,"ESIM.DOG 🐶","⚡️ [5G] Singtel Singapore - Best 5G Coverage (2GB/15Days) - Black route",2,15,0.86,0.43,,yes
singapore,"ESIM.DOG 🐶","⚡️ [5G] Singtel Singapore - Best 5G Coverage (2GB/14Days) - Black route",2,14,0.86,0.43,,yes
singapore,"Stellar eSim","Singapore 3GB/Day FUP1Mbps + Free Stellar VPN",3,1,1.30643368,0.435,,no
singapore,"ESIM.DOG 🐶","⚡️ [5G] Singtel Singapore - Best 5G Coverage (2GB/30Days) - Black route",2,30,0.91,0.455,,yes
singapore,"ASIMGO","eSIM Singapore - 1 Day / Daily 3GB",3,1,1.42,0.473,,no
singapore,"ASIMGO","eSIM - Singapore - Malaysia -Thailand - 1 Day / Daily 3GB",3,1,1.44,0.48,,yes
singapore,"EtravelSIM","Singapore eSIM 20 GB - 10 Days",20,10,9.99,0.499,,no
singapore,"Stellar eSim","Singapore 2GB/Day FUP1Mbps + Free Stellar VPN",2,1,1.02896104,0.514,,no
singapore,"abesteSIM","eSIM Malaysia &amp; Thailand - 1 Day / Daily 3GB",3,1,1.5803431234888623,0.527,,yes
singapore,"eSIMX","Singapore 20GB 7Days",20,7,10.8,0.54,,yes
singapore,"ASIMGO","eSIM Singapore - 1 Day / Daily 500MB",0.5,1,0.29,0.58,,no
singapore,"ASIMGO","eSIM - Singapore - Malaysia -Thailand - 1 Day / Daily 500MB",0.5,1,0.3,0.6,,yes
singapore,"Stellar eSim","Singapore 2GB/Day (nonhkip) + Free Stellar VPN",2,1,1.2370655200000003,0.619,,no
singapore,"abesteSIM","eSIM Malaysia &amp; Thailand - 1 Day / Daily 500MB",0.5,1,0.31293923237403215,0.626,,yes
singapore,"MicroEsim","Singapore eSIM - 1 Day / Daily 2GB",2,1,1.26,0.63,ESIMDB,no
singapore,"Stellar eSim","Singapore &amp; Malaysia 2GB/Day + Free Stellar VPN",2,1,1.2601882400000002,0.63,,no
singapore,"abesteSIM","eSIM Malaysia &amp; Thailand - 1 Day / Daily 2GB",2,1,1.275227371924181,0.638,,yes
singapore,"Stellar eSim","Singapore 2GB/Day + Free Stellar VPN",2,1,1.2833109600000001,0.642,,no
singapore,"MicroEsim","Singapore &amp; Malaysia &amp; Thailand eSIM 5G - 1 Day / Daily 2GB",2,1,1.3,0.65,ESIMDB,yes
singapore,"Stellar eSim","Singapore 2GB/Day FUP1Mbps (nonhkip) + Free Stellar VPN",2,1,1.31799504,0.659,,no
singapore,"ASIMGO","eSIM Singapore - 1 Day / Daily 2GB",2,1,1.37,0.685,,no
singapore,"ESIM.DOG 🐶","⚡️ [5G] Asia (5 countries) - Best 5G Coverage (2GB/1Days) - Pink route",2,1,1.37,0.685,,no
singapore,"abesteSIM","eSIM Southeast Asia (5 Countries) - 1 Day / Daily 2GB",2,1,1.3847561032550921,0.692,,yes
singapore,"ASIMGO","eSIM - Singapore - Malaysia -Thailand - 1 Day / Daily 2GB",2,1,1.39,0.695,,yes
singapore,"Superalink","Singapore - 1GB/day",1,1,0.7,0.7,,yes
singapore,"Stellar eSim","Singapore &amp; Malaysia &amp; Thailand 2GB/Day + Free Stellar VPN",2,1,1.4104859200000002,0.705,,no
singapore,"RedEx eSIM","Unlimited Data - 1 Days (2 GB / 384 KBPS)",2,1,1.46,0.73,,no
singapore,"MicroEsim","Southeast Asia eSIM 5 Countries - 1 Day / Daily 2GB",2,1,1.46,0.73,ESIMDB,yes
singapore,"MicroEsim","Singapore eSIM - 1 Day / Daily 1GB",1,1,0.74,0.74,,no
singapore,"Superalink","Singapore - Regular",1,1,0.75,0.75,,yes
singapore,"MicroEsim","Singapore &amp; Malaysia &amp; Thailand eSIM 5G - 1 Day / Daily 1GB",1,1,0.75,0.75,,yes
singapore,"YonoSIM","Singapore 1GB/Day FUP1Mbps",1,1,0.75,0.75,,no
singapore,"YonoSIM","Singapore 2GB/Day FUP1Mbps",2,1,1.5,0.75,,no
singapore,"ASIMGO","eSIM Southeast Asia (5 Countries) - 1 Day / Daily 2GB",2,1,1.5,0.75,,yes
singapore,"Stellar eSim","Singapore 1GB 7Days + Free Stellar VPN",1,7,0.7514884000000001,0.751,,no
singapore,"TravelGator eSIM","Singapore eSIM Roaming Data",2,1,1.502108315395354,0.751,,no
singapore,"Stellar eSim","Singapore 2GB 15Days + Free Stellar VPN",2,15,1.5029768000000001,0.751,,no
singapore,"Superalink","Singapore - Regular",2,1,1.51,0.755,,yes
singapore,"Superalink","Singapore - Regular",2,3,1.53,0.765,,yes
singapore,"AlpineSIM","AlpineSIM Singapore eSIM - 1GB | 7Days",1,7,0.7672371174407316,0.767,,no
singapore,"Superalink","Singapore - Regular",1,3,0.77,0.77,,yes
singapore,"TravelGator eSIM","Singapore eSIM Roaming Data",1,1,0.7745246001257294,0.775,,no
singapore,"Billion Connect","Singapore &amp; Malaysia &amp; Indonesia eSIM 1 Day 2GB/Day",2,1,1.56,0.78,,yes
singapore,"Stellar eSim","Singapore 2GB 30Days + Free Stellar VPN",2,30,1.5607836000000002,0.78,,no
singapore,"Superalink","Singapore - Regular",2,5,1.57,0.785,,yes
singapore,"Superalink","Singapore - Regular",1,5,0.79,0.79,,yes
singapore,"mobineX","Unlimited Standard",1,1,0.8,0.8,,yes
singapore,"iRoamly","Singapore &amp; Malaysia &amp; Thailand-eSIM-2GB-1 Day-Daily",2,1,1.6,0.8,,yes
singapore,"Superalink","Singapore - Regular",2,7,1.6,0.8,,yes
singapore,"ESIM.DOG 🐶","⚡️ [5G] Singtel Singapore - Best 5G Coverage (1GB/3Days) - Black route",1,3,0.81,0.81,,yes
singapore,"ESIM.DOG 🐶","⚡️ [5G] Singtel Singapore - Best 5G Coverage (1GB/5Days) - Black route",1,5,0.81,0.81,,yes
singapore,"Superalink","Singapore - Regular",2,10,1.62,0.81,,yes
singapore,"Superalink","Singapore - Regular",1,7,0.82,0.82,,yes
singapore,"Superalink","Singapore - Regular",1,10,0.83,0.83,,yes
singapore,"Superalink","Singapore - Regular",1,15,0.85,0.85,,yes
singapore,"ESIM.DOG 🐶","🎁 $0.85 + VPN | M1/SingTel Singapore - Best Coverage (1GB/7Days) - Blue route",1,7,0.85,0.85,,yes
singapore,"abesteSIM","eSIM Malaysia &amp; Thailand - 1 Day / Daily 1GB",1,1,0.8527594082192376,0.853,,yes
singapore,"Stellar eSim","Singapore 1GB/Day (nonhkip) + Free Stellar VPN",1,1,0.8555406400000001,0.856,,no
singapore,"Stellar eSim","Singapore 1GB/Day FUP1Mbps + Free Stellar VPN",1,1,0.8555406400000001,0.856,,no
singapore,"Superalink","Singapore - Regular",1,20,0.86,0.86,,yes
singapore,"MicroEsim","Singapore eSIM - 3 Days / Total 1GB",1,3,0.86,0.86,,no
singapore,"abesteSIM","eSIM Southeast Asia (5 Countries) - 1 Day / Daily 500MB",0.5,1,0.4302914445142942,0.861,,yes
singapore,"Superalink","Singapore - Regular",1,30,0.87,0.87,,yes
singapore,"ASIMGO","eSIM Southeast Asia (5 Countries) - 1 Day / Daily 500MB",0.5,1,0.44,0.88,,yes
singapore,"MicroEsim","Singapore &amp; Malaysia &amp; Thailand eSIM 5G - 3 Days / Total 1GB",1,3,0.88,0.88,,yes
singapore,"ESIM.DOG 🐶","⚡️ [5G] Singtel Singapore - Best 5G Coverage (1GB/30Days) - Black route",1,30,0.91,0.91,,yes
singapore,"ESIM.DOG 🐶","⚡️ [5G] Asia (5 countries) - Best 5G Coverage (1.5GB/1Days) - Pink route",1.5,1,1.37,0.913,,no
singapore,"abesteSIM","eSIM Asia+Europe 52 Regions - 1 Day / Daily 500MB",0.5,1,0.46158536775169734,0.923,,yes
singapore,"Stellar eSim","Singapore 1GB 7Days (nonhkip) + Free Stellar VPN",1,7,0.9364701600000002,0.936,,no
singapore,"abesteSIM","eSIM Malaysia &amp; Thailand (Support TikTok) - 1 Day / Daily 500MB",0.5,1,0.46940884856104814,0.939,,yes
singapore,"TravelGator eSIM","Singapore eSIM Roaming Data",1,3,0.9388176971220963,0.939,,no
singapore,"ASIMGO","eSIM Asia&amp;Europe - 52 Countries - 1 Day / Daily 500MB",0.5,1,0.47,0.94,,yes
singapore,"MicroEsim","Singapore eSIM - 5 Days / Total 1GB",1,5,0.94,0.94,,no
singapore,"ASIMGO","eSIM Singapore - 1 Day / Daily 1GB",1,1,0.95,0.95,,no
singapore,"ASIMGO","eSIM Singapore - Malaysia - Thailand (Support TikTok) - 1 Day / Daily 500MB",0.5,1,0.48,0.96,,yes
singapore,"Stellar eSim","Singapore 1GB/Day FUP1Mbps (nonhkip) + Free Stellar VPN",1,1,0.95959288,0.96,,no
singapore,"Stellar eSim","Singapore 1GB/Day + Free Stellar VPN",1,1,0.95959288,0.96,,no
singapore,"ASIMGO","eSIM - Singapore - Malaysia -Thailand - 1 Day / Daily 1GB",1,1,0.96,0.96,,yes
singapore,"TravelGator eSIM","Singapore eSIM Roaming Data",1,5,0.9622881395501488,0.962,,no
singapore,"MicroEsim","Singapore &amp; Malaysia &amp; Thailand eSIM 5G - 5 Days / Total 1GB",1,5,0.97,0.97,,yes
singapore,"ESIM.DOG 🐶","⚡️ [5G] Asia (5 countries) - Best 5G Coverage (1GB/1Days) - Pink route",1,1,0.98,0.98,,no
singapore,"abesteSIM","eSIM Malaysia &amp; Thailand - 3 Days / Total 1GB",1,3,0.9857585819782012,0.986,,yes
singapore,"BambooSIM","Singapore eSIM",1,3,0.99,0.99,,no
singapore,"MicroEsim","Southeast Asia eSIM 5 Countries - 1 Day / Daily 1GB",1,1,0.99,0.99,,yes
singapore,"SimSmash","Singapore 1GB for 7 Days",1,7,0.99,0.99,,yes
singapore,"Voyasim","Singapore 500MB 7Days",0.5,7,0.5,1,,no
singapore,"iRoamly","Singapore &amp; Malaysia &amp; Thailand-eSIM-1GB-1 Day-Daily",1,1,1,1,,yes
singapore,"Orbit Mobile","Global Pass",1,1,1,1,,no
singapore,"ESIM888","Singapore (1GB/7DAYS)",1,7,1,1,,no
singapore,"TravelGator eSIM","Singapore eSIM Roaming Data",1,7,1.0092290244062536,1.009,,no
singapore,"Stellar eSim","Singapore &amp; Malaysia &amp; Thailand 1GB 7Days + Free Stellar VPN",1,7,1.01739968,1.017,,no
singapore,"Stellar eSim","Singapore &amp; Malaysia 1GB/Day + Free Stellar VPN",1,1,1.01739968,1.017,,no
singapore,"MicroEsim","Singapore eSIM - 7 Days / Total 1GB",1,7,1.02,1.02,ESIMDB,no
singapore,"Yatelo","SGP 1GB 7 Days",1,7,1.02,1.02,,no
singapore,"Stellar eSim","Singapore &amp; Malaysia &amp; Thailand 1GB/Day + Free Stellar VPN",1,1,1.02896104,1.029,,no
singapore,"eSIM4Travel","South Asia 5 (Singapore, Malaysia, Thailand, Indonesia, Vietnam) - 1GB/7Days",1,7,1.03,1.03,,yes
singapore,"Yesim","South East Asia",0.5,1,0.5202612000000001,1.041,,yes
singapore,"Yesim","Singapore",0.5,1,0.5202612000000001,1.041,,yes
singapore,"abesteSIM","eSIM Malaysia &amp; Thailand - 5 Days / Total 1GB",1,5,1.0483464284530077,1.048,,yes
singapore,"MicroEsim","Singapore &amp; Malaysia &amp; Thailand eSIM 5G - 7 Days / Total 1GB",1,7,1.06,1.06,ESIMDB,yes
singapore,"TravelGator eSIM","Singapore eSIM Roaming Data",1,10,1.0639933900717093,1.064,,no
singapore,"abesteSIM","eSIM Southeast Asia (5 Countries) - 1 Day / Daily 1GB",1,1,1.0639933900717093,1.064,,yes
singapore,"Billion Connect","Singapore &amp; Malaysia &amp; Indonesia eSIM 1 Day 1GB/Day",1,1,1.08,1.08,,yes
singapore,"BambooSIM","Singapore eSIM",1,7,1.09,1.09,,no
singapore,"MicroEsim","Singapore eSIM - 10 Days / Total 1GB",1,10,1.09,1.09,ESIMDB,no
singapore,"ASIMGO","eSIM Singapore - 3 Days / Total 1GB",1,3,1.09,1.09,,no
singapore,"Ubigi","",10,7,11,1.1,,yes
singapore,"iRoamly","Singapore &amp; Malaysia &amp; Thailand-eSIM-1GB-3 Days-Total",1,3,1.1,1.1,,yes
singapore,"mobineX","Unlimited Standard",1,1,1.1,1.1,,yes
singapore,"ASIMGO","eSIM - Singapore - Malaysia -Thailand - 3 Days / Total 1GB",1,3,1.1,1.1,,yes
singapore,"abesteSIM","eSIM Malaysia &amp; Thailand - 7 Days / Total 1GB",1,7,1.110934274927814,1.111,,yes
singapore,"MicroEsim","Singapore &amp; Malaysia &amp; Thailand eSIM 5G - 10 Days / Total 1GB",1,10,1.12,1.12,ESIMDB,yes
singapore,"Stellar eSim","Singapore 750MB 7Days + Free Stellar VPN",0.75,7,0.84397928,1.125,,no
singapore,"AlpineSIM","AlpineSIM Singapore eSIM - 500MB | 7Days",0.5,7,0.5692404419721557,1.138,,no
singapore,"Horizon eSIM","Singapore 1GB 7Days",1,7,1.14457464,1.145,,no
singapore,"ASIMGO","eSIM Singapore - 5 Days / Total 1GB",1,5,1.15,1.15,,no
singapore,"Connect Me Guru","Singapore 1GB/Day FUP1Mbps",1,1,1.15,1.15,,yes
singapore,"eSIM Agora","Singapore 1GB/Day FUP1Mbps",1,1,1.156136,1.156,,no
singapore,"abesteSIM","eSIM Malaysia &amp; Thailand - 10 Days / Total 1GB",1,10,1.1578751597839188,1.158,,yes
singapore,"eSIM4Travel","Singapore (Singtel) - 1GB/1Days",1,1,1.16,1.16,,yes
singapore,"ASIMGO","eSIM - Singapore - Malaysia -Thailand - 5 Days / Total 1GB",1,5,1.16,1.16,,yes
singapore,"eSIM4Travel","South Asia 3 (Singapore, Malaysia, Thailand) - 1GB/7Days",1,7,1.17,1.17,,yes
singapore,"TravelGator eSIM","Singapore eSIM Roaming Data",1,15,1.1735221214026204,1.174,,no
singapore,"ASIMGO","eSIM Southeast Asia (5 Countries) - 1 Day / Daily 1GB",1,1,1.18,1.18,,yes
singapore,"BambooSIM","Singapore eSIM",1,14,1.19,1.19,,no
singapore,"AdventureSIMs","Singapore 1GB 7 Days",1,7,1.1946613545329534,1.195,,no
singapore,"iRoamly","Singapore &amp; Malaysia &amp; Thailand-eSIM-1GB-5 Days-Total",1,5,1.2,1.2,,yes
singapore,"eSIM4Travel","Singapore (Singtel) - 1GB/7Days",1,7,1.2,1.2,,yes
singapore,"mobineX","Unlimited Standard",1,1,1.2,1.2,,yes
singapore,"MicroEsim","Singapore eSIM - 15 Days / Total 1GB",1,15,1.2,1.2,ESIMDB,no
singapore,"Voyasim","Singapore 1GB/Day FUP1Mbps",1,1,1.2,1.2,,no
singapore,"abesteSIM","eSIM Global (66 Destinations) - 1 Day / Daily 500MB",0.5,1,0.6024080223200119,1.205,,yes
singapore,"Billion Connect","Southeast Asia eSIM [5 Countries] 1 Day 1GB/Day",1,1,1.21,1.21,,yes
singapore,"ASIMGO","eSIM Singapore - 7 Days / Total 1GB",1,7,1.21,1.21,,no
singapore,"AlpineSIM","AlpineSIM Unlimited Singapore eSIM - 1GB/Day / 1",1,1,1.2127296372450274,1.213,,no
singapore,"Stellar eSim","Asia (7 areas) 1GB/Day + Free Stellar VPN",1,1,1.2139428,1.214,,no
singapore,"ASIMGO","eSIM - Singapore - Malaysia -Thailand - 7 Days / Total 1GB",1,7,1.22,1.22,,yes
singapore,"abesteSIM","eSIM Malaysia &amp; Thailand - 15 Days / Total 1GB",1,15,1.228286487068076,1.228,,yes
singapore,"Connect Me Guru","Singapore 1GB 7Days",1,7,1.23,1.23,,yes
singapore,"MicroEsim","Singapore &amp; Malaysia &amp; Thailand eSIM 5G - 15 Days / Total 1GB",1,15,1.24,1.24,ESIMDB,yes
singapore,"Stellar eSim","Singapore &amp; Malaysia &amp; Thailand 500MB/Day + Free Stellar VPN",0.5,1,0.6243134400000001,1.249,,no
singapore,"ASIMGO","eSIM Singapore - 10 Days / Total 1GB",1,10,1.25,1.25,,no
singapore,"YonoSIM","Singapore 1GB/Day (nonhkip)",1,1,1.25,1.25,,no
singapore,"Superalink","Singapore - 500MB/day",0.5,1,0.63,1.26,,yes
singapore,"MicroEsim","Singapore eSIM - 30 Days / Total 1GB",1,30,1.26,1.26,ESIMDB,no
singapore,"ASIMGO","eSIM - Singapore - Malaysia -Thailand - 10 Days / Total 1GB",1,10,1.27,1.27,,yes
singapore,"abesteSIM","eSIM Malaysia &amp; Thailand - 30 Days / Total 1GB",1,30,1.275227371924181,1.275,,yes
singapore,"Stellar eSim","Asia (7 areas) 1GB 7Days + Free Stellar VPN",1,7,1.2833109600000001,1.283,,no
singapore,"BambooSIM","Singapore eSIM",1,20,1.29,1.29,,no
singapore,"abesteSIM","eSIM Malaysia &amp; Thailand (Support TikTok) - 1 Day / Daily 1GB",1,1,1.2908743335428825,1.291,,yes
singapore,"abesteSIM","eSIM Asia+Europe 52 Regions - 1 Day / Daily 1GB",1,1,1.2908743335428825,1.291,,yes
singapore,"Stellar eSim","Singapore &amp; Malaysia &amp; Vietnam &amp; Thailand &amp; Indonesia 1GB/Day + Free Stellar VPN",1,1,1.2948723200000003,1.295,,no
singapore,"ESIM.DOG 🐶","🎁 $0.65 + VPN | M1/SingTel Singapore - Best Coverage (500MB/7Days) - Blue route",0.5,7,0.65,1.3,,yes
singapore,"iRoamly","Singapore &amp; Malaysia &amp; Thailand-eSIM-1GB-7 Days-Total",1,7,1.3,1.3,,yes
singapore,"EZsim","Singapore - 1GB/7Days",1,7,1.3,1.3,,no
singapore,"MicroEsim","Singapore &amp; Malaysia &amp; Thailand eSIM 5G - 30 Days / Total 1GB",1,30,1.3,1.3,ESIMDB,yes
singapore,"Superalink","Singapore - 1GB/day",1,3,1.31,1.31,,yes
singapore,"Superalink","Singapore - Regular",0.5,1,0.66,1.32,,yes
singapore,"Billion Connect","Global eSIM [19 Regions] 3 Days 1GB",1,3,1.32,1.32,,yes
singapore,"ASIMGO","eSIM Singapore - 15 Days / Total 1GB",1,15,1.33,1.33,,no
singapore,"AlpineSIM","AlpineSIM Unlimited Singapore &amp; Malaysia eSIM - 1GB/Day / 1",1,1,1.3488523516296735,1.349,,yes
singapore,"FullBars","Singapore 1GB · 7 days",1,7,1.3491997362601456,1.349,,yes
singapore,"ASIMGO","eSIM - Singapore - Malaysia -Thailand - 15 Days / Total 1GB",1,15,1.35,1.35,,yes
singapore,"Ozly eSIM","Singapore 1GB 7Days",1,7,1.35,1.35,,no
singapore,"YonoSIM","Singapore 1GB/Day",1,1,1.35,1.35,,no
singapore,"Superalink","Singapore - Regular",0.5,3,0.68,1.36,,yes
singapore,"AlpineSIM","AlpineSIM Unlimited Singapore eSIM - 500MB/Day / 1",0.5,1,0.6806135719232298,1.361,,no
singapore,"AlpineSIM","AlpineSIM Unlimited Singapore &amp; Malaysia &amp; Thailand eSIM - 1GB/Day / 1",1,1,1.3612271438464596,1.361,,yes
singapore,"Horizon eSIM","Singapore 500MB 7Days",0.5,7,0.68212024,1.364,,no
singapore,"ASIMGO","eSIM Singapore - 30 Days / Total 1GB",1,30,1.37,1.37,,no
singapore,"SparkRoam","1 GB / 7 Days",1,7,1.38,1.38,,no
singapore,"Flysimio","Singapore 1GB 7Days",1,7,1.38,1.38,,yes
singapore,"Textr eSIM","Singapore 1GB",1,7,1.39,1.39,,no
singapore,"BambooSIM","Singapore eSIM",1,30,1.39,1.39,,no
singapore,"ASIMGO","eSIM - Singapore - Malaysia -Thailand - 30 Days / Total 1GB",1,30,1.39,1.39,,yes
singapore,"Nomad","Local Singapore - 30 Days - 10 GB",10,30,14,1.4,ESIMDB3,yes
singapore,"Superalink","Singapore - Regular",0.5,5,0.7,1.4,,yes
singapore,"ESIM.DOG 🐶","🎁 $0.70 + VPN | [5G] Singtel Singapore - Best 5G Coverage (500MB/1Days) - Black route",0.5,1,0.7,1.4,,yes
singapore,"MicroEsim","Singapore eSIM - 1 Day / Daily 500MB",0.5,1,0.7,1.4,,no
singapore,"iRoamly","Singapore &amp; Malaysia &amp; Thailand-eSIM-1GB-10 Days-Total",1,10,1.4,1.4,,yes
singapore,"Esimglobe","eSIM Singapore Unlimited Singapore 1GB/Day / 1",1,1,1.4,1.4,,no
singapore,"Voyasim","Singapore 1GB 7Days",1,7,1.4,1.4,,no
singapore,"ASIMGO","eSIM Singapore - Malaysia - Thailand (Support TikTok) - 1 Day / Daily 1GB",1,1,1.41,1.41,,yes
singapore,"ASIMGO","eSIM Asia&amp;Europe - 52 Countries - 1 Day / Daily 1GB",1,1,1.41,1.41,,yes
singapore,"MicroEsim","Singapore &amp; Malaysia &amp; Thailand eSIM 5G - 1 Day / Daily 500MB",0.5,1,0.71,1.42,,yes
singapore,"RedEx eSIM","1 GB - 7 Days",1,7,1.42,1.42,,no
singapore,"Billion Connect","Southeast Asia eSIM [5 Countries] 3 Days 1GB",1,3,1.43,1.43,,yes
singapore,"Billion Connect","Singapore eSIM 1 Day 1GB/Day",1,1,1.43,1.43,,no
singapore,"Billion Connect","Singapore eSIM 3 Days 1GB",1,3,1.43,1.43,,no
singapore,"YonoSIM","Singapore 1GB/Day FUP1Mbps (nonhkip)",1,1,1.43,1.43,,no
singapore,"Superalink","Singapore - Regular",0.5,7,0.72,1.44,,yes
singapore,"YonoSIM","Singapore 500MB/Day (nonhkip)",0.5,1,0.72,1.44,,no
singapore,"ESIM.DOG 🐶","⚡️ [5G] Asia (3 countries) - Best 5G Coverage (1GB/1Days) - Pink route",1,1,1.44,1.44,,no
singapore,"Hiroaming","Singapore 500MB 7Days",0.5,7,0.73,1.46,,no
singapore,"4S eSIM","Singapore 1GB - 1 Day",1,1,1.47,1.47,,no
singapore,"SimSwift","Singapore 1GB 7Days",1,7,1.49,1.49,,no
singapore,"SimSwift","Singapore 1GB/Day FUP1Mbps",1,1,1.49,1.49,,no
singapore,"MoodSIM","Singapore 1 GB 7 Days",1,7,1.49,1.49,,no
singapore,"MoodSIM","Singapore Unlimited (1 GB/day, then 1 Mbps) 1 Day",1,1,1.49,1.49,,no
singapore,"YonoSIM","Singapore &amp; Malaysia 1GB/Day",1,1,1.49,1.49,,no
singapore,"ESIM.DOG 🐶","🎁 $0.75 + VPN | [5G] Singtel Singapore - Best 5G Coverage (500MB/7Days) - Black route",0.5,7,0.75,1.5,,yes
singapore,"YonoSIM","Singapore 500MB/Day",0.5,1,0.75,1.5,,no
singapore,"Instabridge","1 GB Singapore eSIM Mobile Data Plan",1,7,1.5,1.5,,no
singapore,"iRoamly","Singapore-eSIM-1GB-1 Day-Daily",1,1,1.5,1.5,,yes
singapore,"iRoamly","Singapore-eSIM-1GB-3 Days-Total",1,3,1.5,1.5,,yes
singapore,"iRoamly","Singapore &amp; Malaysia &amp; Thailand-eSIM-1GB-15 Days-Total",1,15,1.5,1.5,,yes
singapore,"Esimglobe","eSIM Singapore &amp; Malaysia &amp; Thailand Unlimited Singapore &amp; Malaysia &amp; Thailand 1GB/Day / 1",1,1,1.5,1.5,,no
singapore,"Journey Esims","Singapore 1 GB · 1 day",1,1,1.5,1.5,,no
singapore,"Journey Esims","Singapore 1 GB · 7 days",1,7,1.5,1.5,,no
singapore,"YonoSIM","Singapore &amp; Malaysia &amp; Thailand 1GB/Day",1,1,1.5,1.5,,no
singapore,"4S eSIM","Singapore 1GB - 5 Days",1,5,1.51,1.51,,no
singapore,"Superalink","Singapore - 500MB/day",0.5,3,0.76,1.52,,yes
singapore,"ESIM.DOG 🐶","⚡️ [5G] Asia (3 countries) - Best 5G Coverage (1GB/1Days) - Pink route",1,1,1.52,1.52,,no
singapore,"AlpineSIM","AlpineSIM Singapore &amp; Malaysia &amp; Thailand eSIM - 1GB | 7Days",1,7,1.5468490270982493,1.547,,yes
singapore,"4S eSIM","Singapore 1GB - 7 Days",1,7,1.55,1.55,,no
singapore,"ESIM.DOG 🐶","⚡️ [5G] Asia (3 countries) - Best 5G Coverage (1GB/1Days) - Pink route",1,1,1.59,1.59,,no
singapore,"ESIM.DOG 🐶","⚡️ [5G] Asia (2 countries) - Best 5G Coverage (1GB/1Days) - Pink route",1,1,1.59,1.59,,no
singapore,"ESIM.DOG 🐶","🎁 $0.80 + VPN | Best Coverage in Singapore (500MB/1Days) - Pink route",0.5,1,0.8,1.6,,no
singapore,"iRoamly","Singapore &amp; Malaysia &amp; Thailand-eSIM-1GB-30 Days-Total",1,30,1.6,1.6,,yes
singapore,"Hiroaming","Singapore 1GB 7Days (nonhkip)",1,7,1.6,1.6,,no
singapore,"AlpineSIM","AlpineSIM Unlimited Singapore &amp; Malaysia &amp; Thailand eSIM - 500MB/Day / 1",0.5,1,0.8043614940910897,1.609,,yes
singapore,"ESIM.DOG 🐶","⚡️ Best Coverage in Singapore (500MB/3Days) - Yellow route",0.5,3,0.81,1.62,,no
singapore,"abesteSIM","eSIM Global (23 Destinations) - 1 Day / Daily 500MB",0.5,1,0.8136420041724836,1.627,,yes
singapore,"Superalink","Singapore - 5GB/day",5,7,8.17,1.634,,yes
singapore,"Stellar eSim","Singapore 500MB/Day (nonhkip) + Free Stellar VPN",0.5,1,0.8555406400000001,1.711,,no
singapore,"Stellar eSim","Singapore 500MB/Day + Free Stellar VPN",0.5,1,0.8555406400000001,1.711,,no
singapore,"Stellar eSim","Singapore 500MB 7Days + Free Stellar VPN",0.5,7,0.8555406400000001,1.711,,no
singapore,"MicroEsim","Southeast Asia eSIM 5 Countries - 1 Day / Daily 500MB",0.5,1,0.88,1.76,,yes
singapore,"Esimglobe","eSIM Singapore &amp; Malaysia &amp; Thailand Unlimited Singapore &amp; Malaysia &amp; Thailand 500MB/Day / 1",0.5,1,0.9,1.8,,no
singapore,"ESIM.DOG 🐶","🎁 $0.90 + VPN | [5G] Singtel Singapore - Best 5G Coverage (500MB/30Days) - Black route",0.5,30,0.9,1.8,,yes
singapore,"YonoSIM","Singapore &amp; Malaysia &amp; Thailand 500MB/Day",0.5,1,0.9,1.8,,no
singapore,"SimSmash","Singapore Daily Unlimited 0.49GB/day for 1 Days",0.49,1,0.89,1.816,,yes
singapore,"Hiroaming","Singapore 500MB/Day",0.5,1,0.91,1.82,,no
singapore,"Stellar eSim","Asia (7 areas) 500MB/Day + Free Stellar VPN",0.5,1,0.95959288,1.919,,no
singapore,"Earth Esim","500MB/1 Day Singapore 5G eSIM",0.5,1,0.99,1.98,,yes
singapore,"Lumbus","Singapore 500MB 7Days",0.5,7,0.99,1.98,,no
singapore,"Lumbus","Singapore &amp; Malaysia &amp; Thailand 50",0.5,1,0.99,1.98,,no
singapore,"Connect Me Guru","Singapore 500MB 7Days",0.5,7,1,2,,yes
singapore,"ASIMGO","eSIM Singapore - 2 Days / Daily 500MB",0.5,2,1.08,2.16,,no
singapore,"Connect Me Guru","Singapore 500MB/Day (nonhkip)",0.5,1,1.13,2.26,,yes
singapore,"Connect Me Guru","Singapore 500MB/Day",0.5,1,1.15,2.3,,yes
singapore,"abesteSIM","eSIM Asia (10 Regions) - 1 Day / Total 200MB",0.2,1,0.46940884856104814,2.347,,yes
singapore,"Voyasim","Singapore 500MB/Day (nonhkip)",0.5,1,1.2,2.4,,no
singapore,"Voyasim","Singapore 500MB/Day",0.5,1,1.2,2.4,,no
singapore,"Billion Connect","Southeast Asia eSIM [5 Countries] 1 Day 500MB/Day",0.5,1,1.21,2.42,,yes
singapore,"AlpineSIM","AlpineSIM Unlimited Asia (7 areas) eSIM - 500MB/Day / 1",0.5,1,1.2127296372450274,2.425,,yes
singapore,"Superalink","Singapore - 500MB/day",0.5,5,1.23,2.46,,yes
singapore,"MicroEsim","Singapore eSIM - 3 Days / Daily 500MB",0.5,3,1.26,2.52,ESIMDB,no
singapore,"Stellar eSim","Asia (20 areas) 500MB/Day + Free Stellar VPN",0.5,1,1.2601882400000002,2.52,,no
singapore,"abesteSIM","eSIM Malaysia &amp; Thailand - 3 Days / Daily 500MB",0.5,3,1.275227371924181,2.55,,yes
singapore,"Connect Me Guru","Singapore &amp; Malaysia &amp; Thailand 500MB/Day",0.5,1,1.3,2.6,,no
singapore,"MicroEsim","Singapore &amp; Malaysia &amp; Thailand eSIM 5G - 3 Days / Daily 500MB",0.5,3,1.3,2.6,ESIMDB,yes
singapore,"ESIM.DOG 🐶","⚡️ [5G] Asia (18 countries) - Best 5G Coverage (500MB/3Days) - Yellow route",0.5,3,1.31,2.62,,yes
singapore,"Stellar eSim","Asia (12 areas) 500MB/Day + Free Stellar VPN",0.5,1,1.34111776,2.682,,no
singapore,"YonoSIM","Asia (7 areas) 500MB/Day",0.5,1,1.35,2.7,,no
singapore,"ASIMGO","eSIM Singapore - 3 Days / Daily 500MB",0.5,3,1.37,2.74,,no
singapore,"Soovia eSIM","Singapore 500MB 7 Days",0.5,7,1.4,2.8,,yes
singapore,"ESIM.DOG 🐶","⚡️ Starhub Singapore - Best Coverage (500MB/1Days) - Blue route",0.5,1,1.41,2.82,,yes
singapore,"Billion Connect","Singapore eSIM 1 Day 500MB/Day",0.5,1,1.43,2.86,,no
singapore,"ESIM.DOG 🐶","⚡️ [5G] Asia (5 countries) - Best 5G Coverage (500MB/1Days) - Pink route",0.5,1,1.45,2.9,,no
singapore,"merdata","eSIM Singapore 500 MB 7 days",0.5,7,1.471768269229895,2.944,,no
singapore,"abesteSIM","eSIM Southeast Asia (5 Countries) - 3 Days / Daily 500MB",0.5,3,1.4864613537766524,2.973,,yes
singapore,"Earth Esim","500MB/1 Day SG, TH &amp; MY 5G",0.5,1,1.49,2.98,,yes
singapore,"MoodSIM","Singapore Unlimited (500 MB/day, then 384 Kbps) 1 Day",0.5,1,1.49,2.98,,no
singapore,"MoodSIM","SEA Trio Unlimited (500 MB/day, then 128 Kbps) 1 Day",0.5,1,1.49,2.98,,yes
singapore,"MoodSIM","Singapore Unlimited (500 MB/day, then 512 Kbps) 1 Day",0.5,1,1.49,2.98,,no
singapore,"GIGAGO","Singapore eSIM",0.5,1,1.5,3,,no
singapore,"GIGAGO","Singapore Malaysia eSIM",0.5,1,1.5,3,,no
singapore,"Voyasim","Singapore &amp; Malaysia &amp; Thailand 500MB/Day",0.5,1,1.5,3,,yes
singapore,"ESIM.DOG 🐶","⚡️ Best Coverage in Singapore (200MB/30Days) - Yellow route",0.2,30,0.61,3.05,,no
singapore,"ASIMGO","eSIM Singapore - 4 Days / Daily 500MB",0.5,4,1.55,3.1,,no
singapore,"Wiiline","for Singapore 1 Days 0.49GB 490 MB",0.49,1,1.52,3.102,,no
singapore,"ESIM.DOG 🐶","⚡️ [5G] Asia (3 countries) - Best 5G Coverage (500MB/1Days) - Blue route",0.5,1,1.56,3.12,,yes
singapore,"Horizon eSIM","Singapore 100MB 7Days",0.1,7,0.31215672000000005,3.122,,no
singapore,"ESIM.DOG 🐶","⚡️ Best Coverage in Singapore (500MB/1Days) - Green route",0.5,1,1.58,3.16,,no
singapore,"ESIM.DOG 🐶","⚡️ Asia (10 countries) - Best Coverage (500MB/1Days) - Green route",0.5,1,1.58,3.16,,no
singapore,"abesteSIM","eSIM Asia+Europe 52 Regions - 3 Days / Daily 500MB",0.5,3,1.5803431234888623,3.161,,yes
singapore,"abesteSIM","eSIM Malaysia &amp; Thailand (Support TikTok) - 3 Days / Daily 500MB",0.5,3,1.595990085107564,3.192,,yes
singapore,"iRoamly","Singapore &amp; Malaysia &amp; Thailand-eSIM-500MB-3 Days-Daily",0.5,3,1.6,3.2,,yes
singapore,"DashRoam","Singapore 500MB 7Days",0.5,7,1.6,3.2,,no
singapore,"ASIMGO","eSIM Southeast Asia (5 Countries) - 3 Days / Daily 500MB",0.5,3,1.61,3.22,,yes
singapore,"Simsima","Singapore 100MB 7Days",0.1,7,0.4,4,,no
singapore,"AlpineSIM","AlpineSIM Singapore eSIM - 100MB | 7Days",0.1,7,0.4207429353707238,4.207,,no
singapore,"Voyasim","Singapore 100MB 7Days",0.1,7,0.5,5,,no
singapore,"MicroEsim","Asia eSIM 10 Regions - Support TikTok - 1 Day / Total 200MB",0.2,1,1.01,5.05,ESIMDB,yes
singapore,"ESIM.DOG 🐶","🎁 $0.53 + VPN | [5G] Singtel Singapore - Best 5G Coverage (100MB/1Days) - Black route",0.1,1,0.53,5.3,,yes
singapore,"Hiroaming","Singapore 100MB 7Days",0.1,7,0.54,5.4,,no
singapore,"ESIM.DOG 🐶","🎁 $0.55 + VPN | [5G] Singtel Singapore - Best 5G Coverage (100MB/30Days) - Black route",0.1,30,0.55,5.5,,yes
singapore,"ESIM.DOG 🐶","🎁 $0.60 + VPN | [5G] Singtel Singapore - Best 5G Coverage (100MB/90Days) - Black route",0.1,90,0.6,6,,yes
singapore,"Superalink","Singapore - Regular",0.1,1,0.63,6.3,,yes
singapore,"Superalink","Singapore - Regular",0.1,3,0.65,6.5,,yes
singapore,"Superalink","Singapore - Regular",0.1,5,0.67,6.7,,yes
singapore,"Superalink","Singapore - Regular",0.1,7,0.69,6.9,,yes
singapore,"Connect Me Guru","Singapore 100MB 7Days",0.1,7,0.85,8.5,,yes
singapore,"Stellar eSim","Singapore 100MB 7Days + Free Stellar VPN",0.1,7,0.8555406400000001,8.555,,no
singapore,"Roamix","Singapore 100MB 1Days",0.1,1,0.95,9.5,,no
singapore,"Roamix","Singapore 100MB 3Days",0.1,3,0.95,9.5,,no
singapore,"Roamix","Singapore 100MB 5Days",0.1,5,0.95,9.5,,no
singapore,"Roamix","Singapore 100MB 7Days",0.1,7,0.95,9.5,,no
singapore,"Keepgo","Norm",0.1,0,1,10,,yes
singapore,"Journey Esims","Singapore 100 MB · 1 day",0.1,1,1,10,,no
singapore,"Journey Esims","Regional (10 countries) 100 MB · 1 day",0.1,1,1,10,,no
singapore,"Zwitchy","Singapore · 100 MB · 1 day",0.1,1,1,10,,yes
singapore,"DashRoam","Singapore 100MB 7Days",0.1,7,1.45,14.5,,no
spain,"Stellar eSim","Spain 3GB 30Days + Free Stellar VPN",3,30,0.6243134400000001,0.208,,no
spain,"ESIM.DOG 🐶","⚡️ [5G] Movistar Spain - Best 5G Coverage (3GB/1Days) - Black route",3,1,0.71,0.237,,yes
spain,"ESIM.DOG 🐶","⚡️ [5G] Movistar Spain - Best 5G Coverage (3GB/3Days) - Black route",3,3,0.71,0.237,,yes
spain,"ESIM.DOG 🐶","⚡️ [5G] Movistar Spain - Best 5G Coverage (3GB/5Days) - Black route",3,5,0.71,0.237,,yes
spain,"ESIM.DOG 🐶","⚡️ [5G] Movistar Spain - Best 5G Coverage (3GB/7Days) - Black route",3,7,0.76,0.253,,yes
spain,"ESIM.DOG 🐶","⚡️ [5G] Movistar Spain - Best 5G Coverage (3GB/10Days) - Black route",3,10,0.76,0.253,,yes
spain,"ESIM.DOG 🐶","⚡️ [5G] Movistar Spain - Best 5G Coverage (3GB/30Days) - Black route",3,30,0.76,0.253,,yes
spain,"ESIM.DOG 🐶","⚡️ [5G] Movistar Spain - Best 5G Coverage (3GB/12Days) - Black route",3,12,0.76,0.253,,yes
spain,"ESIM.DOG 🐶","⚡️ [5G] Movistar Spain - Best 5G Coverage (3GB/14Days) - Black route",3,14,0.76,0.253,,yes
spain,"ESIM.DOG 🐶","⚡️ [5G] Movistar Spain - Best 5G Coverage (3GB/20Days) - Black route",3,20,0.76,0.253,,yes
spain,"ESIM.DOG 🐶","⚡️ [5G] Movistar Spain - Best 5G Coverage (3GB/21Days) - Black route",3,21,0.76,0.253,,yes
spain,"ESIM.DOG 🐶","⚡️ [5G] Movistar Spain - Best 5G Coverage (3GB/25Days) - Black route",3,25,0.76,0.253,,yes
spain,"ESIM.DOG 🐶","⚡️ [5G] Movistar Spain - Best 5G Coverage (3GB/15Days) - Black route",3,15,0.76,0.253,,yes
spain,"ESIM.DOG 🐶","⚡️ [5G] Movistar Spain - Best 5G Coverage (5GB/1Days) - Black route",5,1,1.45,0.29,,yes
spain,"Stellar eSim","Spain 5GB/Day + Free Stellar VPN",5,1,1.4682927200000002,0.294,,no
spain,"ESIM.DOG 🐶","⚡️ [5G] Movistar Spain - Best 5G Coverage (4GB/1Days) - Black route",4,1,1.45,0.362,,yes
spain,"ESIM.DOG 🐶","⚡️ [5G] Movistar Spain - Best 5G Coverage (2GB/15Days) - Black route",2,15,0.76,0.38,,yes
spain,"ESIM.DOG 🐶","⚡️ [5G] Movistar Spain - Best 5G Coverage (2GB/30Days) - Black route",2,30,0.76,0.38,,yes
spain,"Horizon eSIM","Spain 1GB 7Days",1,7,0.38152488000000007,0.382,,no
spain,"Stellar eSim","Europe (35 areas) 4GB 30Days + Free Stellar VPN",4,30,1.5839063200000003,0.396,,no
spain,"ESIM.DOG 🐶","⚡️ [5G] Europe (35 countries) - Best 5G Coverage (3GB/15Days) - Blue route",3,15,1.2,0.4,,yes
spain,"ESIM.DOG 🐶","⚡️ [5G] Europe (33 countries) - Best 5G Coverage (3GB/1Days) - Pink route",3,1,1.2,0.4,,no
spain,"ESIM.DOG 🐶","⚡️ [5G] Europe (33 countries) - Best 5G Coverage (3GB/3Days) - Pink route",3,3,1.2,0.4,,no
spain,"ESIM.DOG 🐶","⚡️ [5G] Europe (33 countries) - Best 5G Coverage (3GB/5Days) - Pink route",3,5,1.2,0.4,,no
spain,"ESIM.DOG 🐶","⚡️ [5G] Europe (33 countries) - Best 5G Coverage (3GB/7Days) - Pink route",3,7,1.2,0.4,,no
spain,"ESIM.DOG 🐶","⚡️ [5G] Europe (33 countries) - Best 5G Coverage (3GB/10Days) - Pink route",3,10,1.2,0.4,,no
spain,"Stellar eSim","Europe (33 areas) 3GB 15Days + Free Stellar VPN",3,15,1.2139428,0.405,,no
spain,"Stellar eSim","Spain 3GB/Day FUP1Mbps + Free Stellar VPN",3,1,1.2139428,0.405,,no
spain,"Stellar eSim","Spain 3GB 15Days + Free Stellar VPN",3,15,1.2139428,0.405,,no
spain,"ESIM.DOG 🐶","⚡️ [5G] Europe (35 countries) - Best 5G Coverage (3GB/30Days) - Blue route",3,30,1.22,0.407,,yes
spain,"ESIM.DOG 🐶","⚡️ [5G] Europe (45 countries) - Best 5G Coverage (3GB/20Days) - Pink route",3,20,1.22,0.407,,no
spain,"Stellar eSim","Europe (35 areas) 3GB 30Days + Free Stellar VPN",3,30,1.2370655200000003,0.412,,no
spain,"Stellar eSim","Europe (33 areas) 3GB 30Days + Free Stellar VPN",3,30,1.2833109600000001,0.428,,no
spain,"Stellar eSim","Europe (35 areas) 3GB 15Days + Free Stellar VPN",3,15,1.30643368,0.435,,no
spain,"Stellar eSim","Europe (35 areas) 3GB/Day FUP1Mbps + Free Stellar VPN",3,1,1.31799504,0.439,,no
spain,"Stellar eSim","Europe (33 areas) 3GB/Day FUP1Mbps + Free Stellar VPN",3,1,1.3526791200000001,0.451,,no
spain,"ASIMGO","eSIM Spain - 3 Days / Total 3GB",3,3,1.41,0.47,,yes
spain,"Stellar eSim","Spain 2GB/Day + Free Stellar VPN",2,1,1.02896104,0.514,,no
spain,"Stellar eSim","Europe (33 areas) 2GB 15Days + Free Stellar VPN",2,15,1.0520837600000001,0.526,,no
spain,"Stellar eSim","Europe (35 areas) 2GB 30Days + Free Stellar VPN",2,30,1.07520648,0.538,,no
spain,"eSIMX","Spain 20GB 7Days",20,7,10.8,0.54,,yes
spain,"Stellar eSim","Europe (33 areas) 2GB 30Days + Free Stellar VPN",2,30,1.10989056,0.555,,no
spain,"Stellar eSim","Europe (35 areas) 2GB 15Days + Free Stellar VPN",2,15,1.1330132800000001,0.567,,no
spain,"ESIM.DOG 🐶","⚡️ [5G] Europe (33 countries) - Best 5G Coverage (2GB/1Days) - Pink route",2,1,1.14,0.57,,no
spain,"Stellar eSim","Europe (35 areas) 2GB/Day FUP1Mbps + Free Stellar VPN",2,1,1.156136,0.578,,no
spain,"ESIM.DOG 🐶","⚡️ [5G] Europe (28 countries) - Best 5G Coverage (2GB/15Days) - Yellow route",2,15,1.2,0.6,,yes
spain,"Stellar eSim","Europe (33 areas) 2GB/Day FUP1Mbps + Free Stellar VPN",2,1,1.2023814400000001,0.601,,no
spain,"RedEx eSIM","Unlimited Data - 1 Days (2 GB / 384 KBPS)",2,1,1.24,0.62,,no
spain,"Billion Connect","Global eSIM [45 Countries] 1 Day 2GB/Day",2,1,1.25,0.625,,yes
spain,"Stellar eSim","Spain 2GB/Day FUP1Mbps + Free Stellar VPN",2,1,1.2601882400000002,0.63,,no
spain,"ESIM.DOG 🐶","⚡️ [5G] Europe (35 countries) - Best 5G Coverage (1GB/7Days) - Blue route",1,7,0.66,0.66,,yes
spain,"ESIM.DOG 🐶","⚡️ [5G] Europe (33 countries) - Best 5G Coverage (1GB/5Days) - Pink route",1,5,0.66,0.66,,no
spain,"ESIM.DOG 🐶","⚡️ [5G] Europe (33 countries) - Best 5G Coverage (1GB/1Days) - Pink route",1,1,0.66,0.66,,no
spain,"AlpineSIM","AlpineSIM Unlimited Spain eSIM - 2GB/Day / 1",2,1,1.3241027671961014,0.662,,yes
spain,"Stellar eSim","Europe (35 areas) 1GB 7Days + Free Stellar VPN",1,7,0.67055888,0.671,,no
spain,"Stellar eSim","Europe (33 areas) 1GB 7Days + Free Stellar VPN",1,7,0.68212024,0.682,,no
spain,"eSIM4Travel","Best Europe 41 - 1GB/1Days",1,1,0.69,0.69,,yes
spain,"eSIM4Travel","Best Europe 41 - 1GB/7Days",1,7,0.69,0.69,,yes
spain,"Stellar eSim","Spain 1GB/Day + Free Stellar VPN",1,1,0.6936816,0.694,,no
spain,"ASIMGO","eSIM Spain - 1 Day / Daily 2GB",2,1,1.41,0.705,,yes
spain,"ESIM.DOG 🐶","⚡️ [5G] Movistar Spain - Best 5G Coverage (1GB/5Days) - Black route",1,5,0.71,0.71,,yes
spain,"Billion Connect","Europe eSIM [33 Countries] 1 Day 2GB/Day",2,1,1.43,0.715,,yes
spain,"abesteSIM","eSIM Spain - 1 Day / Daily 2GB",2,1,1.431696988111197,0.716,,yes
spain,"abesteSIM","eSIM Europe (36 Countries) - 1 Day / Daily 2GB",2,1,1.4551674305392495,0.728,,yes
spain,"abesteSIM","eSIM Europe (32 Countries) - 1 Day / Daily 2GB",2,1,1.4551674305392495,0.728,,yes
spain,"AlpineSIM","AlpineSIM Unlimited Spain eSIM - 1GB/Day / 1",1,1,0.7301127407903737,0.73,,yes
spain,"RedEx eSIM","Unlimited Data - 1 Days (2 GB / 384 KBPS)",2,1,1.46,0.73,,no
spain,"YonoSIM","Spain 2GB/Day",2,1,1.47,0.735,,no
spain,"Stellar eSim","Europe (35 areas) 1GB/Day FUP1Mbps + Free Stellar VPN",1,1,0.7399270400000001,0.74,,no
spain,"Orange Travel","Spain 20GB",20,14,14.99,0.75,,no
spain,"Superalink","Spain - Regular",1,1,0.75,0.75,,yes
spain,"ESIM.DOG 🐶","🎁 $0.75 + VPN | [5G] Orange/Movistar Spain - Best 5G Coverage (1GB/7Days) - Blue route",1,7,0.75,0.75,,yes
spain,"thirr.com","ES 1GB 3D",1,3,0.7514884000000001,0.751,,yes
spain,"Stellar eSim","Europe (33 areas) 1GB/Day FUP1Mbps + Free Stellar VPN",1,1,0.7514884000000001,0.751,,no
spain,"Stellar eSim","Spain 1GB 7Days + Free Stellar VPN",1,7,0.7514884000000001,0.751,,no
spain,"Superalink","Spain - Regular",2,1,1.51,0.755,,yes
spain,"ESIM.DOG 🐶","⚡️ [5G] Movistar Spain - Best 5G Coverage (1GB/15Days) - Black route",1,15,0.76,0.76,,yes
spain,"ESIM.DOG 🐶","⚡️ [5G] Movistar Spain - Best 5G Coverage (1GB/20Days) - Black route",1,20,0.76,0.76,,yes
spain,"ESIM.DOG 🐶","⚡️ [5G] Movistar Spain - Best 5G Coverage (1GB/30Days) - Black route",1,30,0.76,0.76,,yes
spain,"ESIM.DOG 🐶","⚡️ [5G] Movistar Spain - Best 5G Coverage (1GB/10Days) - Black route",1,10,0.76,0.76,,yes
spain,"ESIM.DOG 🐶","⚡️ [5G] Movistar Spain - Best 5G Coverage (1GB/7Days) - Black route",1,7,0.76,0.76,,yes
spain,"ESIM.DOG 🐶","⚡️ [5G] Europe (34 countries) - Best 5G Coverage (1.5GB/1Days) - Blue route",1.5,1,1.14,0.76,,yes
spain,"Superalink","Spain - Regular",2,3,1.53,0.765,,yes
spain,"abesteSIM","eSIM Spain - 1 Day / Daily 500MB",0.5,1,0.3833505596581893,0.767,,yes
spain,"Superalink","Spain - Regular",1,3,0.77,0.77,,yes
spain,"ASIMGO","eSIM Spain - 1 Day / Daily 500MB",0.5,1,0.39,0.78,,yes
spain,"MicroEsim","Spain eSIM 5G - 1 Day / Daily 2GB",2,1,1.56,0.78,ESIMDB,yes
spain,"abesteSIM","eSIM Europe (36 Countries) - 1 Day / Daily 500MB",0.5,1,0.3911740404675402,0.782,,yes
spain,"Superalink","Spain - Regular",2,5,1.57,0.785,,yes
spain,"MicroEsim","Europe eSIM 36 Countries - 1 Day / Daily 2GB",2,1,1.57,0.785,ESIMDB,yes
spain,"Superalink","Spain - Regular",1,5,0.79,0.79,,yes
spain,"ASIMGO","eSIM Europe (36 Countries) - 1 Day / Daily 2GB",2,1,1.58,0.79,,yes
spain,"ASIMGO","eSIM Europe - 32 Countries - 1 Day / Daily 2GB",2,1,1.58,0.79,,yes
spain,"GlobaleSIM","Spain",15,30,12,0.8,,no
spain,"ASIMGO","eSIM Europe (36 Countries) - 1 Day / Daily 500MB",0.5,1,0.4,0.8,,yes
spain,"Stellar eSim","Europe (35 areas) 750MB 7Days + Free Stellar VPN",0.75,7,0.6011907200000001,0.802,,no
spain,"AlpineSIM","AlpineSIM Spain eSIM - 1GB | 7Days",1,7,0.8043614940910897,0.804,,yes
spain,"YonoSIM","Spain 1GB/Day",1,1,0.81,0.81,,no
spain,"Stellar eSim","Europe (33 areas) 750MB 7Days + Free Stellar VPN",0.75,7,0.61275208,0.817,,no
spain,"Superalink","Spain - Regular",1,7,0.82,0.82,,yes
spain,"ESIM.DOG 🐶","⚡️ [5G] Europe (33 countries) - Best 5G Coverage (800MB/1Days) - Pink route",0.8,1,0.66,0.825,,no
spain,"abesteSIM","eSIM Europe (32 Countries) - 1 Day / Daily 500MB",0.5,1,0.4146444828955926,0.829,,yes
spain,"Superalink","Spain - Regular",1,10,0.83,0.83,,yes
spain,"ASIMGO","eSIM Europe - 32 Countries - 1 Day / Daily 500MB",0.5,1,0.42,0.84,,yes
spain,"AlpineSIM","AlpineSIM Unlimited Spain eSIM - 500MB/Day / 1",0.5,1,0.4207429353707238,0.841,,yes
spain,"Superalink","Spain - Regular",1,15,0.85,0.85,,yes
spain,"Stellar eSim","Spain 1GB/Day FUP1Mbps + Free Stellar VPN",1,1,0.8555406400000001,0.856,,no
spain,"Superalink","Spain - Regular",1,20,0.86,0.86,,yes
spain,"GoMoWorld","Spain",15,30,12.99,0.866,,no
spain,"Superalink","Spain - Regular",1,30,0.87,0.87,,yes
spain,"AlpineSIM","AlpineSIM Europe (35 areas) eSIM - 1GB | 7Days",1,7,0.8786102473918056,0.879,,yes
spain,"AlpineSIM","AlpineSIM Europe (33 areas) eSIM - 1GB | 7Days",1,7,0.8909850396085915,0.891,,yes
spain,"ESIM888","Spain (1GB/7DAYS)",1,7,0.9,0.9,,no
spain,"abesteSIM","eSIM Asia+Europe 52 Regions - 1 Day / Daily 500MB",0.5,1,0.46158536775169734,0.923,,yes
spain,"AlpineSIM","AlpineSIM Unlimited Europe (35 areas) eSIM - 1GB/Day / 1",1,1,0.9281094162589496,0.928,,yes
spain,"ASIMGO","eSIM Asia&amp;Europe - 52 Countries - 1 Day / Daily 500MB",0.5,1,0.47,0.94,,yes
spain,"AlpineSIM","AlpineSIM Unlimited Europe (33 areas) eSIM - 1GB/Day / 1",1,1,0.9404842084757357,0.94,,yes
spain,"MicroEsim","Spain eSIM 5G - 1 Day / Daily 1GB",1,1,0.95,0.95,,yes
spain,"YonoSIM","Spain 1GB/Day FUP1Mbps",1,1,0.95,0.95,,no
spain,"MicroEsim","Europe eSIM 33 Countries - 1 Day / Daily 1GB",1,1,0.98,0.98,,yes
spain,"Textr eSIM","Spain 1GB",1,7,0.99,0.99,,no
spain,"SimSmash","Spain Daily Unlimited 1GB/day for 1 Days",1,1,0.99,0.99,,yes
spain,"Voyasim","Spain 500MB/Day",0.5,1,0.5,1,,yes
spain,"EZsim","Spain - 1GB/7Days",1,7,1,1,,no
spain,"Wiiline","for Spain 7 Days 1GB - 7 days",1,7,1,1,,yes
spain,"Orbit Mobile","Global Pass",1,1,1,1,,no
spain,"eSIMNEXA","Spain 1GB 3Days",1,3,1,1,,yes
spain,"mobineX","Unlimited Standard",1,1,1,1,,yes
spain,"abesteSIM","eSIM Spain - 1 Day / Daily 1GB",1,1,1.0014055435969027,1.001,,yes
spain,"abesteSIM","eSIM Europe (36 Countries) - 1 Day / Daily 1GB",1,1,1.0170525052156045,1.017,,yes
spain,"YonoSIM","Europe (35 areas) 1GB/Day FUP1Mbps",1,1,1.02,1.02,,no
spain,"Hiroaming","Spain 1GB 7Days",1,7,1.04,1.04,,no
spain,"Yesim","Spain",0.5,1,0.5202612000000001,1.041,,yes
spain,"Yesim","Europe &amp; UK",0.5,1,0.5202612000000001,1.041,,yes
spain,"abesteSIM","eSIM Europe (49 Destinations) - 1 Day / Daily 500MB",0.5,1,0.5241732142265039,1.048,,yes
spain,"Yatelo","ESP 1GB 7 Days",1,7,1.05,1.05,,yes
spain,"YonoSIM","Europe (33 areas) 1GB/Day FUP1Mbps",1,1,1.07,1.07,,no
spain,"ASIMGO","eSIM Europe (49 Destinations) - 1 Day / Daily 500MB",0.5,1,0.54,1.08,,yes
spain,"SimSmash","Spain 1GB for 7 Days",1,7,1.09,1.09,,yes
spain,"Billion Connect","Global eSIM [45 Countries] 1 Day 1GB/Day",1,1,1.11,1.11,,yes
spain,"MicroEsim","Europe eSIM 36 Countries - 1 Day / Daily 1GB",1,1,1.12,1.12,ESIMDB,yes
spain,"ASIMGO","eSIM Spain - 1 Day / Daily 1GB",1,1,1.12,1.12,,yes
spain,"ASIMGO","eSIM Europe (36 Countries) - 1 Day / Daily 1GB",1,1,1.13,1.13,,yes
spain,"Hiroaming","Europe (35 areas) 1GB 7Days",1,7,1.13,1.13,,no
spain,"Hiroaming","Spain 1GB/Day FUP1Mbps",1,1,1.14,1.14,,no
spain,"abesteSIM","eSIM Europe (32 Countries) - 1 Day / Daily 1GB",1,1,1.1422281981652171,1.142,,yes
spain,"Roamic","Spain eSIM 1GB / 7 Days",1,7,1.14457464,1.145,,no
spain,"Hiroaming","Spain 500MB/Day",0.5,1,0.58,1.16,,no
spain,"Hiroaming","Europe (33 areas) 1GB 7Days",1,7,1.16,1.16,,no
spain,"RedEx eSIM","Spain 1GB/Day",1,1,1.17,1.17,,yes
spain,"MicroEsim","Europe eSIM 42 Countries - 1 Day / Daily 1GB",1,1,1.18,1.18,ESIMDB,yes
spain,"nadanada","eSIM, 1GB, 7 Days, Europe Extra",1,7,1.19,1.19,,no
spain,"4S eSIM","Spain 1GB - 1 Day",1,1,1.19,1.19,,no
spain,"4S eSIM","Europe+ 1GB - 1 Day",1,1,1.19,1.19,,no
spain,"AdventureSIMs","Spain 1GB 7 Days",1,7,1.1946613545329534,1.195,,yes
spain,"AdventureSIMs","Europe Saver 1GB 7 Days",1,7,1.1946613545329534,1.195,,yes
spain,"Ubigi","",10,30,12,1.2,,yes
spain,"ESIM.DOG 🐶","🎁 $0.60 + VPN | [5G] Movistar Spain - Best 5G Coverage (500MB/1Days) - Black route",0.5,1,0.6,1.2,,yes
spain,"voilà","",1,7,1.2,1.2,,yes
spain,"mobineX","1 GB - 3 days",1,3,1.2,1.2,,yes
spain,"Earth Esim","1GB/1 Day Europe Region",1,1,1.2,1.2,,yes
spain,"ESIM.DOG 🐶","⚡️ [5G] Europe (33 countries) - Best 5G Coverage (1GB/10Days) - Pink route",1,10,1.2,1.2,,no
spain,"ESIM.DOG 🐶","⚡️ [5G] Europe (33 countries) - Best 5G Coverage (1GB/15Days) - Pink route",1,15,1.2,1.2,,no
spain,"abesteSIM","eSIM Global (66 Destinations) - 1 Day / Daily 500MB",0.5,1,0.6024080223200119,1.205,,yes
spain,"Billion Connect","Europe eSIM [33 Countries] 1 Day 1GB/Day",1,1,1.21,1.21,,yes
spain,"RedEx eSIM","1 GB - 7 Days",1,7,1.21,1.21,,no
spain,"Connect Me Guru","Spain 1GB/Day",1,1,1.21,1.21,,yes
spain,"4S eSIM","Spain 1GB - 5 Days",1,5,1.21,1.21,,no
spain,"4S eSIM","Europe+ 1GB - 5 Days",1,5,1.21,1.21,,no
spain,"ESIM.DOG 🐶","⚡️ [5G] Europe (33 countries) - Best 5G Coverage (1GB/20Days) - Pink route",1,20,1.22,1.22,,no
spain,"4S eSIM","Spain 1GB - 7 Days",1,7,1.24,1.24,,no
spain,"4S eSIM","Europe+ 1GB - 7 Days",1,7,1.24,1.24,,no
spain,"Hiroaming","Europe (35 areas) 1GB/Day FUP1Mbps",1,1,1.24,1.24,,no
spain,"Connect Me Guru","Spain 1GB 7Days",1,7,1.26,1.26,,yes
spain,"ASIMGO","eSIM Europe - 32 Countries - 1 Day / Daily 1GB",1,1,1.26,1.26,,yes
spain,"Horizon eSIM","Europe 1 GB / 30 days",1,30,1.2601882400000002,1.26,,no
spain,"Yatelo","EUR 1GB 7 Days",1,7,1.27,1.27,,yes
spain,"Stellar eSim","Europe(30+ areas) 1GB 7Days + Free Stellar VPN",1,7,1.2717496000000001,1.272,,no
spain,"abesteSIM","eSIM Spain - 5 Days / Total 1GB",1,5,1.2830508527335316,1.283,,yes
spain,"Hiroaming","Europe (33 areas) 1GB/Day FUP1Mbps",1,1,1.29,1.29,,no
spain,"abesteSIM","eSIM Asia+Europe 52 Regions - 1 Day / Daily 1GB",1,1,1.2908743335428825,1.291,,yes
spain,"ESIM.DOG 🐶","🎁 $0.65 + VPN | [5G] Movistar Spain - Best 5G Coverage (500MB/30Days) - Black route",0.5,30,0.65,1.3,,yes
spain,"MicroEsim","Europe eSIM 33 Countries - 3 Days / Total 1GB",1,3,1.3,1.3,ESIMDB,yes
spain,"voilà","",1,7,1.3,1.3,,no
spain,"mobineX","1 GB - 7 days",1,7,1.3,1.3,,yes
spain,"Superalink","Spain - Regular",0.5,1,0.66,1.32,,yes
spain,"ESIM.DOG 🐶","⚡️ [5G] Europe (41 countries) - Best 5G Coverage (500MB/3Days) - Yellow route",0.5,3,0.66,1.32,,yes
spain,"RedEx eSIM","Spain 1GB/Day FUP1Mbps",1,1,1.32,1.32,,yes
spain,"SparkRoam","1 GB / 7 Days",1,7,1.33,1.33,,no
spain,"SparkRoam","1 GB / 7 Days",1,7,1.33,1.33,,no
spain,"Connect Me Guru","Europe (35 areas) 1GB 7Days",1,7,1.33,1.33,,no
spain,"abesteSIM","eSIM Europe (41 Countries) - 1 Day / Daily 1GB",1,1,1.3378152183989873,1.338,,yes
spain,"MicroEsim","Spain eSIM 5G - 5 Days / Total 1GB",1,5,1.34,1.34,ESIMDB,yes
spain,"FullBars","Spain 1GB · 7 days",1,7,1.3491997362601456,1.349,,yes
spain,"Connect Me Guru","Spain 1GB/Day FUP1Mbps",1,1,1.35,1.35,,yes
spain,"Superalink","Spain - Regular",0.5,3,0.68,1.36,,yes
spain,"Connect Me Guru","Europe (33 areas) 1GB 7Days",1,7,1.36,1.36,,no
spain,"Earth Esim","500MB/1 Day Spain 5G eSIM",0.5,1,0.69,1.38,,yes
spain,"MicroEsim","Europe eSIM 33 Countries - 5 Days / Total 1GB",1,5,1.39,1.39,ESIMDB,yes
spain,"eSIMCard","eSIM Data For 1GB in 3 Days, Spain",1,3,1.39,1.39,,yes
spain,"Textr eSIM","Europe 1GB",1,7,1.39,1.39,,no
spain,"MicroEsim","Europe eSIM 5G 41 Countries - 1 Day / Daily 1GB",1,1,1.39,1.39,ESIMDB,yes
spain,"Superalink","Spain - Regular",0.5,5,0.7,1.4,,yes
spain,"ESIM.DOG 🐶","🎁 $0.70 + VPN | Best Coverage in Spain (500MB/1Days) - Pink route",0.5,1,0.7,1.4,,no
spain,"Voyasim","Spain 1GB 7Days",1,7,1.4,1.4,,yes
spain,"Voyasim","Spain 1GB/Day",1,1,1.4,1.4,,yes
spain,"RedEx eSIM","Spain 1GB 7Days",1,7,1.4,1.4,,yes
spain,"ASIMGO","eSIM Spain - 5 Days / Total 1GB",1,5,1.4,1.4,,yes
spain,"mobineX","1 GB - 30 days",1,30,1.4,1.4,,yes
spain,"mobineX","Unlimited Standard",1,1,1.4,1.4,,yes
spain,"eSIM4Travel","Spain (Movistar, Orange, Vodafone) - 1GB/1Days",1,1,1.4,1.4,,yes
spain,"RedEx eSIM","Europe (35 areas) 1GB/Day FUP1Mbps",1,1,1.4,1.4,,yes
spain,"Ozly eSIM","Spain 1GB 7Days",1,7,1.4,1.4,,yes
spain,"SimSmash","Spain Daily Unlimited 0.49GB/day for 1 Days",0.49,1,0.69,1.408,,yes
spain,"TravelGator eSIM","Europe eSIM Roaming Data",1,30,1.4082265456831446,1.408,,no
spain,"ASIMGO","eSIM Asia&amp;Europe - 52 Countries - 1 Day / Daily 1GB",1,1,1.41,1.41,,yes
spain,"AlpineSIM","AlpineSIM Europe(30+ areas) eSIM - 1GB | 7Days",1,7,1.4107263127136034,1.411,,yes
spain,"ESIM.DOG 🐶","⚡️ Best Coverage in Spain (500MB/3Days) - Yellow route",0.5,3,0.71,1.42,,no
spain,"Connect Me Guru","Europe (35 areas) 1GB/Day FUP1Mbps",1,1,1.42,1.42,,no
spain,"Flysimio","Spain 1GB 7Days",1,7,1.43,1.43,,yes
spain,"Superalink","Spain - Regular",0.5,7,0.72,1.44,,yes
spain,"abesteSIM","eSIM Europe (49 Destinations) - 1 Day / Daily 1GB",1,1,1.4395204689205479,1.44,,yes
spain,"RedEx eSIM","1 GB - 7 Days",1,7,1.44,1.44,,no
spain,"RedEx eSIM","Europe (33 areas) 1GB/Day FUP1Mbps",1,1,1.44,1.44,,yes
spain,"eSIM4Travel","Spain (Movistar, Orange, Vodafone) - 1GB/7Days",1,7,1.45,1.45,,yes
spain,"Ozly eSIM","Europe (35 areas) 1GB 7Days",1,7,1.45,1.45,,yes
spain,"ASIMGO","eSIM Europe (41 Countries) - 1 Day / Daily 1GB",1,1,1.45,1.45,,yes
spain,"eSIM Agora","Spain 1GB/Day FUP1Mbps",1,1,1.45673136,1.457,,no
spain,"MicroEsim","Europe eSIM 33 Countries - 7 Days / Total 1GB",1,7,1.47,1.47,ESIMDB,yes
spain,"Connect Me Guru","Europe (33 areas) 1GB/Day FUP1Mbps",1,1,1.47,1.47,,no
spain,"MicroEsim","Europe eSIM 36 Countries - 7 Days / Total 1GB",1,7,1.48,1.48,ESIMDB,yes
spain,"SimSwift","Spain 1GB/Day",1,1,1.49,1.49,,no
spain,"Govora","Spain 1GB 7Days",1,7,1.49,1.49,,no
spain,"Govora","Europe (35 areas) 1GB 7Days",1,7,1.49,1.49,,no
spain,"MoodSIM","Spain 1 GB 7 Days",1,7,1.49,1.49,,yes
spain,"MoodSIM","Spain Unlimited (1 GB/day, then 512 Kbps) 1 Day",1,1,1.49,1.49,,yes
spain,"MoodSIM","Spain Unlimited (1 GB/day, then 1 Mbps) 1 Day",1,1,1.49,1.49,,yes
spain,"MoodSIM","Europe 1 GB 7 Days",1,7,1.49,1.49,,yes
spain,"MoodSIM","Europe Unlimited (1 GB/day, then 1 Mbps) 1 Day",1,1,1.49,1.49,,yes
spain,"MoodSIM","Europe 1 GB 7 Days",1,7,1.49,1.49,,yes
spain,"MoodSIM","Europe Unlimited (1 GB/day, then 1 Mbps) 1 Day",1,1,1.49,1.49,,yes
spain,"Earth Esim","1GB/1 Day Spain 5G eSIM",1,1,1.49,1.49,,yes
spain,"EscapeSIM","Spain 1GB",1,14,1.49,1.49,,yes
spain,"iRoamly","Spain-eSIM-1GB-1 Day-Daily",1,1,1.5,1.5,,yes
spain,"iRoamly","Spain-eSIM-1GB-3 Days-Total",1,3,1.5,1.5,,yes
spain,"Journey Esims","Spain 1 GB · 1 day",1,1,1.5,1.5,,no
spain,"Journey Esims","Spain 1 GB · 7 days",1,7,1.5,1.5,,no
spain,"Gaza Online","eSIM, Unlimited, (1GB) 1 Day, Spain",1,1,1.5,1.5,,yes
spain,"RedEx eSIM","Europe (35 areas) 1GB 7Days",1,7,1.5,1.5,,yes
spain,"Manet Travel","Local Spain - 7 Days - 1 GB",1,7,1.5029768000000001,1.503,,no
spain,"RedEx eSIM","Europe (33 areas) 1GB 7Days",1,7,1.53,1.53,,yes
spain,"MicroEsim","Europe eSIM 42 Countries - 3 Days / Total 1GB",1,3,1.54,1.54,ESIMDB,yes
spain,"MicroEsim","Europe eSIM 5G 49 Destinations - 1 Day / Daily 1GB",1,1,1.55,1.55,ESIMDB,yes
spain,"Flysimio","Europe (35 areas) 1GB 7Days",1,7,1.55,1.55,,yes
spain,"ESIM.DOG 🐶","⚡️ [5G] Europe (33 countries) - Best 5G Coverage (1GB/7Days) - Blue route",1,7,1.55,1.55,,yes
spain,"ASIMGO","eSIM Spain - 10 Days / Total 1GB",1,10,1.55,1.55,,yes
spain,"MicroEsim","Europe eSIM 33 Countries - 10 Days / Total 1GB",1,10,1.56,1.56,ESIMDB,yes
spain,"ASIMGO","eSIM Europe (49 Destinations) - 1 Day / Daily 1GB",1,1,1.56,1.56,,yes
spain,"eSIM Agora","Europe (33 areas) 1GB/Day FUP1Mbps",1,1,1.5723449600000003,1.572,,no
spain,"ESIM.DOG 🐶","⚡️ [5G] Europe (35 countries) - Best 5G Coverage (1GB/1Days) - Blue route",1,1,1.58,1.58,,yes
spain,"eSIM4Travel","Spain (Movistar, Orange, Vodafone) - 500MB/1Days",0.5,1,0.8,1.6,,yes
spain,"RedEx eSIM","Spain 500MB/Day",0.5,1,0.83,1.66,,yes
spain,"MicroEsim","Spain eSIM 5G - 1 Day / Daily 500MB",0.5,1,0.84,1.68,,yes
spain,"MicroEsim","Europe eSIM 36 Countries - 1 Day / Daily 500MB",0.5,1,0.85,1.7,,yes
spain,"Stellar eSim","Spain 500MB/Day + Free Stellar VPN",0.5,1,0.8555406400000001,1.711,,no
spain,"MicroEsim","Europe eSIM 33 Countries - 1 Day / Daily 500MB",0.5,1,0.86,1.72,,yes
spain,"Connect Me Guru","Spain 500MB/Day",0.5,1,0.88,1.76,,yes
spain,"Billion Connect","Global eSIM [45 Countries] 1 Day 500MB/Day",0.5,1,0.92,1.84,,yes
spain,"MicroEsim","Europe eSIM 5G 41 Countries - 1 Day / Daily 500MB",0.5,1,0.99,1.98,,yes
spain,"MoodSIM","Spain Unlimited (500 MB/day, then 512 Kbps) 1 Day",0.5,1,0.99,1.98,,yes
spain,"Lumbus","Spain 500MB/Day",0.5,1,0.99,1.98,,no
spain,"MicroEsim","Europe eSIM 42 Countries - 1 Day / Daily 500MB",0.5,1,1.02,2.04,ESIMDB,yes
spain,"Wiiline","for Spain 1 Days 0.49GB - 1 490 MB",0.49,1,1,2.041,,no
spain,"ASIMGO","eSIM Spain - 1 Day / Total 200MB",0.2,1,0.41,2.05,,yes
spain,"AlpineSIM","AlpineSIM Unlimited Europe(30+ areas) eSIM - 300MB/Day / 1",0.3,1,0.6187396108392997,2.062,,yes
spain,"Billion Connect","Europe eSIM [41 Countries] 1 Day 500MB/Day",0.5,1,1.04,2.08,,yes
spain,"ASIMGO","eSIM Europe (41 Countries) - 1 Day / Total 200MB",0.2,1,0.42,2.1,,yes
spain,"AlpineSIM","AlpineSIM Unlimited Europe(30+ areas) eSIM - 500MB/Day / 1",0.5,1,1.0766069228603816,2.153,,yes
spain,"MicroEsim","Europe eSIM 5G 49 Destinations - 1 Day / Daily 500MB",0.5,1,1.08,2.16,ESIMDB,yes
spain,"YonoSIM","Europe(30+ areas) 300MB/Day",0.3,1,0.68,2.267,,no
spain,"abesteSIM","eSIM Spain - 1 Day / Total 200MB",0.2,1,0.46158536775169734,2.308,,yes
spain,"abesteSIM","eSIM Europe (41 Countries) - 1 Day / Total 200MB",0.2,1,0.46940884856104814,2.347,,yes
spain,"YonoSIM","Europe(30+ areas) 500MB/Day",0.5,1,1.2,2.4,,no
spain,"Stellar eSim","Europe(30+ areas) 500MB/Day + Free Stellar VPN",0.5,1,1.2023814400000001,2.405,,no
spain,"ESIM.DOG 🐶","⚡️ [5G] Orange/Movistar Spain - Best 5G Coverage (500MB/1Days) - Blue route",0.5,1,1.28,2.56,,yes
spain,"Stellar eSim","Europe(30+ areas) 300MB/Day + Free Stellar VPN",0.3,1,0.7746111200000001,2.582,,no
spain,"AlpineSIM","AlpineSIM Unlimited Spain eSIM - 500MB/Day / 3",0.5,3,1.2993531827625295,2.599,,yes
spain,"abesteSIM","eSIM Spain - 3 Days / Daily 500MB",0.5,3,1.3299917375896364,2.66,,yes
spain,"abesteSIM","eSIM Europe (32 Countries) - 3 Days / Daily 500MB",0.5,3,1.353462180017689,2.707,,yes
spain,"Hiroaming","Europe(30+ areas) 300MB/Day",0.3,1,0.82,2.733,,no
spain,"MicroEsim","Spain eSIM 5G - 3 Days / Daily 500MB",0.5,3,1.41,2.82,ESIMDB,yes
spain,"ASIMGO","eSIM Spain - 3 Days / Daily 500MB",0.5,3,1.41,2.82,,yes
spain,"ESIM.DOG 🐶","⚡️ Orange Spain &amp; more - Best Coverage (500MB/1Days) - Green route",0.5,1,1.42,2.84,,no
spain,"abesteSIM","eSIM Europe (36 Countries) - 3 Days / Daily 500MB",0.5,3,1.4238735073018463,2.848,,yes
spain,"ESIM.DOG 🐶","⚡️ [5G] Europe (33 countries) - Best 5G Coverage (500MB/1Days) - Pink route",0.5,1,1.44,2.88,,no
spain,"Hiroaming","Europe(30+ areas) 500MB/Day",0.5,1,1.45,2.9,,no
spain,"ASIMGO","eSIM Europe - 32 Countries - 3 Days / Daily 500MB",0.5,3,1.47,2.94,,yes
spain,"merdata","eSIM Spain 500 MB/day 1 day",0.5,1,1.471768269229895,2.944,,no
spain,"ESIM.DOG 🐶","⚡️ Europe (33 countries) - Best Coverage (500MB/1Days) - Green route",0.5,1,1.48,2.96,,no
spain,"ESIM.DOG 🐶","⚡️ Best Coverage in Spain (200MB/30Days) - Yellow route",0.2,30,0.61,3.05,,no
spain,"MicroEsim","Europe eSIM 36 Countries - 3 Days / Daily 500MB",0.5,3,1.53,3.06,ESIMDB,yes
spain,"ASIMGO","eSIM Europe (36 Countries) - 3 Days / Daily 500MB",0.5,3,1.55,3.1,,yes
spain,"abesteSIM","eSIM Asia+Europe 52 Regions - 3 Days / Daily 500MB",0.5,3,1.5803431234888623,3.161,,yes
spain,"Earth Esim","300MB/1 Day Europe Region eSIM",0.3,1,0.99,3.3,,yes
spain,"Connect Me Guru","Europe(30+ areas) 300MB/Day",0.3,1,1.08,3.6,,no
spain,"Voyasim","Europe(30+ areas) 300MB/Day",0.3,1,1.1,3.667,,yes
spain,"ESIM.DOG 🐶","⚡️ [5G] Europe (34 countries) - Best 5G Coverage (300MB/1Days) - Blue route",0.3,1,1.39,4.633,,yes
spain,"MoodSIM","Europe Unlimited (300 MB/day, then 384 Kbps) 1 Day",0.3,1,1.49,4.967,,yes
spain,"ESIM.DOG 🐶","🎁 $0.53 + VPN | [5G] Movistar Spain - Best 5G Coverage (100MB/1Days) - Black route",0.1,1,0.53,5.3,,yes
spain,"ESIM.DOG 🐶","🎁 $0.55 + VPN | [5G] Movistar Spain - Best 5G Coverage (100MB/30Days) - Black route",0.1,30,0.55,5.5,,yes
spain,"Superalink","Spain - Regular",0.1,1,0.63,6.3,,yes
spain,"Superalink","Spain - Regular",0.1,3,0.65,6.5,,yes
spain,"Superalink","Spain - Regular",0.1,5,0.67,6.7,,yes
spain,"Superalink","Spain - Regular",0.1,7,0.69,6.9,,yes
spain,"Journey Esims","Spain 100 MB · 1 day",0.1,1,1,10,,no
spain,"Journey Esims","Regional (36 countries) 100 MB · 1 day",0.1,1,1,10,,no
spain,"Zwitchy","Spain · 100 MB · 1 day",0.1,1,1,10,,yes
thailand,"Esimtrav","7 Days - Unlimited data | 4G/5G DTAC (Best Coverage)",50,7,7.49,0.15,,yes
thailand,"eSIMX","Thailand 50GB 10Days With SMS",50,10,7.9,0.158,,yes
thailand,"EtravelSIM","Travel eSIM for Bangkok 50 GB - 10 Days",50,10,8.49,0.17,,no
thailand,"Stellar eSim","Thailand 3GB 30Days + Free Stellar VPN",3,30,0.6243134400000001,0.208,,no
thailand,"ChillaxSIM","Thailand 50GB High-Speed Data for 10 days",50,10,10.76,0.215,,yes
thailand,"Nomad","Local Thailand - 10 Days - 50 GB",50,10,12,0.24,ESIMDB3,yes
thailand,"ESIM.DOG 🐶","⚡️ [5G] DTAC Thailand - Best 5G Coverage (5GB/1Days) - Black route",5,1,1.22,0.244,,yes
thailand,"Superalink","Thailand - 5GB/day",5,1,1.23,0.246,,yes
thailand,"ESIM.DOG 🐶","⚡️ Best Coverage in Thailand (3GB/1Days) - Pink route",3,1,0.76,0.253,,no
thailand,"ESIM.DOG 🐶","⚡️ Best Coverage in Thailand (3GB/5Days) - Pink route",3,5,0.76,0.253,,no
thailand,"ESIM.DOG 🐶","⚡️ Best Coverage in Thailand (3GB/7Days) - Pink route",3,7,0.76,0.253,,no
thailand,"ESIM.DOG 🐶","⚡️ [5G] DTAC/TrueMove H Thailand - Best 5G Coverage (3GB/15Days) - Blue route",3,15,0.76,0.253,,yes
thailand,"ESIM.DOG 🐶","⚡️ [5G] DTAC Thailand - Best 5G Coverage (3GB/10Days) - Black route",3,10,0.76,0.253,,yes
thailand,"ESIM.DOG 🐶","⚡️ [5G] DTAC Thailand - Best 5G Coverage (3GB/12Days) - Black route",3,12,0.76,0.253,,yes
thailand,"ESIM.DOG 🐶","⚡️ [5G] DTAC Thailand Thailand - Best 5G Coverage (3GB/14Days) - Black route",3,14,0.76,0.253,,yes
thailand,"ESIM.DOG 🐶","⚡️ [5G] DTAC/TrueMove H Thailand - Best 5G Coverage (3GB/30Days) - Blue route",3,30,0.81,0.27,,yes
thailand,"Stellar eSim","Thailand 2GB 30Days + Free Stellar VPN",2,30,0.54338392,0.272,,no
thailand,"ESIM.DOG 🐶","⚡️ [5G] DTAC Thailand Thailand - Best 5G Coverage (4GB/1Days) - Black route",4,1,1.22,0.305,,yes
thailand,"Superalink","Thailand - 3GB/day",3,1,0.98,0.327,,yes
thailand,"Orange Travel","Thailand 3GB",3,7,1.06,0.353,,no
thailand,"ESIM.DOG 🐶","⚡️ [5G] DTAC Thailand - Best 5G Coverage (2GB/15Days) - Black route",2,15,0.76,0.38,,yes
thailand,"Superalink","Thailand - 2GB/day",2,1,0.77,0.385,,yes
thailand,"ESIM.DOG 🐶","⚡️ [5G] DTAC Thailand Thailand - Best 5G Coverage (2GB/30Days) - Black route",2,30,0.81,0.405,,yes
thailand,"Stellar eSim","Thailand 3GB 15Days + Free Stellar VPN",3,15,1.2139428,0.405,,no
thailand,"Stellar eSim","Thailand 4GB 30Days + Free Stellar VPN",4,30,1.6185904,0.405,,no
thailand,"abesteSIM","eSIM Thailand - 1 Day / Daily 3GB",3,1,1.306521295161584,0.436,,yes
thailand,"Astaroam","Thailand 3GB 15Days (nonhkip)",3,15,1.335707738897544,0.445,,yes
thailand,"ASIMGO","eSIM Thailand - 1 Day / Daily 3GB",3,1,1.42,0.473,,yes
thailand,"ASIMGO","eSIM - Singapore - Malaysia -Thailand - 1 Day / Daily 3GB",3,1,1.44,0.48,,yes
thailand,"abesteSIM","eSIM Malaysia &amp; Thailand - 1 Day / Daily 3GB",3,1,1.5803431234888623,0.527,,yes
thailand,"Stellar eSim","Thailand 3GB 15Days (nonhkip) + Free Stellar VPN",3,15,1.60702904,0.536,,no
thailand,"ASIMGO","eSIM Thailand - 3 Days / Total 3GB",3,3,1.63,0.543,,yes
thailand,"ASIMGO","eSIM Thailand - 1 Day / Daily 500MB",0.5,1,0.29,0.58,,yes
thailand,"ASIMGO","eSIM - Singapore - Malaysia -Thailand - 1 Day / Daily 500MB",0.5,1,0.3,0.6,,yes
thailand,"abesteSIM","eSIM Thailand - 1 Day / Daily 500MB",0.5,1,0.30511575156468135,0.61,,yes
thailand,"Stellar eSim","Thailand 2GB/Day (nonhkip) + Free Stellar VPN",2,1,1.2486268800000002,0.624,,no
thailand,"abesteSIM","eSIM Malaysia &amp; Thailand - 1 Day / Daily 500MB",0.5,1,0.31293923237403215,0.626,,yes
thailand,"abesteSIM","eSIM Thailand - 1 Day / Daily 2GB",2,1,1.2595804103054793,0.63,,yes
thailand,"MicroEsim","Thailand eSIM 5G - 1 Day / Daily 2GB",2,1,1.26,0.63,ESIMDB,yes
thailand,"Stellar eSim","Thailand 2GB/Day + Free Stellar VPN",2,1,1.2601882400000002,0.63,,no
thailand,"abesteSIM","eSIM Malaysia &amp; Thailand - 1 Day / Daily 2GB",2,1,1.275227371924181,0.638,,yes
thailand,"MicroEsim","Singapore &amp; Malaysia &amp; Thailand eSIM 5G - 1 Day / Daily 2GB",2,1,1.3,0.65,ESIMDB,yes
thailand,"ASIMGO","eSIM Thailand - 1 Day / Daily 2GB",2,1,1.37,0.685,,yes
thailand,"ESIM.DOG 🐶","⚡️ [5G] Asia (5 countries) - Best 5G Coverage (2GB/1Days) - Pink route",2,1,1.37,0.685,,no
thailand,"abesteSIM","eSIM Southeast Asia (5 Countries) - 1 Day / Daily 2GB",2,1,1.3847561032550921,0.692,,yes
thailand,"Stellar eSim","Thailand 2GB 15Days + Free Stellar VPN",2,15,1.3873632,0.694,,no
thailand,"ASIMGO","eSIM - Singapore - Malaysia -Thailand - 1 Day / Daily 2GB",2,1,1.39,0.695,,yes
thailand,"Superalink","Thailand - 1GB/day",1,1,0.7,0.7,,yes
thailand,"Stellar eSim","Singapore &amp; Malaysia &amp; Thailand 2GB/Day + Free Stellar VPN",2,1,1.4104859200000002,0.705,,no
thailand,"RedEx eSIM","Unlimited Data - 1 Days (2 GB / 384 KBPS)",2,1,1.46,0.73,,no
thailand,"MicroEsim","Southeast Asia eSIM 5 Countries - 1 Day / Daily 2GB",2,1,1.46,0.73,ESIMDB,yes
thailand,"Stellar eSim","Thailand 2GB/Day FUP1Mbps (nonhkip) + Free Stellar VPN",2,1,1.4682927200000002,0.734,,no
thailand,"MicroEsim","Thailand eSIM 5G - 1 Day / Daily 1GB",1,1,0.74,0.74,,yes
thailand,"Superalink","Thailand - Regular",1,1,0.75,0.75,,yes
thailand,"MicroEsim","Singapore &amp; Malaysia &amp; Thailand eSIM 5G - 1 Day / Daily 1GB",1,1,0.75,0.75,,yes
thailand,"ASIMGO","eSIM Southeast Asia (5 Countries) - 1 Day / Daily 2GB",2,1,1.5,0.75,,yes
thailand,"thirr.com","TH 1GB 3D",1,3,0.7514884000000001,0.751,,yes
thailand,"Stellar eSim","Thailand 1GB 7Days + Free Stellar VPN",1,7,0.7514884000000001,0.751,,no
thailand,"Superalink","Thailand - Regular",2,1,1.51,0.755,,yes
thailand,"ESIM.DOG 🐶","⚡️ [5G] DTAC Thailand - Best 5G Coverage (1GB/3Days) - Black route",1,3,0.76,0.76,,yes
thailand,"ESIM.DOG 🐶","⚡️ [5G] DTAC Thailand - Best 5G Coverage (1GB/5Days) - Black route",1,5,0.76,0.76,,yes
thailand,"ESIM.DOG 🐶","⚡️ [5G] DTAC/TrueMove H Thailand - Best 5G Coverage (1GB/7Days) - Blue route",1,7,0.76,0.76,,yes
thailand,"Superalink","Thailand - Regular",2,3,1.53,0.765,,yes
thailand,"Superalink","Thailand - Regular",1,3,0.77,0.77,,yes
thailand,"TravelGator eSIM","Thailand eSIM Roaming Data",1,1,0.7745246001257294,0.775,,no
thailand,"Billion Connect","Thailand eSIM 1 Day 2GB/Day",2,1,1.57,0.785,,yes
thailand,"Superalink","Thailand - Regular",2,5,1.57,0.785,,yes
thailand,"Superalink","Thailand - Regular",1,5,0.79,0.79,,yes
thailand,"iRoamly","Singapore &amp; Malaysia &amp; Thailand-eSIM-2GB-1 Day-Daily",2,1,1.6,0.8,,yes
thailand,"Superalink","Thailand - Regular",2,7,1.6,0.8,,yes
thailand,"ESIM.DOG 🐶","⚡️ [5G] DTAC Thailand - Best 5G Coverage (1GB/30Days) - Black route",1,30,0.81,0.81,,yes
thailand,"Superalink","Thailand - Regular",2,10,1.62,0.81,,yes
thailand,"Superalink","Thailand - Regular",1,7,0.82,0.82,,yes
thailand,"Superalink","Thailand - Regular",2,15,1.64,0.82,,yes
thailand,"Superalink","Thailand - Regular",1,10,0.83,0.83,,yes
thailand,"abesteSIM","eSIM Thailand - 1 Day / Daily 1GB",1,1,0.837112446600536,0.837,,yes
thailand,"Superalink","Thailand - Regular",1,15,0.85,0.85,,yes
thailand,"abesteSIM","eSIM Malaysia &amp; Thailand - 1 Day / Daily 1GB",1,1,0.8527594082192376,0.853,,yes
thailand,"Stellar eSim","Thailand 1GB/Day FUP1Mbps + Free Stellar VPN",1,1,0.8555406400000001,0.856,,no
thailand,"MicroEsim","Thailand eSIM 5G - 3 Days / Total 1GB",1,3,0.86,0.86,,yes
thailand,"Superalink","Thailand - Regular",1,20,0.86,0.86,,yes
thailand,"abesteSIM","eSIM Southeast Asia (5 Countries) - 1 Day / Daily 500MB",0.5,1,0.4302914445142942,0.861,,yes
thailand,"Superalink","Thailand - Regular",1,30,0.87,0.87,,yes
thailand,"ASIMGO","eSIM Southeast Asia (5 Countries) - 1 Day / Daily 500MB",0.5,1,0.44,0.88,,yes
thailand,"MicroEsim","Singapore &amp; Malaysia &amp; Thailand eSIM 5G - 3 Days / Total 1GB",1,3,0.88,0.88,,yes
thailand,"mobineX","Unlimited Standard",1,1,0.9,0.9,,yes
thailand,"ESIM.DOG 🐶","⚡️ [5G] Asia (5 countries) - Best 5G Coverage (1.5GB/1Days) - Pink route",1.5,1,1.37,0.913,,no
thailand,"abesteSIM","eSIM Asia+Europe 52 Regions - 1 Day / Daily 500MB",0.5,1,0.46158536775169734,0.923,,yes
thailand,"abesteSIM","eSIM Malaysia &amp; Thailand (Support TikTok) - 1 Day / Daily 500MB",0.5,1,0.46940884856104814,0.939,,yes
thailand,"ASIMGO","eSIM Asia&amp;Europe - 52 Countries - 1 Day / Daily 500MB",0.5,1,0.47,0.94,,yes
thailand,"MicroEsim","Thailand eSIM 5G - 5 Days / Total 1GB",1,5,0.94,0.94,,yes
thailand,"ASIMGO","eSIM Thailand - 1 Day / Daily 1GB",1,1,0.95,0.95,,yes
thailand,"ASIMGO","eSIM Singapore - Malaysia - Thailand (Support TikTok) - 1 Day / Daily 500MB",0.5,1,0.48,0.96,,yes
thailand,"Stellar eSim","Thailand 1GB/Day (nonhkip) + Free Stellar VPN",1,1,0.95959288,0.96,,no
thailand,"Stellar eSim","Thailand 1GB/Day + Free Stellar VPN",1,1,0.95959288,0.96,,no
thailand,"ASIMGO","eSIM - Singapore - Malaysia -Thailand - 1 Day / Daily 1GB",1,1,0.96,0.96,,yes
thailand,"MicroEsim","Singapore &amp; Malaysia &amp; Thailand eSIM 5G - 5 Days / Total 1GB",1,5,0.97,0.97,,yes
thailand,"abesteSIM","eSIM Thailand - 3 Days / Total 1GB",1,3,0.9779351011688504,0.978,,yes
thailand,"ESIM.DOG 🐶","⚡️ [5G] Asia (5 countries) - Best 5G Coverage (1GB/1Days) - Pink route",1,1,0.98,0.98,,no
thailand,"Stellar eSim","Thailand 1GB/Day FUP1Mbps (nonhkip) + Free Stellar VPN",1,1,0.9827156,0.983,,no
thailand,"abesteSIM","eSIM Malaysia &amp; Thailand - 3 Days / Total 1GB",1,3,0.9857585819782012,0.986,,yes
thailand,"AlpineSIM","AlpineSIM Thailand eSIM - 1GB | 7Days",1,7,0.9899833773428797,0.99,,yes
thailand,"MicroEsim","Southeast Asia eSIM 5 Countries - 1 Day / Daily 1GB",1,1,0.99,0.99,,yes
thailand,"Voyasim","Thailand 500MB 7Days",0.5,7,0.5,1,,yes
thailand,"Instabridge","1 GB Thailand eSIM Mobile Data Plan",1,7,1,1,,no
thailand,"iRoamly","Singapore &amp; Malaysia &amp; Thailand-eSIM-1GB-1 Day-Daily",1,1,1,1,,yes
thailand,"Orbit Mobile","Global Pass",1,1,1,1,,no
thailand,"Stellar eSim","Singapore &amp; Malaysia &amp; Thailand 1GB 7Days + Free Stellar VPN",1,7,1.01739968,1.017,,no
thailand,"MicroEsim","Thailand eSIM 5G - 7 Days / Total 1GB",1,7,1.02,1.02,ESIMDB,yes
thailand,"Stellar eSim","Singapore &amp; Malaysia &amp; Thailand 1GB/Day + Free Stellar VPN",1,1,1.02896104,1.029,,no
thailand,"eSIM4Travel","South Asia 5 (Singapore, Malaysia, Thailand, Indonesia, Vietnam) - 1GB/7Days",1,7,1.03,1.03,,yes
thailand,"abesteSIM","eSIM Thailand - 5 Days / Total 1GB",1,5,1.0326994668343061,1.033,,yes
thailand,"Yesim","South East Asia",0.5,1,0.5202612000000001,1.041,,yes
thailand,"Yesim","Thailand",0.5,1,0.5202612000000001,1.041,,yes
thailand,"abesteSIM","eSIM Malaysia &amp; Thailand - 5 Days / Total 1GB",1,5,1.0483464284530077,1.048,,yes
thailand,"ESIM888","Thailand (1GB/7DAYS)",1,7,1.05,1.05,,no
thailand,"Stellar eSim","Thailand 1GB 7Days (nonhkip) + Free Stellar VPN",1,7,1.0520837600000001,1.052,,no
thailand,"MicroEsim","Singapore &amp; Malaysia &amp; Thailand eSIM 5G - 7 Days / Total 1GB",1,7,1.06,1.06,ESIMDB,yes
thailand,"abesteSIM","eSIM Southeast Asia (5 Countries) - 1 Day / Daily 1GB",1,1,1.0639933900717093,1.064,,yes
thailand,"MicroEsim","Thailand eSIM 5G - 10 Days / Total 1GB",1,10,1.09,1.09,ESIMDB,yes
thailand,"ASIMGO","eSIM Thailand - 3 Days / Total 1GB",1,3,1.09,1.09,,yes
thailand,"SimSmash","Thailand 1GB for 7 Days",1,7,1.09,1.09,,yes
thailand,"abesteSIM","eSIM Thailand - 7 Days / Total 1GB",1,7,1.0952873133091123,1.095,,yes
thailand,"iRoamly","Singapore &amp; Malaysia &amp; Thailand-eSIM-1GB-3 Days-Total",1,3,1.1,1.1,,yes
thailand,"mobineX","Unlimited Standard",1,1,1.1,1.1,,yes
thailand,"ASIMGO","eSIM - Singapore - Malaysia -Thailand - 3 Days / Total 1GB",1,3,1.1,1.1,,yes
thailand,"abesteSIM","eSIM Malaysia &amp; Thailand - 7 Days / Total 1GB",1,7,1.110934274927814,1.111,,yes
thailand,"eSIM4Travel","Thailand (DTAC, TRUE) - 500MB/1Days",0.5,1,0.56,1.12,,yes
thailand,"MicroEsim","Singapore &amp; Malaysia &amp; Thailand eSIM 5G - 10 Days / Total 1GB",1,10,1.12,1.12,ESIMDB,yes
thailand,"TravelGator eSIM","Thailand eSIM Roaming Data",1,3,1.1344047173558665,1.134,,no
thailand,"abesteSIM","eSIM Thailand - 10 Days / Total 1GB",1,10,1.1344047173558665,1.134,,yes
thailand,"AlpineSIM","AlpineSIM Thailand eSIM - 500MB | 7Days",0.5,7,0.5692404419721557,1.138,,yes
thailand,"Roamic","Thailand eSIM 1GB / 7 Days",1,7,1.14457464,1.145,,no
thailand,"Horizon eSIM","Thailand 1GB 7Days",1,7,1.14457464,1.145,,no
thailand,"ASIMGO","eSIM Thailand - 5 Days / Total 1GB",1,5,1.15,1.15,,yes
thailand,"abesteSIM","eSIM Malaysia &amp; Thailand - 10 Days / Total 1GB",1,10,1.1578751597839188,1.158,,yes
thailand,"eSIM4Travel","Thailand (DTAC, TRUE) - 1GB/1Days",1,1,1.16,1.16,,yes
thailand,"ASIMGO","eSIM - Singapore - Malaysia -Thailand - 5 Days / Total 1GB",1,5,1.16,1.16,,yes
thailand,"TravelGator eSIM","Thailand eSIM Roaming Data",1,5,1.1735221214026204,1.174,,no
thailand,"ASIMGO","eSIM Southeast Asia (5 Countries) - 1 Day / Daily 1GB",1,1,1.18,1.18,,yes
thailand,"AdventureSIMs","Thailand 1GB 7 Days",1,7,1.1946613545329534,1.195,,yes
thailand,"ESIM.DOG 🐶","🎁 $0.60 + VPN | [5G] DTAC/TrueMove H Thailand - Best 5G Coverage (500MB/7Days) - Blue route",0.5,7,0.6,1.2,,yes
thailand,"iRoamly","Singapore &amp; Malaysia &amp; Thailand-eSIM-1GB-5 Days-Total",1,5,1.2,1.2,,yes
thailand,"MicroEsim","Thailand eSIM 5G - 15 Days / Total 1GB",1,15,1.2,1.2,ESIMDB,yes
thailand,"eSIM4Travel","Thailand (DTAC, TRUE) - 1GB/7Days",1,7,1.2,1.2,,yes
thailand,"mobineX","Unlimited Standard",1,1,1.2,1.2,,yes
thailand,"YonoSIM","Thailand 1GB/Day FUP1Mbps",1,1,1.2,1.2,,no
thailand,"abesteSIM","eSIM Global (66 Destinations) - 1 Day / Daily 500MB",0.5,1,0.6024080223200119,1.205,,yes
thailand,"ASIMGO","eSIM Thailand - 7 Days / Total 1GB",1,7,1.21,1.21,,yes
thailand,"Billion Connect","Southeast Asia eSIM [5 Countries] 1 Day 1GB/Day",1,1,1.21,1.21,,yes
thailand,"TravelGator eSIM","Thailand eSIM Roaming Data",1,7,1.2126395254493745,1.213,,no
thailand,"abesteSIM","eSIM Thailand - 15 Days / Total 1GB",1,15,1.2126395254493745,1.213,,yes
thailand,"AlpineSIM","AlpineSIM Unlimited Thailand eSIM - 1GB/Day / 1",1,1,1.2127296372450274,1.213,,yes
thailand,"Stellar eSim","Asia (7 areas) 1GB/Day + Free Stellar VPN",1,1,1.2139428,1.214,,no
thailand,"ASIMGO","eSIM - Singapore - Malaysia -Thailand - 7 Days / Total 1GB",1,7,1.22,1.22,,yes
thailand,"abesteSIM","eSIM Malaysia &amp; Thailand - 15 Days / Total 1GB",1,15,1.228286487068076,1.228,,yes
thailand,"MicroEsim","Singapore &amp; Malaysia &amp; Thailand eSIM 5G - 15 Days / Total 1GB",1,15,1.24,1.24,ESIMDB,yes
thailand,"Stellar eSim","Singapore &amp; Malaysia &amp; Thailand 500MB/Day + Free Stellar VPN",0.5,1,0.6243134400000001,1.249,,no
thailand,"ASIMGO","eSIM Thailand - 10 Days / Total 1GB",1,10,1.25,1.25,,yes
thailand,"Superalink","Thailand - 500MB/day",0.5,1,0.63,1.26,,yes
thailand,"abesteSIM","eSIM Thailand - 30 Days / Total 1GB",1,30,1.2595804103054793,1.26,,yes
thailand,"MicroEsim","Thailand eSIM 5G - 30 Days / Total 1GB",1,30,1.26,1.26,ESIMDB,yes
thailand,"ASIMGO","eSIM - Singapore - Malaysia -Thailand - 10 Days / Total 1GB",1,10,1.27,1.27,,yes
thailand,"abesteSIM","eSIM Malaysia &amp; Thailand - 30 Days / Total 1GB",1,30,1.275227371924181,1.275,,yes
thailand,"Stellar eSim","Asia (7 areas) 1GB 7Days + Free Stellar VPN",1,7,1.2833109600000001,1.283,,no
thailand,"SimSmash","Thailand Daily Unlimited 1GB/day for 1 Days",1,1,1.29,1.29,,yes
thailand,"abesteSIM","eSIM Malaysia &amp; Thailand (Support TikTok) - 1 Day / Daily 1GB",1,1,1.2908743335428825,1.291,,yes
thailand,"abesteSIM","eSIM Asia+Europe 52 Regions - 1 Day / Daily 1GB",1,1,1.2908743335428825,1.291,,yes
thailand,"Stellar eSim","Singapore &amp; Malaysia &amp; Vietnam &amp; Thailand &amp; Indonesia 1GB/Day + Free Stellar VPN",1,1,1.2948723200000003,1.295,,no
thailand,"ESIM.DOG 🐶","🎁 $0.65 + VPN | [5G] DTAC Thailand Thailand - Best 5G Coverage (500MB/1Days) - Black route",0.5,1,0.65,1.3,,yes
thailand,"iRoamly","Singapore &amp; Malaysia &amp; Thailand-eSIM-1GB-7 Days-Total",1,7,1.3,1.3,,yes
thailand,"MicroEsim","Singapore &amp; Malaysia &amp; Thailand eSIM 5G - 30 Days / Total 1GB",1,30,1.3,1.3,ESIMDB,yes
thailand,"Yatelo","THA 1GB 7 Days",1,7,1.3,1.3,,yes
thailand,"Superalink","Thailand - 1GB/day",1,3,1.31,1.31,,yes
thailand,"Superalink","Thailand - Regular",0.5,1,0.66,1.32,,yes
thailand,"Billion Connect","Global eSIM [19 Regions] 3 Days 1GB",1,3,1.32,1.32,,yes
thailand,"SparkRoam","1 GB / 7 Days",1,7,1.33,1.33,,no
thailand,"ASIMGO","eSIM Thailand - 15 Days / Total 1GB",1,15,1.33,1.33,,yes
thailand,"EZsim","Thailand - 1GB Daily / 1Days",1,1,1.35,1.35,,no
thailand,"ASIMGO","eSIM - Singapore - Malaysia -Thailand - 15 Days / Total 1GB",1,15,1.35,1.35,,yes
thailand,"YonoSIM","Thailand 1GB/Day",1,1,1.35,1.35,,no
thailand,"Superalink","Thailand - Regular",0.5,3,0.68,1.36,,yes
thailand,"AlpineSIM","AlpineSIM Unlimited Thailand eSIM - 500MB/Day / 1",0.5,1,0.6806135719232298,1.361,,yes
thailand,"AlpineSIM","AlpineSIM Unlimited Singapore &amp; Malaysia &amp; Thailand eSIM - 1GB/Day / 1",1,1,1.3612271438464596,1.361,,yes
thailand,"Horizon eSIM","Thailand 500MB 7Days",0.5,7,0.68212024,1.364,,no
thailand,"TravelGator eSIM","Thailand eSIM Roaming Data",1,10,1.3691091416363905,1.369,,no
thailand,"ASIMGO","eSIM Thailand - 30 Days / Total 1GB",1,30,1.37,1.37,,yes
thailand,"SparkRoam","1 GB / 7 Days",1,7,1.38,1.38,,no
thailand,"Textr eSIM","Thailand 1GB",1,7,1.39,1.39,,no
thailand,"ASIMGO","eSIM - Singapore - Malaysia -Thailand - 30 Days / Total 1GB",1,30,1.39,1.39,,yes
thailand,"Superalink","Thailand - Regular",0.5,5,0.7,1.4,,yes
thailand,"MicroEsim","Thailand eSIM 5G - 1 Day / Daily 500MB",0.5,1,0.7,1.4,,yes
thailand,"ESIM.DOG 🐶","🎁 $0.70 + VPN | [5G] DTAC Thailand Thailand - Best 5G Coverage (500MB/7Days) - Black route",0.5,7,0.7,1.4,,yes
thailand,"iRoamly","Singapore &amp; Malaysia &amp; Thailand-eSIM-1GB-10 Days-Total",1,10,1.4,1.4,,yes
thailand,"EZsim","Thailand - 1GB/7Days",1,7,1.4,1.4,,no
thailand,"ASIMGO","eSIM Singapore - Malaysia - Thailand (Support TikTok) - 1 Day / Daily 1GB",1,1,1.41,1.41,,yes
thailand,"ASIMGO","eSIM Asia&amp;Europe - 52 Countries - 1 Day / Daily 1GB",1,1,1.41,1.41,,yes
thailand,"MicroEsim","Singapore &amp; Malaysia &amp; Thailand eSIM 5G - 1 Day / Daily 500MB",0.5,1,0.71,1.42,,yes
thailand,"RedEx eSIM","1 GB - 7 Days",1,7,1.42,1.42,,no
thailand,"Billion Connect","Thailand eSIM 1 Day 1GB/Day",1,1,1.43,1.43,,yes
thailand,"Billion Connect","Southeast Asia eSIM [5 Countries] 3 Days 1GB",1,3,1.43,1.43,,yes
thailand,"4S eSIM","Thailand 1GB - 1 Day",1,1,1.43,1.43,,no
thailand,"Superalink","Thailand - Regular",0.5,7,0.72,1.44,,yes
thailand,"ESIM.DOG 🐶","⚡️ [5G] Asia (3 countries) - Best 5G Coverage (1GB/1Days) - Pink route",1,1,1.44,1.44,,no
thailand,"TravelGator eSIM","Thailand eSIM Roaming Data",1,15,1.4473439497298985,1.447,,no
thailand,"Connect Me Guru","Thailand 1GB 7Days",1,7,1.45,1.45,,yes
thailand,"Stellar eSim","Thailand 500MB/Day (nonhkip) + Free Stellar VPN",0.5,1,0.72836568,1.457,,no
thailand,"Hiroaming","Thailand 500MB 7Days",0.5,7,0.73,1.46,,no
thailand,"4S eSIM","Thailand 1GB - 5 Days",1,5,1.47,1.47,,no
thailand,"MoodSIM","Thailand 1 GB 7 Days",1,7,1.49,1.49,,yes
thailand,"ESIM.DOG 🐶","🎁 $0.75 + VPN | Best Coverage in Thailand (500MB/1Days) - Pink route",0.5,1,0.75,1.5,,no
thailand,"YonoSIM","Thailand 500MB/Day",0.5,1,0.75,1.5,,no
thailand,"iRoamly","Singapore &amp; Malaysia &amp; Thailand-eSIM-1GB-15 Days-Total",1,15,1.5,1.5,,yes
thailand,"iRoamly","Thailand-eSIM-1GB-3 Days-Total",1,3,1.5,1.5,,yes
thailand,"iRoamly","Thailand-eSIM-1GB-1 Day-Daily",1,1,1.5,1.5,,yes
thailand,"Esimglobe","eSIM Singapore &amp; Malaysia &amp; Thailand Unlimited Singapore &amp; Malaysia &amp; Thailand 1GB/Day / 1",1,1,1.5,1.5,,no
thailand,"YonoSIM","Singapore &amp; Malaysia &amp; Thailand 1GB/Day",1,1,1.5,1.5,,no
thailand,"mobineX","Unlimited Standard",1,1,1.5,1.5,,yes
thailand,"Ozly eSIM","Thailand 1GB 7Days",1,7,1.5,1.5,,yes
thailand,"ESIM.DOG 🐶","⚡️ Best Coverage in Thailand (500MB/3Days) - Yellow route",0.5,3,0.76,1.52,,no
thailand,"Superalink","Thailand - 500MB/day",0.5,3,0.76,1.52,,yes
thailand,"4S eSIM","Thailand 1GB - 7 Days",1,7,1.52,1.52,,no
thailand,"ESIM.DOG 🐶","⚡️ [5G] Asia (3 countries) - Best 5G Coverage (1GB/1Days) - Pink route",1,1,1.52,1.52,,no
thailand,"AlpineSIM","AlpineSIM Singapore &amp; Malaysia &amp; Thailand eSIM - 1GB | 7Days",1,7,1.5468490270982493,1.547,,yes
thailand,"Billion Connect","Thailand eSIM 3 Days 1GB",1,3,1.57,1.57,,yes
thailand,"YonoSIM","Thailand 1GB/Day (nonhkip)",1,1,1.58,1.58,,no
thailand,"ESIM.DOG 🐶","🎁 $0.80 + VPN | [5G] DTAC Thailand Thailand - Best 5G Coverage (500MB/30Days) - Black route",0.5,30,0.8,1.6,,yes
thailand,"iRoamly","Singapore &amp; Malaysia &amp; Thailand-eSIM-1GB-30 Days-Total",1,30,1.6,1.6,,yes
thailand,"Connect Me Guru","Thailand 1GB/Day FUP1Mbps",1,1,1.6,1.6,,yes
thailand,"AlpineSIM","AlpineSIM Unlimited Singapore &amp; Malaysia &amp; Thailand eSIM - 500MB/Day / 1",0.5,1,0.8043614940910897,1.609,,yes
thailand,"SimSmash","Thailand Daily Unlimited 0.49GB/day for 1 Days",0.49,1,0.79,1.612,,yes
thailand,"Manet Travel","Local Thailand - 7 Days - 1 GB",1,7,1.6185904,1.619,,no
thailand,"YonoSIM","Thailand 1GB/Day FUP1Mbps (nonhkip)",1,1,1.62,1.62,,no
thailand,"abesteSIM","eSIM Global (23 Destinations) - 1 Day / Daily 500MB",0.5,1,0.8136420041724836,1.627,,yes
thailand,"abesteSIM","eSIM Asia (27 Regions, Support Tiktok) - 1 Day / Daily 500MB",0.5,1,0.8136420041724836,1.627,,yes
thailand,"abesteSIM","eSIM Thailand - 3 Days / Daily 1GB",1,3,1.6272840083449671,1.627,,yes
thailand,"4S eSIM","Asia+ 1GB - 1 Day",1,1,1.63,1.63,,no
thailand,"ASIMGO","eSIM Asia (26 Regions, Support Tiktok) - 1 Day / Daily 500MB",0.5,1,0.85,1.7,,yes
thailand,"Stellar eSim","Thailand 500MB/Day + Free Stellar VPN",0.5,1,0.8555406400000001,1.711,,no
thailand,"Stellar eSim","Thailand 500MB 7Days + Free Stellar VPN",0.5,7,0.8555406400000001,1.711,,no
thailand,"MicroEsim","Southeast Asia eSIM 5 Countries - 1 Day / Daily 500MB",0.5,1,0.88,1.76,,yes
thailand,"Esimglobe","eSIM Singapore &amp; Malaysia &amp; Thailand Unlimited Singapore &amp; Malaysia &amp; Thailand 500MB/Day / 1",0.5,1,0.9,1.8,,no
thailand,"YonoSIM","Singapore &amp; Malaysia &amp; Thailand 500MB/Day",0.5,1,0.9,1.8,,no
thailand,"merdata","eSIM Thailand 500 MB 7 days",0.5,7,0.9461367445049325,1.892,,no
thailand,"merdata","eSIM Thailand 500 MB/day 1 day",0.5,1,0.9461367445049325,1.892,,no
thailand,"Stellar eSim","Asia (7 areas) 500MB/Day + Free Stellar VPN",0.5,1,0.95959288,1.919,,no
thailand,"Earth Esim","500MB/1 Day Thailand 5G eSIM",0.5,1,0.99,1.98,,yes
thailand,"Lumbus","Singapore &amp; Malaysia &amp; Thailand 50",0.5,1,0.99,1.98,,no
thailand,"Lumbus","Thailand 500MB 7Days",0.5,7,0.99,1.98,,no
thailand,"YonoSIM","Thailand 500MB/Day (nonhkip)",0.5,1,0.99,1.98,,no
thailand,"Connect Me Guru","Thailand 500MB 7Days",0.5,7,1,2,,yes
thailand,"Wiiline","for Thailand 1 Days 0.49GB 490 MB",0.49,1,1.01,2.061,,no
thailand,"SimBalkan","Thailand · 0.5 GB · 7 days",0.5,7,1.0405224000000002,2.081,,yes
thailand,"Connect Me Guru","Thailand 500MB/Day",0.5,1,1.15,2.3,,yes
thailand,"abesteSIM","eSIM Asia (10 Regions) - 1 Day / Total 200MB",0.2,1,0.46940884856104814,2.347,,yes
thailand,"Voyasim","Thailand 500MB/Day",0.5,1,1.2,2.4,,yes
thailand,"Hiroaming","Thailand 500MB/Day (nonhkip)",0.5,1,1.2,2.4,,no
thailand,"Billion Connect","Southeast Asia eSIM [5 Countries] 1 Day 500MB/Day",0.5,1,1.21,2.42,,yes
thailand,"AlpineSIM","AlpineSIM Unlimited Asia (7 areas) eSIM - 500MB/Day / 1",0.5,1,1.2127296372450274,2.425,,yes
thailand,"Superalink","Thailand - 500MB/day",0.5,5,1.23,2.46,,yes
thailand,"abesteSIM","eSIM Thailand - 3 Days / Daily 500MB",0.5,3,1.2595804103054793,2.519,,yes
thailand,"MicroEsim","Thailand eSIM 5G - 3 Days / Daily 500MB",0.5,3,1.26,2.52,ESIMDB,yes
thailand,"ESIM.DOG 🐶","⚡️ [5G] DTAC/TrueMove H Thailand - Best Unlimited 5G Coverage - Blue route",0.5,1,1.26,2.52,,yes
thailand,"Stellar eSim","Asia (20 areas) 500MB/Day + Free Stellar VPN",0.5,1,1.2601882400000002,2.52,,no
thailand,"abesteSIM","eSIM Malaysia &amp; Thailand - 3 Days / Daily 500MB",0.5,3,1.275227371924181,2.55,,yes
thailand,"Connect Me Guru","Singapore &amp; Malaysia &amp; Thailand 500MB/Day",0.5,1,1.3,2.6,,no
thailand,"MicroEsim","Singapore &amp; Malaysia &amp; Thailand eSIM 5G - 3 Days / Daily 500MB",0.5,3,1.3,2.6,ESIMDB,yes
thailand,"ESIM.DOG 🐶","⚡️ [5G] Asia (18 countries) - Best 5G Coverage (500MB/3Days) - Yellow route",0.5,3,1.31,2.62,,yes
thailand,"Stellar eSim","Asia (12 areas) 500MB/Day + Free Stellar VPN",0.5,1,1.34111776,2.682,,no
thailand,"YonoSIM","Asia (7 areas) 500MB/Day",0.5,1,1.35,2.7,,no
thailand,"ASIMGO","eSIM Thailand - 3 Days / Daily 500MB",0.5,3,1.37,2.74,,yes
thailand,"Connect Me Guru","Thailand 500MB/Day (nonhkip)",0.5,1,1.39,2.78,,yes
thailand,"ESIM.DOG 🐶","⚡️ [5G] DTAC/TrueMove H Thailand - Best 5G Coverage (500MB/1Days) - Blue route",0.5,1,1.43,2.86,,yes
thailand,"ESIM.DOG 🐶","⚡️ [5G] Asia (5 countries) - Best 5G Coverage (500MB/1Days) - Pink route",0.5,1,1.45,2.9,,no
thailand,"abesteSIM","eSIM Southeast Asia (5 Countries) - 3 Days / Daily 500MB",0.5,3,1.4864613537766524,2.973,,yes
thailand,"MoodSIM","Thailand Unlimited (500 MB/day, then 512 Kbps) 1 Day",0.5,1,1.49,2.98,,yes
thailand,"MoodSIM","Thailand Unlimited (500 MB/day, then 512 Kbps) 1 Day",0.5,1,1.49,2.98,,yes
thailand,"Earth Esim","500MB/1 Day SG, TH &amp; MY 5G",0.5,1,1.49,2.98,,yes
thailand,"MoodSIM","SEA Trio Unlimited (500 MB/day, then 128 Kbps) 1 Day",0.5,1,1.49,2.98,,yes
thailand,"Esimglobe","eSIM Thailand Unlimited Thailand 500MB/Day / 1",0.5,1,1.5,3,,no
thailand,"ESIM.DOG 🐶","⚡️ AIS/DTAC Thailand - Best Coverage (500MB/1Days) - Green route",0.5,1,1.5,3,,no
thailand,"Voyasim","Singapore &amp; Malaysia &amp; Thailand 500MB/Day",0.5,1,1.5,3,,yes
thailand,"ESIM.DOG 🐶","⚡️ Best Coverage in Thailand (200MB/30Days) - Yellow route",0.2,30,0.61,3.05,,no
thailand,"ESIM.DOG 🐶","⚡️ [5G] Asia (3 countries) - Best 5G Coverage (500MB/1Days) - Blue route",0.5,1,1.56,3.12,,yes
thailand,"Horizon eSIM","Thailand 100MB 7Days",0.1,7,0.31215672000000005,3.122,,no
thailand,"ESIM.DOG 🐶","⚡️ Asia (10 countries) - Best Coverage (500MB/1Days) - Green route",0.5,1,1.58,3.16,,no
thailand,"abesteSIM","eSIM Asia+Europe 52 Regions - 3 Days / Daily 500MB",0.5,3,1.5803431234888623,3.161,,yes
thailand,"abesteSIM","eSIM Malaysia &amp; Thailand (Support TikTok) - 3 Days / Daily 500MB",0.5,3,1.595990085107564,3.192,,yes
thailand,"iRoamly","Singapore &amp; Malaysia &amp; Thailand-eSIM-500MB-3 Days-Daily",0.5,3,1.6,3.2,,yes
thailand,"Voyasim","Thailand 500MB/Day (nonhkip)",0.5,1,1.6,3.2,,yes
thailand,"DashRoam","Thailand 500MB 7Days",0.5,7,1.6,3.2,,yes
thailand,"ASIMGO","eSIM Southeast Asia (5 Countries) - 3 Days / Daily 500MB",0.5,3,1.61,3.22,,yes
thailand,"MicroEsim","Southeast Asia eSIM 5 Countries - 3 Days / Daily 500MB",0.5,3,1.62,3.24,ESIMDB,yes
thailand,"Hiroaming","Asia (7 areas) 500MB/Day",0.5,1,1.63,3.26,,no
thailand,"AlpineSIM","AlpineSIM Thailand eSIM - 100MB | 7Days",0.1,7,0.33411938985322187,3.341,,yes
thailand,"Simsima","Thailand 100MB 7Days",0.1,7,0.4,4,,yes
thailand,"Truely","Thailand - 300MB, 2 days",0.3,2,1.29,4.3,,yes
thailand,"Voyasim","Thailand 100MB 7Days",0.1,7,0.5,5,,yes
thailand,"MicroEsim","Asia eSIM 10 Regions - Support TikTok - 1 Day / Total 200MB",0.2,1,1.01,5.05,ESIMDB,yes
thailand,"ESIM.DOG 🐶","🎁 $0.53 + VPN | [5G] DTAC Thailand Thailand - Best 5G Coverage (100MB/1Days) - Black route",0.1,1,0.53,5.3,,yes
thailand,"Hiroaming","Thailand 100MB 7Days",0.1,7,0.54,5.4,,no
thailand,"ESIM.DOG 🐶","🎁 $0.55 + VPN | [5G] DTAC Thailand Thailand - Best 5G Coverage (100MB/30Days) - Black route",0.1,30,0.55,5.5,,yes
thailand,"Superalink","Thailand - Regular",0.1,1,0.63,6.3,,yes
thailand,"Superalink","Thailand - Regular",0.1,3,0.65,6.5,,yes
thailand,"Superalink","Thailand - Regular",0.1,5,0.67,6.7,,yes
thailand,"Superalink","Thailand - Regular",0.1,7,0.69,6.9,,yes
thailand,"Connect Me Guru","Thailand 100MB 7Days",0.1,7,0.85,8.5,,yes
thailand,"Stellar eSim","Thailand 100MB 7Days + Free Stellar VPN",0.1,7,0.8555406400000001,8.555,,no
thailand,"Roamix","Thailand 100MB 1Days",0.1,1,0.95,9.5,,yes
thailand,"Roamix","Thailand 100MB 3Days",0.1,3,0.95,9.5,,yes
thailand,"Roamix","Thailand 100MB 5Days",0.1,5,0.95,9.5,,yes
thailand,"Roamix","Thailand 100MB 7Days",0.1,7,0.95,9.5,,yes
thailand,"Journey Esims","Thailand 100 MB · 1 day",0.1,1,1,10,,no
thailand,"Zwitchy","Thailand · 100 MB · 1 day",0.1,1,1,10,,yes
thailand,"DashRoam","Thailand 100MB 7Days",0.1,7,1.45,14.5,,yes
turkey,"Stellar eSim","Turkey 3GB 30Days + Free Stellar VPN",3,30,0.71680432,0.239,,no
turkey,"Stellar eSim","Turkey 4GB 30Days + Free Stellar VPN",4,30,1.16769736,0.292,,no
turkey,"Stellar eSim","Turkey 2GB 30Days + Free Stellar VPN",2,30,0.6243134400000001,0.312,,no
turkey,"ESIM.DOG 🐶","⚡️ [5G] Turk Telekom Turkey - Best 5G Coverage (3GB/30Days) - Black route",3,30,0.96,0.32,,yes
turkey,"ESIM.DOG 🐶","⚡️ [5G] Turk Telekom Turkey - Best 5G Coverage (3GB/15Days) - Black route",3,15,0.96,0.32,,yes
turkey,"ESIM.DOG 🐶","⚡️ [5G] Turk Telekom Turkey - Best 5G Coverage (3GB/1Days) - Black route",3,1,0.96,0.32,,yes
turkey,"ESIM.DOG 🐶","⚡️ [5G] Turk Telekom Turkey - Best 5G Coverage (3GB/12Days) - Black route",3,12,0.96,0.32,,yes
turkey,"ESIM.DOG 🐶","⚡️ [5G] Turk Telekom Turkey - Best 5G Coverage (3GB/20Days) - Black route",3,20,0.96,0.32,,yes
turkey,"ESIM.DOG 🐶","⚡️ [5G] Turk Telekom Turkey - Best 5G Coverage (3GB/25Days) - Black route",3,25,0.96,0.32,,yes
turkey,"ESIM.DOG 🐶","⚡️ [5G] Turk Telekom Turkey - Best 5G Coverage (3GB/14Days) - Black route",3,14,0.96,0.32,,yes
turkey,"ESIM.DOG 🐶","⚡️ [5G] Turk Telekom Turkey - Best 5G Coverage (3GB/21Days) - Black route",3,21,0.96,0.32,,yes
turkey,"ESIM.DOG 🐶","⚡️ [5G] Europe (33 countries) - Best 5G Coverage (3GB/1Days) - Pink route",3,1,1.2,0.4,,no
turkey,"ESIM.DOG 🐶","⚡️ [5G] Europe (33 countries) - Best 5G Coverage (3GB/3Days) - Pink route",3,3,1.2,0.4,,no
turkey,"ESIM.DOG 🐶","⚡️ [5G] Europe (33 countries) - Best 5G Coverage (3GB/5Days) - Pink route",3,5,1.2,0.4,,no
turkey,"ESIM.DOG 🐶","⚡️ [5G] Europe (33 countries) - Best 5G Coverage (3GB/7Days) - Pink route",3,7,1.2,0.4,,no
turkey,"ESIM.DOG 🐶","⚡️ [5G] Europe (33 countries) - Best 5G Coverage (3GB/10Days) - Pink route",3,10,1.2,0.4,,no
turkey,"ESIM.DOG 🐶","⚡️ [5G] Europe (45 countries) - Best 5G Coverage (3GB/20Days) - Pink route",3,20,1.22,0.407,,no
turkey,"Stellar eSim","Turkey 3GB/Day FUP1Mbps + Free Stellar VPN",3,1,1.2717496000000001,0.424,,no
turkey,"Stellar eSim","Turkey 3GB 15Days + Free Stellar VPN",3,15,1.37580184,0.459,,no
turkey,"ESIM888","Turkey (3GB/30DAYS)",3,30,1.4,0.467,,no
turkey,"eSIMX","Turkey 10GB 7Days",10,7,4.8,0.48,,yes
turkey,"ESIM.DOG 🐶","⚡️ [5G] Turk Telekom Turkey - Best 5G Coverage (2GB/15Days) - Black route",2,15,0.96,0.48,,yes
turkey,"ESIM.DOG 🐶","⚡️ [5G] Turk Telekom Turkey - Best 5G Coverage (2GB/30Days) - Black route",2,30,0.96,0.48,,yes
turkey,"Stellar eSim","Turkey 2GB/Day + Free Stellar VPN",2,1,1.07520648,0.538,,no
turkey,"AlpineSIM","AlpineSIM Unlimited Turkey eSIM - 2GB/Day / 1",2,1,1.0766069228603816,0.538,,yes
turkey,"AlpineSIM","AlpineSIM Unlimited Turkey eSIM - 1GB/Day / 1",1,1,0.5692404419721557,0.569,,yes
turkey,"ESIM.DOG 🐶","⚡️ [5G] Europe (33 countries) - Best 5G Coverage (2GB/1Days) - Pink route",2,1,1.14,0.57,,no
turkey,"Stellar eSim","Turkey 2GB/Day FUP1Mbps + Free Stellar VPN",2,1,1.156136,0.578,,no
turkey,"Stellar eSim","Turkey 2GB 15Days + Free Stellar VPN",2,15,1.1908200800000002,0.595,,no
turkey,"YonoSIM","Turkey 2GB/Day",2,1,1.2,0.6,,no
turkey,"Billion Connect","Turkey eSIM [5G] 1 Day 2GB/Day",2,1,1.22,0.61,,yes
turkey,"ESIM.DOG 🐶","⚡️ [5G] Europe (2 countries) - Best 5G Coverage (2GB/1Days) - Black route",2,1,1.23,0.615,,yes
turkey,"RedEx eSIM","Unlimited Data - 1 Days (2 GB / 384 KBPS)",2,1,1.24,0.62,,no
turkey,"Billion Connect","Global eSIM [45 Countries] 1 Day 2GB/Day",2,1,1.25,0.625,,yes
turkey,"YonoSIM","Turkey 1GB/Day",1,1,0.63,0.63,,no
turkey,"SimSmash","Turkey Daily Unlimited 2GB/day for 1 Days",2,1,1.27,0.635,,yes
turkey,"abesteSIM","eSIM Turkey - 1 Day / Daily 2GB",2,1,1.2908743335428825,0.645,,yes
turkey,"ESIM888","Turkey (1GB/7DAYS)",1,7,0.65,0.65,,no
turkey,"EZsim","Turkey - 2GB Daily / 1Days",2,1,1.3,0.65,,no
turkey,"AlpineSIM","AlpineSIM Turkey eSIM - 1GB | 7Days",1,7,0.6558639874896578,0.656,,yes
turkey,"ESIM.DOG 🐶","⚡️ [5G] Europe (33 countries) - Best 5G Coverage (1GB/5Days) - Pink route",1,5,0.66,0.66,,no
turkey,"ESIM.DOG 🐶","⚡️ [5G] Europe (33 countries) - Best 5G Coverage (1GB/1Days) - Pink route",1,1,0.66,0.66,,no
turkey,"AlpineSIM","AlpineSIM Turkey eSIM - 500MB | 7Days",0.5,7,0.33411938985322187,0.668,,yes
turkey,"AlpineSIM","AlpineSIM Turkey eSIM - 500MB | 1Days",0.5,1,0.33411938985322187,0.668,,yes
turkey,"YonoSIM","Turkey 2GB/Day FUP1Mbps",2,1,1.35,0.675,,no
turkey,"ESIM.DOG 🐶","⚡️ [5G] Europe (2 countries) - Best 5G Coverage (1GB/1Days) - Black route",1,1,0.68,0.68,,yes
turkey,"ESIM.DOG 🐶","⚡️ [5G] Europe (2 countries) - Best 5G Coverage (1GB/3Days) - Black route",1,3,0.68,0.68,,yes
turkey,"ESIM.DOG 🐶","⚡️ [5G] Europe (2 countries) - Best 5G Coverage (1GB/5Days) - Black route",1,5,0.68,0.68,,yes
turkey,"ESIM.DOG 🐶","⚡️ [5G] Europe (2 countries) - Best 5G Coverage (1GB/7Days) - Black route",1,7,0.68,0.68,,yes
turkey,"MicroEsim","Turkey eSIM 5G - 1 Day / Daily 2GB",2,1,1.37,0.685,ESIMDB,yes
turkey,"eSIM4Travel","Best Europe 41 - 1GB/1Days",1,1,0.69,0.69,,yes
turkey,"eSIM4Travel","Best Europe 41 - 1GB/7Days",1,7,0.69,0.69,,yes
turkey,"ASIMGO","eSIM Turkey - 1 Day / Daily 2GB",2,1,1.41,0.705,,yes
turkey,"EtravelSIM","Travel eSIM for Turkey 25 GB - 30 Days / Data Only",25,30,17.99,0.72,,no
turkey,"Superalink","Turkey (Turkiye) - Regular",1,1,0.75,0.75,,yes
turkey,"YonoSIM","Turkey 1GB/Day FUP1Mbps",1,1,0.75,0.75,,no
turkey,"thirr.com","TR 1GB 3D",1,3,0.7514884000000001,0.751,,yes
turkey,"SimSmash","Turkey Daily Unlimited 1GB/day for 1 Days",1,1,0.76,0.76,,yes
turkey,"ESIM.DOG 🐶","⚡️ [5G] Europe (34 countries) - Best 5G Coverage (1.5GB/1Days) - Blue route",1.5,1,1.14,0.76,,yes
turkey,"abesteSIM","eSIM Turkey - 1 Day / Daily 500MB",0.5,1,0.3833505596581893,0.767,,yes
turkey,"Superalink","Turkey (Turkiye) - Regular",1,3,0.77,0.77,,yes
turkey,"Roamix","Turkey 20GB 30Days",20,30,15.55,0.778,,yes
turkey,"ASIMGO","eSIM Turkey - 1 Day / Daily 500MB",0.5,1,0.39,0.78,,yes
turkey,"Superalink","Turkey (Turkiye) - Regular",1,5,0.79,0.79,,yes
turkey,"SimSmash","Turkey 1GB for 7 Days",1,7,0.79,0.79,,yes
turkey,"Horizon eSIM","Turkey 1GB 7Days",1,7,0.79773384,0.798,,no
turkey,"EZsim","Turkey - 1GB/7Days",1,7,0.8,0.8,,no
turkey,"EZsim","Turkey - 1GB Daily / 1Days",1,1,0.8,0.8,,no
turkey,"mobineX","Unlimited Standard",1,1,0.8,0.8,,yes
turkey,"AlpineSIM","AlpineSIM Unlimited Turkey eSIM - 500MB/Day / 1",0.5,1,0.4083681431539378,0.817,,yes
turkey,"Superalink","Turkey (Turkiye) - Regular",1,7,0.82,0.82,,yes
turkey,"ESIM.DOG 🐶","⚡️ [5G] Europe (33 countries) - Best 5G Coverage (800MB/1Days) - Pink route",0.8,1,0.66,0.825,,no
turkey,"Superalink","Turkey (Turkiye) - Regular",1,10,0.83,0.83,,yes
turkey,"Hiroaming","Turkey 1GB 7Days",1,7,0.84,0.84,,no
turkey,"Superalink","Turkey (Turkiye) - Regular",1,15,0.85,0.85,,yes
turkey,"Yatelo","TUR 1GB 7 Days",1,7,0.85,0.85,,yes
turkey,"Superalink","Turkey (Turkiye) - Regular",1,20,0.86,0.86,,yes
turkey,"Superalink","Turkey (Turkiye) - Regular",1,30,0.87,0.87,,yes
turkey,"voilà","",1,7,0.9,0.9,,yes
turkey,"ESIM.DOG 🐶","🎁 $0.90 + VPN | [5G] Vodafone Turkey - Best 5G Coverage (1GB/7Days) - Blue route",1,7,0.9,0.9,,yes
turkey,"MicroEsim","Turkey eSIM 5G - 1 Day / Daily 1GB",1,1,0.91,0.91,,yes
turkey,"Hiroaming","Turkey 1GB/Day FUP1Mbps",1,1,0.91,0.91,,no
turkey,"BNESIM","Surf 1 GB in Turkey for 30 days",1,30,0.91,0.91,,yes
turkey,"abesteSIM","eSIM Asia+Europe 52 Regions - 1 Day / Daily 500MB",0.5,1,0.46158536775169734,0.923,,yes
turkey,"ASIMGO","eSIM Asia&amp;Europe - 52 Countries - 1 Day / Daily 500MB",0.5,1,0.47,0.94,,yes
turkey,"ESIM.DOG 🐶","🎁 $0.95 + VPN | Best Coverage in Turkey (1GB/1Days) - Pink route",1,1,0.95,0.95,,no
turkey,"ESIM.DOG 🐶","⚡️ [5G] Turk Telekom Turkey - Best 5G Coverage (1GB/1Days) - Black route",1,1,0.96,0.96,,yes
turkey,"ESIM.DOG 🐶","⚡️ [5G] Turk Telekom Turkey - Best 5G Coverage (1GB/5Days) - Black route",1,5,0.96,0.96,,yes
turkey,"ESIM.DOG 🐶","⚡️ [5G] Turk Telekom Turkey - Best 5G Coverage (1GB/10Days) - Black route",1,10,0.96,0.96,,yes
turkey,"ESIM.DOG 🐶","⚡️ [5G] Turk Telekom Turkey - Best 5G Coverage (1GB/15Days) - Black route",1,15,0.96,0.96,,yes
turkey,"ESIM.DOG 🐶","⚡️ [5G] Turk Telekom Turkey - Best 5G Coverage (1GB/20Days) - Black route",1,20,0.96,0.96,,yes
turkey,"ESIM.DOG 🐶","⚡️ [5G] Turk Telekom Turkey - Best 5G Coverage (1GB/30Days) - Black route",1,30,0.96,0.96,,yes
turkey,"Jetpac","Turkey 15GB",15,7,14.5,0.967,ESIMDB15,no
turkey,"Billion Connect","Turkey eSIM [5G] 3 Days 1GB",1,3,0.98,0.98,,yes
turkey,"Textr eSIM","Turkey 1GB",1,7,0.99,0.99,,no
turkey,"BambooSIM","Turkey eSIM",1,3,0.99,0.99,,no
turkey,"Earth Esim","1GB/1 Day Turkey 5G eSIM",1,1,0.99,0.99,,yes
turkey,"MoodSIM","Türkiye Unlimited (1 GB/day, then 512 Kbps) 1 Day",1,1,0.99,0.99,,yes
turkey,"Voyasim","Turkey 500MB/Day",0.5,1,0.5,1,,yes
turkey,"Voyasim","Turkey 500MB 1Day",0.5,1,0.5,1,,yes
turkey,"Voyasim","Turkey 500MB 7Days",0.5,7,0.5,1,,yes
turkey,"Orbit Mobile","Global Pass",1,1,1,1,,no
turkey,"Journey Esims","Turkey 1 GB · 1 day",1,1,1,1,,no
turkey,"eSIMNEXA","Turkey 1GB 3Days",1,3,1,1,,yes
turkey,"mobineX","Unlimited Standard",1,1,1,1,,yes
turkey,"Gaza Online","eSIM, Unlimited, (1GB) 1 Day, Turkey",1,1,1,1,,yes
turkey,"Voyasim","Turkey 1GB/Day",1,1,1,1,,yes
turkey,"abesteSIM","eSIM Turkey - 1 Day / Daily 1GB",1,1,1.0170525052156045,1.017,,yes
turkey,"ASIMGO","eSIM Balkans (11 Countries) - 1 Day / Daily 500MB",0.5,1,0.51,1.02,,yes
turkey,"Billion Connect","Turkey eSIM [5G] 1 Day 1GB/Day",1,1,1.02,1.02,,yes
turkey,"Connect Me Guru","Turkey 1GB/Day",1,1,1.03,1.03,,yes
turkey,"abesteSIM","eSIM Europe (49 Destinations) - 1 Day / Daily 500MB",0.5,1,0.5241732142265039,1.048,,yes
turkey,"ESIM888","Turkey (Daily Pass 1GB/2DAYS)",1,2,1.05,1.05,,no
turkey,"ESIM.DOG 🐶","⚡️ Europe (11 countries) - Best Coverage (500MB/1Days) - Green route",0.5,1,0.53,1.06,,no
turkey,"ESIM.DOG 🐶","⚡️ [5G] Europe (2 countries) - Best 5G Coverage (500MB/1Days) - Black route",0.5,1,0.53,1.06,,yes
turkey,"4S eSIM","Turkey 1GB - 1 Day",1,1,1.06,1.06,,no
turkey,"GlobaleSIM","Turkey",15,30,16,1.067,,no
turkey,"Stellar eSim","Turkey 1GB/Day + Free Stellar VPN",1,1,1.07520648,1.075,,no
turkey,"Stellar eSim","Turkey 1GB 7Days + Free Stellar VPN",1,7,1.07520648,1.075,,no
turkey,"Hiroaming","Turkey 500MB 1Day",0.5,1,0.54,1.08,,no
turkey,"Hiroaming","Turkey 500MB 7Days",0.5,7,0.54,1.08,,no
turkey,"ASIMGO","eSIM Europe (49 Destinations) - 1 Day / Daily 500MB",0.5,1,0.54,1.08,,yes
turkey,"4S eSIM","Turkey 1GB - 5 Days",1,5,1.08,1.08,,no
turkey,"BambooSIM","Turkey eSIM",1,7,1.09,1.09,,no
turkey,"BNESIM","Surf 1 GB in Turkey",1,0,1.09,1.09,,yes
turkey,"4S eSIM","Turkey 1GB - 7 Days",1,7,1.1,1.1,,no
turkey,"Connect Me Guru","Turkey 1GB 7Days",1,7,1.1,1.1,,yes
turkey,"Billion Connect","Global eSIM [45 Countries] 1 Day 1GB/Day",1,1,1.11,1.11,,yes
turkey,"ASIMGO","eSIM Turkey - 1 Day / Daily 1GB",1,1,1.13,1.13,,yes
turkey,"Horizon eSIM","Turkey 500MB 7Days",0.5,7,0.5665066400000001,1.133,,no
turkey,"Roamic","Turkey eSIM 1GB / 7 Days",1,7,1.14457464,1.145,,no
turkey,"eSIM Agora","Turkey 1GB 7Days",1,7,1.14457464,1.145,,no
turkey,"Flysimio","Turkey 1GB 7Days",1,7,1.15,1.15,,yes
turkey,"Connect Me Guru","Turkey 1GB/Day FUP1Mbps",1,1,1.15,1.15,,yes
turkey,"Yesim","North Cyprus",0.5,1,0.578068,1.156,,yes
turkey,"Yesim","Balkans",0.5,1,0.578068,1.156,,yes
turkey,"eSIM Agora","Turkey 1GB/Day FUP1Mbps",1,1,1.156136,1.156,,no
turkey,"SimSmash","Turkey Daily Unlimited 0.49GB/day for 1 Days",0.49,1,0.57,1.163,,yes
turkey,"MicroEsim","Europe eSIM 42 Countries - 1 Day / Daily 1GB",1,1,1.18,1.18,ESIMDB,yes
turkey,"AdventureSIMs","Turkey 500MB 7 Days",0.5,7,0.5937961762175626,1.188,,yes
turkey,"nadanada","eSIM, 1GB, 7 Days, Europe Extra",1,7,1.19,1.19,,no
turkey,"BambooSIM","Turkey eSIM",1,14,1.19,1.19,,no
turkey,"4S eSIM","Europe+ 1GB - 1 Day",1,1,1.19,1.19,,no
turkey,"AdventureSIMs","Turkey 1GB 7 Days",1,7,1.1946613545329534,1.195,,yes
turkey,"ESIM.DOG 🐶","🎁 $0.60 + VPN | [5G] Vodafone Turkey - Best 5G Coverage (500MB/1Days) - Blue route",0.5,1,0.6,1.2,,yes
turkey,"mobineX","1 GB - 3 days",1,3,1.2,1.2,,yes
turkey,"ESIM.DOG 🐶","⚡️ [5G] Europe (33 countries) - Best 5G Coverage (1GB/10Days) - Pink route",1,10,1.2,1.2,,no
turkey,"ESIM.DOG 🐶","⚡️ [5G] Europe (33 countries) - Best 5G Coverage (1GB/15Days) - Pink route",1,15,1.2,1.2,,no
turkey,"Voyasim","Turkey 1GB 7Days",1,7,1.2,1.2,,yes
turkey,"Voyasim","Turkey 1GB/Day FUP1Mbps",1,1,1.2,1.2,,yes
turkey,"abesteSIM","eSIM Global (66 Destinations) - 1 Day / Daily 500MB",0.5,1,0.6024080223200119,1.205,,yes
turkey,"Billion Connect","Europe eSIM [33 Countries] 1 Day 1GB/Day",1,1,1.21,1.21,,yes
turkey,"RedEx eSIM","1 GB - 7 Days",1,7,1.21,1.21,,no
turkey,"4S eSIM","Europe+ 1GB - 5 Days",1,5,1.21,1.21,,no
turkey,"ESIM.DOG 🐶","⚡️ [5G] Europe (33 countries) - Best 5G Coverage (1GB/20Days) - Pink route",1,20,1.22,1.22,,no
turkey,"eSIM4Travel","Turkey (Turkcell) - 500MB/1Days",0.5,1,0.62,1.24,,yes
turkey,"MicroEsim","Turkey eSIM 5G - 3 Days / Total 1GB",1,3,1.24,1.24,ESIMDB,yes
turkey,"4S eSIM","Europe+ 1GB - 7 Days",1,7,1.24,1.24,,no
turkey,"abesteSIM","eSIM Turkey - 3 Days / Total 1GB",1,3,1.2439334486867777,1.244,,yes
turkey,"abesteSIM","eSIM Turkey - 7 Days / Total 1GB",1,7,1.2439334486867777,1.244,,yes
turkey,"Ozly eSIM","Turkey 1GB 7Days",1,7,1.25,1.25,,yes
turkey,"Manet Travel","Local Turkey - 7 Days - 1 GB",1,7,1.2717496000000001,1.272,,no
turkey,"Stellar eSim","Europe(30+ areas) 1GB 7Days + Free Stellar VPN",1,7,1.2717496000000001,1.272,,no
turkey,"eSIM4Travel","Turkey (Turk Telekom, Vodafone, Turkcell) - 1GB/1Days",1,1,1.29,1.29,,yes
turkey,"BambooSIM","Turkey eSIM",1,20,1.29,1.29,,no
turkey,"abesteSIM","eSIM Asia+Europe 52 Regions - 1 Day / Daily 1GB",1,1,1.2908743335428825,1.291,,yes
turkey,"ESIM.DOG 🐶","🎁 $0.65 + VPN | [5G] Vodafone Turkey - Best 5G Coverage (500MB/7Days) - Blue route",0.5,7,0.65,1.3,,yes
turkey,"mobineX","1 GB - 7 days",1,7,1.3,1.3,,yes
turkey,"eSIM4Travel","Turkey (Turkcell) - 1GB/1Days",1,1,1.31,1.31,,yes
turkey,"ASIMGO","eSIM Balkans (11 Countries) - 1 Day / Daily 1GB",1,1,1.31,1.31,,yes
turkey,"abesteSIM","eSIM Turkey - 5 Days / Total 1GB",1,5,1.3143447759709348,1.314,,yes
turkey,"abesteSIM","eSIM Turkey - 2 Days / Daily 1GB",1,2,1.3143447759709348,1.314,,yes
turkey,"nextSIM","eSIM Turkey 0.5GB 7Days Economy",0.5,7,0.65899752,1.318,,yes
turkey,"Superalink","Turkey (Turkiye) - Regular",0.5,1,0.66,1.32,,yes
turkey,"ESIM.DOG 🐶","⚡️ [5G] Europe (41 countries) - Best 5G Coverage (500MB/3Days) - Yellow route",0.5,3,0.66,1.32,,yes
turkey,"SparkRoam","1 GB / 7 Days",1,7,1.33,1.33,,no
turkey,"SparkRoam","1 GB / 7 Days",1,7,1.33,1.33,,no
turkey,"abesteSIM","eSIM Europe (41 Countries) - 1 Day / Daily 1GB",1,1,1.3378152183989873,1.338,,yes
turkey,"eSIM4Travel","Turkey (Turk Telekom, Vodafone, Turkcell) - 1GB/7Days",1,7,1.34,1.34,,yes
turkey,"FullBars","Turkiye 1GB · 7 days",1,7,1.3491997362601456,1.349,,yes
turkey,"MicroEsim","Turkey eSIM 5G - 5 Days / Total 1GB",1,5,1.35,1.35,ESIMDB,yes
turkey,"Superalink","Turkey (Turkiye) - Regular",0.5,3,0.68,1.36,,yes
turkey,"ESIM.DOG 🐶","⚡️ [5G] Europe (2 countries) - Best 5G Coverage (500MB/3Days) - Black route",0.5,3,0.68,1.36,,yes
turkey,"ESIM.DOG 🐶","⚡️ [5G] Europe (2 countries) - Best 5G Coverage (500MB/5Days) - Black route",0.5,5,0.68,1.36,,yes
turkey,"ESIM.DOG 🐶","⚡️ [5G] Europe (2 countries) - Best 5G Coverage (500MB/7Days) - Black route",0.5,7,0.68,1.36,,yes
turkey,"ASIMGO","eSIM Turkey - 3 Days / Total 1GB",1,3,1.36,1.36,,yes
turkey,"ASIMGO","eSIM Turkey - 7 Days / Total 1GB",1,7,1.36,1.36,,yes
turkey,"ESIM.DOG 🐶","⚡️ [5G] Vodafone Turkey - Best 5G Coverage (1GB/1Days) - Blue route",1,1,1.36,1.36,,yes
turkey,"eSIM4Travel","Turkey (Turkcell) - 1GB/7Days",1,7,1.37,1.37,,yes
turkey,"Earth Esim","500MB/1 Day Turkey 5G eSIM",0.5,1,0.69,1.38,,yes
turkey,"eSIMCard","eSIM Data For 1GB in 3 Days, Turkey",1,3,1.39,1.39,,yes
turkey,"MicroEsim","Europe eSIM 5G 41 Countries - 1 Day / Daily 1GB",1,1,1.39,1.39,ESIMDB,yes
turkey,"BambooSIM","Turkey eSIM",1,30,1.39,1.39,,no
turkey,"ESIM.DOG 🐶","⚡️ [5G] Europe (2 countries) - Best 5G Coverage (1GB/10Days) - Black route",1,10,1.39,1.39,,yes
turkey,"ESIM.DOG 🐶","⚡️ [5G] Europe (2 countries) - Best 5G Coverage (1GB/15Days) - Black route",1,15,1.39,1.39,,yes
turkey,"ESIM.DOG 🐶","⚡️ [5G] Europe (2 countries) - Best 5G Coverage (1GB/20Days) - Black route",1,20,1.39,1.39,,yes
turkey,"ESIM.DOG 🐶","⚡️ [5G] Europe (2 countries) - Best 5G Coverage (1GB/30Days) - Black route",1,30,1.39,1.39,,yes
turkey,"Superalink","Turkey (Turkiye) - Regular",0.5,5,0.7,1.4,,yes
turkey,"eSIM4Travel","Turkey (Turk Telekom, Vodafone, Turkcell) - 500MB/1Days",0.5,1,0.7,1.4,,yes
turkey,"ESIM.DOG 🐶","🎁 $0.70 + VPN | [5G] Turk Telekom Turkey - Best 5G Coverage (500MB/1Days) - Black route",0.5,1,0.7,1.4,,yes
turkey,"Esimglobe","eSIM Turkey Unlimited Turkey 1GB/Day / 1",1,1,1.4,1.4,,no
turkey,"mobineX","1 GB - 30 days",1,30,1.4,1.4,,yes
turkey,"mobineX","Unlimited Standard",1,1,1.4,1.4,,yes
turkey,"abesteSIM","eSIM Turkey - 10 Days / Total 1GB",1,10,1.4082265456831446,1.408,,yes
turkey,"MicroEsim","Turkey eSIM 5G - 7 Days / Total 1GB",1,7,1.41,1.41,ESIMDB,yes
turkey,"abesteSIM","eSIM Balkans (11 Countries) - 1 Day / Daily 500MB",0.5,1,0.7119367536509231,1.424,,yes
turkey,"Superalink","Turkey (Turkiye) - Regular",0.5,7,0.72,1.44,,yes
turkey,"ESIM.DOG 🐶","🎁 $0.75 + VPN | [5G] Turk Telekom Turkey - Best 5G Coverage (500MB/2Days) - Black route",0.5,2,0.75,1.5,,yes
turkey,"ESIM.DOG 🐶","🎁 $0.80 + VPN | [5G] Turk Telekom Turkey - Best 5G Coverage (500MB/5Days) - Black route",0.5,5,0.8,1.6,,yes
turkey,"MicroEsim","Turkey eSIM 5G - 1 Day / Daily 500MB",0.5,1,0.82,1.64,,yes
turkey,"ESIM.DOG 🐶","🎁 $0.85 + VPN | [5G] Turk Telekom Turkey - Best 5G Coverage (500MB/30Days) - Black route",0.5,30,0.85,1.7,,yes
turkey,"Connect Me Guru","Turkey 500MB/Day",0.5,1,0.85,1.7,,yes
turkey,"Connect Me Guru","Turkey 500MB 7Days",0.5,7,0.85,1.7,,yes
turkey,"ESIM.DOG 🐶","⚡️ Asia (10 countries) - Best Coverage (500MB/1Days) - Green route",0.5,1,0.87,1.74,,no
turkey,"ASIMGO","eSIM Middle East - 17 Countries - 1 Day / Daily 500MB",0.5,1,0.88,1.76,,yes
turkey,"Billion Connect","Global eSIM [45 Countries] 1 Day 500MB/Day",0.5,1,0.92,1.84,,yes
turkey,"merdata","eSIM Turkey 500 MB 7 days",0.5,7,0.9461367445049325,1.892,,no
turkey,"merdata","eSIM Turkey 500 MB/day 1 day",0.5,1,0.9461367445049325,1.892,,no
turkey,"MicroEsim","Europe eSIM 5G 41 Countries - 1 Day / Daily 500MB",0.5,1,0.99,1.98,,yes
turkey,"Lumbus","Turkey 500MB 7Days",0.5,7,0.99,1.98,,no
turkey,"MoodSIM","Türkiye Unlimited (500 MB/day, then 512 Kbps) 1 Day",0.5,1,0.99,1.98,,yes
turkey,"MoodSIM","Türkiye 500 MB 1 Day",0.5,1,0.99,1.98,,yes
turkey,"MicroEsim","Europe eSIM 42 Countries - 1 Day / Daily 500MB",0.5,1,1.02,2.04,ESIMDB,yes
turkey,"ASIMGO","eSIM Turkey - 1 Day / Total 200MB",0.2,1,0.41,2.05,,yes
turkey,"AlpineSIM","AlpineSIM Unlimited Europe(30+ areas) eSIM - 300MB/Day / 1",0.3,1,0.6187396108392997,2.062,,yes
turkey,"Billion Connect","Europe eSIM [41 Countries] 1 Day 500MB/Day",0.5,1,1.04,2.08,,yes
turkey,"ASIMGO","eSIM Europe (41 Countries) - 1 Day / Total 200MB",0.2,1,0.42,2.1,,yes
turkey,"abesteSIM","eSIM Middle East (17 Countries) - 1 Day / Daily 500MB",0.5,1,1.07181687088106,2.144,,yes
turkey,"Stellar eSim","Turkey 500MB 7Days + Free Stellar VPN",0.5,7,1.07520648,2.15,,no
turkey,"Stellar eSim","Turkey 500MB 1Day + Free Stellar VPN",0.5,1,1.07520648,2.15,,no
turkey,"AlpineSIM","AlpineSIM Unlimited Europe(30+ areas) eSIM - 500MB/Day / 1",0.5,1,1.0766069228603816,2.153,,yes
turkey,"MicroEsim","Europe eSIM 5G 49 Destinations - 1 Day / Daily 500MB",0.5,1,1.08,2.16,ESIMDB,yes
turkey,"YonoSIM","Europe(30+ areas) 300MB/Day",0.3,1,0.68,2.267,,no
turkey,"abesteSIM","eSIM Turkey - 1 Day / Total 200MB",0.2,1,0.46158536775169734,2.308,,yes
turkey,"abesteSIM","eSIM Europe (41 Countries) - 1 Day / Total 200MB",0.2,1,0.46940884856104814,2.347,,yes
turkey,"YonoSIM","Europe(30+ areas) 500MB/Day",0.5,1,1.2,2.4,,no
turkey,"Stellar eSim","Europe(30+ areas) 500MB/Day + Free Stellar VPN",0.5,1,1.2023814400000001,2.405,,no
turkey,"eSIM4Travel","South Caucasus 4 (Georgia, Armenia, Azerbaijan, Turkey) - 500MB/1Days",0.5,1,1.21,2.42,,no
turkey,"AlpineSIM","AlpineSIM Unlimited Turkey eSIM - 500MB/Day / 3",0.5,3,1.2127296372450274,2.425,,yes
turkey,"ESIM.DOG 🐶","⚡️ [5G] Vodafone Turkey - Best 5G Coverage (500MB/1Days) - Blue route",0.5,1,1.26,2.52,,yes
turkey,"abesteSIM","eSIM Turkey - 3 Days / Daily 500MB",0.5,3,1.275227371924181,2.55,,yes
turkey,"Stellar eSim","Europe(30+ areas) 300MB/Day + Free Stellar VPN",0.3,1,0.7746111200000001,2.582,,no
turkey,"ESIM.DOG 🐶","⚡️ [5G] Balkans (2 countries) - Best 5G Coverage (500MB/1Days) - Black route",0.5,1,1.3,2.6,,yes
turkey,"ESIM.DOG 🐶","⚡️ [5G] Europe (2 countries) - Best 5G Coverage (500MB/1Days) - Black route",0.5,1,1.31,2.62,,yes
turkey,"ESIM.DOG 🐶","⚡️ [5G] Balkans (2 countries) - Best 5G Coverage (500MB/3Days) - Black route",0.5,3,1.32,2.64,,yes
turkey,"ESIM.DOG 🐶","⚡️ [5G] Balkans (2 countries) - Best 5G Coverage (500MB/5Days) - Black route",0.5,5,1.32,2.64,,yes
turkey,"ESIM.DOG 🐶","⚡️ [5G] Balkans (2 countries) - Best 5G Coverage (500MB/7Days) - Black route",0.5,7,1.33,2.66,,yes
turkey,"ESIM.DOG 🐶","⚡️ [5G] Europe (2 countries) - Best 5G Coverage (500MB/3Days) - Black route",0.5,3,1.34,2.68,,yes
turkey,"ESIM.DOG 🐶","⚡️ [5G] Europe (2 countries) - Best 5G Coverage (500MB/5Days) - Black route",0.5,5,1.34,2.68,,yes
turkey,"ESIM.DOG 🐶","⚡️ [5G] Europe (2 countries) - Best 5G Coverage (500MB/7Days) - Black route",0.5,7,1.35,2.7,,yes
turkey,"Billion Connect","Balkans eSIM [11 Countries] 1 Day 500MB/Day",0.5,1,1.36,2.72,,yes
turkey,"Hiroaming","Europe(30+ areas) 300MB/Day",0.3,1,0.82,2.733,,no
turkey,"ESIM.DOG 🐶","⚡️ Vodafone/Turk Telekom Turkey - Best Coverage (500MB/1Days) - Green route",0.5,1,1.38,2.76,,no
turkey,"ASIMGO","eSIM Turkey - 3 Days / Daily 500MB",0.5,3,1.39,2.78,,yes
turkey,"ESIM.DOG 🐶","⚡️ [5G] Europe (2 countries) - Best 5G Coverage (500MB/10Days) - Black route",0.5,10,1.39,2.78,,yes
turkey,"ESIM.DOG 🐶","⚡️ [5G] Europe (2 countries) - Best 5G Coverage (500MB/15Days) - Black route",0.5,15,1.39,2.78,,yes
turkey,"ESIM.DOG 🐶","⚡️ [5G] Europe (2 countries) - Best 5G Coverage (500MB/20Days) - Black route",0.5,20,1.39,2.78,,yes
turkey,"ESIM.DOG 🐶","⚡️ [5G] Europe (2 countries) - Best 5G Coverage (500MB/30Days) - Black route",0.5,30,1.39,2.78,,yes
turkey,"ESIM.DOG 🐶","⚡️ [5G] Balkans (2 countries) - Best 5G Coverage (500MB/10Days) - Black route",0.5,10,1.39,2.78,,yes
turkey,"ESIM.DOG 🐶","⚡️ [5G] Balkans (2 countries) - Best 5G Coverage (500MB/15Days) - Black route",0.5,15,1.39,2.78,,yes
turkey,"ESIM.DOG 🐶","⚡️ [5G] Balkans (2 countries) - Best 5G Coverage (500MB/20Days) - Black route",0.5,20,1.39,2.78,,yes
turkey,"ESIM.DOG 🐶","⚡️ [5G] Balkans (2 countries) - Best 5G Coverage (500MB/30Days) - Black route",0.5,30,1.39,2.78,,yes
turkey,"ESIM.DOG 🐶","⚡️ [5G] Europe (2 countries) - Best 5G Coverage (500MB/10Days) - Black route",0.5,10,1.39,2.78,,yes
turkey,"ESIM.DOG 🐶","⚡️ [5G] Europe (2 countries) - Best 5G Coverage (500MB/15Days) - Black route",0.5,15,1.39,2.78,,yes
turkey,"ESIM.DOG 🐶","⚡️ [5G] Europe (2 countries) - Best 5G Coverage (500MB/20Days) - Black route",0.5,20,1.39,2.78,,yes
turkey,"ESIM.DOG 🐶","⚡️ [5G] Europe (2 countries) - Best 5G Coverage (500MB/30Days) - Black route",0.5,30,1.39,2.78,,yes
turkey,"Horizon eSIM","Turkey 100MB 7Days",0.1,7,0.31215672000000005,3.122,,no
turkey,"Earth Esim","300MB/1 Day Europe Region eSIM",0.3,1,0.99,3.3,,yes
turkey,"AlpineSIM","AlpineSIM Turkey eSIM - 100MB | 7Days",0.1,7,0.33411938985322187,3.341,,yes
turkey,"ESIM.DOG 🐶","⚡️ Best Coverage in Turkey (200MB/30Days) - Yellow route",0.2,30,0.7,3.5,,no
turkey,"Connect Me Guru","Europe(30+ areas) 300MB/Day",0.3,1,1.08,3.6,,no
turkey,"Voyasim","Europe(30+ areas) 300MB/Day",0.3,1,1.1,3.667,,yes
turkey,"Simsima","Turkey 100MB 7Days",0.1,7,0.4,4,,yes
turkey,"ESIM.DOG 🐶","⚡️ [5G] Europe (34 countries) - Best 5G Coverage (300MB/1Days) - Blue route",0.3,1,1.39,4.633,,yes
turkey,"Voyasim","Turkey 100MB 7Days",0.1,7,0.5,5,,yes
turkey,"ESIM.DOG 🐶","🎁 $0.53 + VPN | [5G] Turk Telekom Turkey - Best 5G Coverage (100MB/1Days) - Black route",0.1,1,0.53,5.3,,yes
turkey,"Hiroaming","Turkey 100MB 7Days",0.1,7,0.54,5.4,,no
turkey,"ESIM.DOG 🐶","🎁 $0.55 + VPN | [5G] Turk Telekom Turkey - Best 5G Coverage (100MB/30Days) - Black route",0.1,30,0.55,5.5,,yes
turkey,"Superalink","Turkey (Turkiye) - Regular",0.1,1,0.63,6.3,,yes
turkey,"Superalink","Turkey (Turkiye) - Regular",0.1,3,0.65,6.5,,yes
turkey,"Superalink","Turkey (Turkiye) - Regular",0.1,5,0.67,6.7,,yes
turkey,"ESIM.DOG 🐶","⚡️ [5G] Europe (2 countries) - Best 5G Coverage (100MB/3Days) - Black route",0.1,3,0.68,6.8,,yes
turkey,"ESIM.DOG 🐶","⚡️ [5G] Europe (2 countries) - Best 5G Coverage (100MB/5Days) - Black route",0.1,5,0.68,6.8,,yes
turkey,"ESIM.DOG 🐶","⚡️ [5G] Europe (2 countries) - Best 5G Coverage (100MB/7Days) - Black route",0.1,7,0.68,6.8,,yes
turkey,"Superalink","Turkey (Turkiye) - Regular",0.1,7,0.69,6.9,,yes
turkey,"eSIM4Travel","Turkey (Turk Telekom, Vodafone, Turkcell) - 100MB/1Days",0.1,1,0.83,8.3,,yes
turkey,"Connect Me Guru","Turkey 100MB 7Days",0.1,7,0.85,8.5,,yes
turkey,"eSIM4Travel","South Caucasus 4 (Georgia, Armenia, Azerbaijan, Turkey) - 100MB/1Days",0.1,1,0.89,8.9,,no
turkey,"Roamix","Turkey 100MB 1Days",0.1,1,0.95,9.5,,yes
turkey,"Roamix","Turkey 100MB 3Days",0.1,3,0.95,9.5,,yes
turkey,"Roamix","Turkey 100MB 5Days",0.1,5,0.95,9.5,,yes
turkey,"Roamix","Turkey 100MB 7Days",0.1,7,0.95,9.5,,yes
turkey,"Journey Esims","Turkey 100 MB · 1 day",0.1,1,1,10,,no
turkey,"Journey Esims","Regional (36 countries) 100 MB · 1 day",0.1,1,1,10,,no
turkey,"Zwitchy","Türkiye · 100 MB · 1 day",0.1,1,1,10,,yes
turkey,"Stellar eSim","Turkey 100MB 7Days + Free Stellar VPN",0.1,7,1.07520648,10.752,,no
turkey,"ESIM.DOG 🐶","⚡️ [5G] Europe (2 countries) - Best 5G Coverage (100MB/3Days) - Black route",0.1,3,1.22,12.2,,yes
turkey,"ESIM.DOG 🐶","⚡️ [5G] Europe (2 countries) - Best 5G Coverage (100MB/5Days) - Black route",0.1,5,1.22,12.2,,yes
turkey,"ESIM.DOG 🐶","⚡️ [5G] Europe (2 countries) - Best 5G Coverage (100MB/7Days) - Black route",0.1,7,1.22,12.2,,yes
turkey,"ESIM.DOG 🐶","⚡️ [5G] Balkans (2 countries) - Best 5G Coverage (100MB/3Days) - Black route",0.1,3,1.22,12.2,,yes
turkey,"ESIM.DOG 🐶","⚡️ [5G] Balkans (2 countries) - Best 5G Coverage (100MB/5Days) - Black route",0.1,5,1.22,12.2,,yes
turkey,"ESIM.DOG 🐶","⚡️ [5G] Balkans (2 countries) - Best 5G Coverage (100MB/7Days) - Black route",0.1,7,1.22,12.2,,yes
turkey,"ESIM.DOG 🐶","⚡️ [5G] Europe (2 countries) - Best 5G Coverage (100MB/1Days) - Black route",0.1,1,1.23,12.3,,yes
turkey,"ESIM.DOG 🐶","⚡️ [5G] Europe (2 countries) - Best 5G Coverage (100MB/1Days) - Black route",0.1,1,1.23,12.3,,yes
turkey,"ESIM.DOG 🐶","⚡️ [5G] Balkans (2 countries) - Best 5G Coverage (100MB/1Days) - Black route",0.1,1,1.23,12.3,,yes
turkey,"ESIM.DOG 🐶","⚡️ [5G] Europe (2 countries) - Best 5G Coverage (100MB/10Days) - Black route",0.1,10,1.39,13.9,,yes
turkey,"ESIM.DOG 🐶","⚡️ [5G] Europe (2 countries) - Best 5G Coverage (100MB/15Days) - Black route",0.1,15,1.39,13.9,,yes
turkey,"ESIM.DOG 🐶","⚡️ [5G] Europe (2 countries) - Best 5G Coverage (100MB/20Days) - Black route",0.1,20,1.39,13.9,,yes
turkey,"ESIM.DOG 🐶","⚡️ [5G] Europe (2 countries) - Best 5G Coverage (100MB/30Days) - Black route",0.1,30,1.39,13.9,,yes
turkey,"ESIM.DOG 🐶","⚡️ [5G] Balkans (2 countries) - Best 5G Coverage (100MB/10Days) - Black route",0.1,10,1.39,13.9,,yes
turkey,"ESIM.DOG 🐶","⚡️ [5G] Balkans (2 countries) - Best 5G Coverage (100MB/15Days) - Black route",0.1,15,1.39,13.9,,yes
turkey,"ESIM.DOG 🐶","⚡️ [5G] Balkans (2 countries) - Best 5G Coverage (100MB/20Days) - Black route",0.1,20,1.39,13.9,,yes
turkey,"ESIM.DOG 🐶","⚡️ [5G] Balkans (2 countries) - Best 5G Coverage (100MB/30Days) - Black route",0.1,30,1.39,13.9,,yes
turkey,"ESIM.DOG 🐶","⚡️ [5G] Europe (2 countries) - Best 5G Coverage (100MB/10Days) - Black route",0.1,10,1.39,13.9,,yes
turkey,"ESIM.DOG 🐶","⚡️ [5G] Europe (2 countries) - Best 5G Coverage (100MB/15Days) - Black route",0.1,15,1.39,13.9,,yes
turkey,"ESIM.DOG 🐶","⚡️ [5G] Europe (2 countries) - Best 5G Coverage (100MB/20Days) - Black route",0.1,20,1.39,13.9,,yes
turkey,"ESIM.DOG 🐶","⚡️ [5G] Europe (2 countries) - Best 5G Coverage (100MB/30Days) - Black route",0.1,30,1.39,13.9,,yes
uae,"ESIM.DOG 🐶","⚡️ [5G] DU UAE - Best 5G Coverage (5GB/1Days) - Black route",5,1,2.93,0.586,,yes
uae,"Superalink","United Arab Emirates - 5GB/day",5,1,2.94,0.588,,yes
uae,"ESIM.DOG 🐶","⚡️ [5G] DU United Arab Emirates - Best 5G Coverage (4GB/1Days) - Black route",4,1,2.93,0.733,,yes
uae,"ESIM.DOG 🐶","⚡️ [5G] DU United Arab Emirates - Best 5G Coverage (3GB/1Days) - Black route",3,1,2.51,0.837,,yes
uae,"Superalink","United Arab Emirates - 3GB/day",3,1,2.52,0.84,,yes
uae,"ESIM.DOG 🐶","⚡️ [5G] DU UAE - Best 5G Coverage (1GB/1Days) - Black route",1,1,0.92,0.92,,yes
uae,"eSIM4Travel","United Arab Emirates (DU) - 1GB/1Days",1,1,0.93,0.93,,yes
uae,"Stellar eSim","United Arab Emirates 3GB/Day + Free Stellar VPN",3,1,2.9365854400000004,0.979,,no
uae,"Stellar eSim","United Arab Emirates 2GB/Day + Free Stellar VPN",2,1,1.9654312,0.983,,no
uae,"Superalink","United Arab Emirates - 2GB/day",2,1,2.03,1.015,,yes
uae,"MobiMatter","Half Global 12 GB",12,30,12.99,1.083,,no
uae,"Stellar eSim","United Arab Emirates 2GB/Day FUP1Mbps + Free Stellar VPN",2,1,2.2660265600000002,1.133,,no
uae,"ESIM.DOG 🐶","⚡️ [5G] DU United Arab Emirates - Best 5G Coverage (3GB/15Days) - Black route",3,15,3.54,1.18,,yes
uae,"ESIM.DOG 🐶","⚡️ [5G] DU UAE - Best 5G Coverage (3GB/9Days) - Black route",3,9,3.54,1.18,,yes
uae,"ESIM.DOG 🐶","⚡️ [5G] DU UAE - Best 5G Coverage (3GB/10Days) - Black route",3,10,3.54,1.18,,yes
uae,"ESIM.DOG 🐶","⚡️ [5G] DU UAE - Best 5G Coverage (3GB/12Days) - Black route",3,12,3.54,1.18,,yes
uae,"ESIM.DOG 🐶","⚡️ [5G] DU United Arab Emirates - Best 5G Coverage (3GB/14Days) - Black route",3,14,3.54,1.18,,yes
uae,"Stellar eSim","United Arab Emirates 3GB 15Days + Free Stellar VPN",3,15,3.5608988800000003,1.187,,no
uae,"Superalink","United Arab Emirates - 1GB/day",1,1,1.19,1.19,,yes
uae,"Billion Connect","UAE eSIM [5G] 1 Day 3GB/Day",3,1,3.57,1.19,,yes
uae,"Stellar eSim","United Arab Emirates 1GB/Day FUP1Mbps + Free Stellar VPN",1,1,1.2139428,1.214,,no
uae,"ESIM.DOG 🐶","⚡️ [5G] Du UAE - Best 5G Coverage (500MB/1Days) - Blue route",0.5,1,0.63,1.26,,yes
uae,"ESIM.DOG 🐶","⚡️ [5G] DU United Arab Emirates - Best 5G Coverage (500MB/1Days) - Black route",0.5,1,0.63,1.26,,yes
uae,"Superalink","United Arab Emirates - 500MB/day",0.5,1,0.64,1.28,,yes
uae,"Stellar eSim","United Arab Emirates 1GB/Day + Free Stellar VPN",1,1,1.2948723200000003,1.295,,no
uae,"Superalink","United Arab Emirates - Regular",15,30,19.63,1.309,,yes
uae,"Superalink","United Arab Emirates - Regular",1,1,1.33,1.33,,yes
uae,"Superalink","United Arab Emirates - Regular",2,1,2.66,1.33,,yes
uae,"Superalink","United Arab Emirates - Regular",2,3,2.7,1.35,,yes
uae,"Superalink","United Arab Emirates - Regular",1,3,1.36,1.36,,yes
uae,"ESIM.DOG 🐶","⚡️ [5G] DU United Arab Emirates - Best 5G Coverage (1GB/5Days) - Black route",1,5,1.37,1.37,,yes
uae,"ESIM.DOG 🐶","⚡️ [5G] DU United Arab Emirates - Best 5G Coverage (1GB/7Days) - Black route",1,7,1.37,1.37,,yes
uae,"Superalink","United Arab Emirates - Regular",2,5,2.74,1.37,,yes
uae,"RedEx eSIM","Unlimited Data - 1 Days (2 GB / 384 KBPS)",2,1,2.74,1.37,,no
uae,"Superalink","United Arab Emirates - Regular",1,5,1.38,1.38,,yes
uae,"Stellar eSim","United Arab Emirates 1GB 7Days + Free Stellar VPN",1,7,1.3873632,1.387,,no
uae,"Superalink","United Arab Emirates - Regular",2,7,2.78,1.39,,yes
uae,"ESIM.DOG 🐶","⚡️ [5G] DU UAE - Best 5G Coverage (2GB/10Days) - Black route",2,10,2.79,1.395,,yes
uae,"ASIMGO","eSIM United Arab Emirates - 1 Day / Daily 500MB",0.5,1,0.7,1.4,,yes
uae,"Superalink","United Arab Emirates - Regular",2,10,2.8,1.4,,yes
uae,"Superalink","United Arab Emirates - Regular",1,7,1.41,1.41,,yes
uae,"Superalink","United Arab Emirates - Regular",0.5,1,0.71,1.42,,yes
uae,"ESIM.DOG 🐶","⚡️ [5G] DU UAE - Best 5G Coverage (1GB/10Days) - Black route",1,10,1.42,1.42,,yes
uae,"ESIM.DOG 🐶","⚡️ [5G] DU United Arab Emirates - Best 5G Coverage (2GB/15Days) - Black route",2,15,2.84,1.42,,yes
uae,"ESIM.DOG 🐶","⚡️ [5G] DU UAE - Best 5G Coverage (2GB/12Days) - Black route",2,12,2.84,1.42,,yes
uae,"ESIM.DOG 🐶","⚡️ [5G] DU United Arab Emirates - Best 5G Coverage (2GB/14Days) - Black route",2,14,2.84,1.42,,yes
uae,"Superalink","United Arab Emirates - Regular",2,15,2.85,1.425,,yes
uae,"Superalink","United Arab Emirates - Regular",1,10,1.43,1.43,,yes
uae,"ESIM.DOG 🐶","⚡️ [5G] DU UAE - Best 5G Coverage (2GB/20Days) - Black route",2,20,2.86,1.43,,yes
uae,"Superalink","United Arab Emirates - Regular",2,20,2.87,1.435,,yes
uae,"ESIM.DOG 🐶","⚡️ [5G] DU United Arab Emirates - Best 5G Coverage (500MB/3Days) - Black route",0.5,3,0.72,1.44,,yes
uae,"ESIM.DOG 🐶","⚡️ [5G] DU UAE - Best 5G Coverage (1GB/15Days) - Black route",1,15,1.44,1.44,,yes
uae,"ESIM.DOG 🐶","⚡️ [5G] DU UAE - Best 5G Coverage (2GB/30Days) - Black route",2,30,2.88,1.44,,yes
uae,"ESIM.DOG 🐶","⚡️ [5G] DU United Arab Emirates - Best 5G Coverage (2GB/21Days) - Black route",2,21,2.88,1.44,,yes
uae,"Superalink","United Arab Emirates - Regular",2,30,2.89,1.445,,yes
uae,"Superalink","United Arab Emirates - Regular",1,15,1.45,1.45,,yes
uae,"Superalink","United Arab Emirates - Regular",0.5,3,0.73,1.46,,yes
uae,"ESIM.DOG 🐶","⚡️ [5G] DU UAE - Best 5G Coverage (1GB/20Days) - Black route",1,20,1.46,1.46,,yes
uae,"Superalink","United Arab Emirates - Regular",1,20,1.47,1.47,,yes
uae,"ESIM.DOG 🐶","⚡️ [5G] DU UAE - Best 5G Coverage (1GB/30Days) - Black route",1,30,1.47,1.47,,yes
uae,"Superalink","United Arab Emirates - Regular",1,30,1.48,1.48,,yes
uae,"ESIM.DOG 🐶","⚡️ [5G] DU United Arab Emirates - Best 5G Coverage (500MB/5Days) - Black route",0.5,5,0.75,1.5,,yes
uae,"Billion Connect","UAE eSIM [5G] 1 Day 2GB/Day",2,1,3,1.5,,yes
uae,"abesteSIM","eSIM United Arab Emirates - 1 Day / Daily 500MB",0.5,1,0.7588776385070278,1.518,,yes
uae,"Superalink","United Arab Emirates - Regular",0.5,5,0.76,1.52,,yes
uae,"ESIM.DOG 🐶","⚡️ [5G] Asia (5 countries) - Best 5G Coverage (2GB/1Days) - Pink route",2,1,3.05,1.525,,no
uae,"ESIM.DOG 🐶","⚡️ [5G] Du United Arab Emirates - Best 5G Coverage (500MB/7Days) - Blue route",0.5,7,0.77,1.54,,yes
uae,"ESIM.DOG 🐶","⚡️ [5G] DU United Arab Emirates - Best 5G Coverage (500MB/7Days) - Black route",0.5,7,0.77,1.54,,yes
uae,"Superalink","United Arab Emirates - Regular",0.5,7,0.78,1.56,,yes
uae,"ESIM.DOG 🐶","⚡️ [5G] Asia (6 countries) - Best 5G Coverage (1GB/1Days) - Blue route",1,1,1.63,1.63,,yes
uae,"ESIM.DOG 🐶","⚡️ Asia (10 countries) - Best Coverage (1GB/7Days) - Green route",1,7,1.63,1.63,,no
uae,"ASIMGO","eSIM United Arab Emirates - 1 Day / Daily 2GB",2,1,3.27,1.635,,yes
uae,"Stellar eSim","Gulf Region 1GB 7Days + Free Stellar VPN",1,7,1.6417131200000001,1.642,,no
uae,"Stellar eSim","United Arab Emirates 750MB 7Days + Free Stellar VPN",0.75,7,1.2370655200000003,1.649,,no
uae,"eSIM4Travel","Middle East 6 &amp; North Africa 2 - 1GB/7Days",1,7,1.69,1.69,,yes
uae,"GlobaleSIM","Dubai, Abu Dhabi &amp; UAE",10,30,17,1.7,,no
uae,"RedEx eSIM","Unlimited Data - 1 Days (2 GB / 384 KBPS)",2,1,3.45,1.725,,no
uae,"RedEx eSIM","Unlimited Data - 1 Days (2 GB / 384 KBPS)",2,1,3.45,1.725,,no
uae,"RedEx eSIM","Unlimited Data - 1 Days (2 GB / 384 KBPS)",2,1,3.45,1.725,,no
uae,"ESIM.DOG 🐶","⚡️ [5G] Asia (6 countries) - Best 5G Coverage (500MB/1Days) - Blue route",0.5,1,0.87,1.74,,yes
uae,"ESIM.DOG 🐶","⚡️ Asia (10 countries) - Best Coverage (500MB/1Days) - Green route",0.5,1,0.87,1.74,,no
uae,"SimSmash","United Arab Emirates Daily Unlimited 2GB/day for 1 Days",2,1,3.49,1.745,,yes
uae,"ASIMGO","eSIM Middle East - 17 Countries - 1 Day / Daily 500MB",0.5,1,0.88,1.76,,yes
uae,"ESIM.DOG 🐶","⚡️ Best Coverage in UAE (2GB/10Days) - Pink route",2,10,3.54,1.77,,no
uae,"abesteSIM","eSIM United Arab Emirates - 1 Day / Daily 2GB",2,1,3.575330729873317,1.788,,yes
uae,"ESIM.DOG 🐶","⚡️ [5G] Global (202 countries) - Best 5G Coverage (1GB/5Days) - Yellow route",1,5,1.79,1.79,,yes
uae,"Orange Travel","World - Zone 1",20,30,35.99,1.8,ESIMDBWRLD,no
uae,"eSIM4Travel","Global 72 - 1GB/7Days",1,7,1.8,1.8,,yes
uae,"Nomad","Local United Arab Emirates - 30 Days - 10 GB",10,30,18.5,1.85,ESIMDB3,no
uae,"Airhub","UAE 1GB 7Days",1,7,1.89,1.89,,yes
uae,"thirr.com","AE 1GB 3D",1,3,1.95386984,1.954,,yes
uae,"nadanada","eSIM, 1GB, 7 Days, Middle East and North Africa",1,7,1.99,1.99,,no
uae,"abesteSIM","eSIM United Arab Emirates - 1 Day / Daily 1GB",1,1,1.9949876063844547,1.995,,yes
uae,"Journey Esims","United Arab Emirates 1 GB · 1 day",1,1,2,2,,no
uae,"Journey Esims","United Arab Emirates 1 GB · 7 days",1,7,2,2,,no
uae,"Stellar eSim","United Arab Emirates 500MB 7Days + Free Stellar VPN",0.5,7,1.01739968,2.035,,no
uae,"Stellar eSim","United Arab Emirates 500MB/Day + Free Stellar VPN",0.5,1,1.01739968,2.035,,no
uae,"ASIMGO","eSIM United Arab Emirates - 1 Day / Daily 1GB",1,1,2.04,2.04,,yes
uae,"Stellar eSim","Gulf Region 1GB/Day + Free Stellar VPN",1,1,2.04636072,2.046,,no
uae,"abesteSIM","eSIM Middle East (17 Countries) - 1 Day / Daily 500MB",0.5,1,1.07181687088106,2.144,,yes
uae,"SimSmash","United Arab Emirates Daily Unlimited 1GB/day for 1 Days",1,1,2.19,2.19,,yes
uae,"MicroEsim","United Arab Emirates eSIM 5G - 1 Day / Daily 1GB",1,1,2.29,2.29,ESIMDB,yes
uae,"SimSmash","United Arab Emirates 1GB for 7 Days",1,7,2.29,2.29,,yes
uae,"mobineX","Unlimited Standard",1,1,2.3,2.3,,yes
uae,"eSimy","United Arab Emirates - 1 GB - 7 Days",1,7,2.30071064,2.301,,no
uae,"4S eSIM","Global 1GB - 1 Day",1,1,2.35,2.35,,no
uae,"eSIM4Travel","United Arab Emirates (DU) - 1GB/1Days",1,1,2.36,2.36,,yes
uae,"ESIM.DOG 🐶","⚡️ Best Coverage in United Arab Emirates (300MB/3Days) - Yellow route",0.3,3,0.72,2.4,,no
uae,"eSIM4Travel","Middle East 9 - 1GB/1Days",1,1,2.44,2.44,,yes
uae,"4S eSIM","Global 1GB - 5 Days",1,5,2.45,2.45,,no
uae,"ESIM.DOG 🐶","⚡️ [5G] Du UAE - Best 5G Coverage (1GB/1Days) - Blue route",1,1,2.45,2.45,,yes
uae,"abesteSIM","eSIM United Arab Emirates - 3 Days / Total 1GB",1,3,2.464396454945503,2.464,,yes
uae,"ASIMGO","eSIM United Arab Emirates - 3 Days / Total 1GB",1,3,2.49,2.49,,yes
uae,"ESIM.DOG 🐶","⚡️ [5G] Du United Arab Emirates - Best 5G Coverage (1GB/7Days) - Blue route",1,7,2.49,2.49,,yes
uae,"Giga.Tel","United Arab Emirates – 1GB – 7 Days – Free VPN",1,7,2.49,2.49,,yes
uae,"iRoamly","United Arab Emirates-eSIM-1GB-1 Day-Daily",1,1,2.5,2.5,,yes
uae,"GIGAGO","UAE eSIM",1,1,2.5,2.5,,no
uae,"eSIM4Travel","United Arab Emirates (DU) - 1GB/7Days",1,7,2.5,2.5,,yes
uae,"ESIM.DOG 🐶","⚡️ [5G] Global (202 countries) - Best 5G Coverage (1GB/7Days) - Yellow route",1,7,2.54,2.54,,yes
uae,"4S eSIM","Global 1GB - 7 Days",1,7,2.55,2.55,,no
uae,"YonoSIM","United Arab Emirates 1GB/Day FUP1Mbps",1,1,2.55,2.55,,no
uae,"Stellar eSim","Gulf Region 500MB/Day + Free Stellar VPN",0.5,1,1.2833109600000001,2.567,,no
uae,"abesteSIM","eSIM Middle East (8 Countries) - 3 Days / Total 1GB",1,3,2.5739251862764143,2.574,,yes
uae,"eSIM4Travel","Middle East 9 - 1GB/7Days",1,7,2.58,2.58,,yes
uae,"ESIM888","UAE (1GB/7DAYS)",1,7,2.6,2.6,,no
uae,"Ozly eSIM","United Arab Emirates 1GB 7Days",1,7,2.6,2.6,,yes
uae,"ESIM.DOG 🐶","⚡️ Best Coverage in United Arab Emirates (1GB/7Days) - Green route",1,7,2.65,2.65,,no
uae,"SparkRoam","1 GB / 7 Days",1,7,2.66,2.66,,no
uae,"RedEx eSIM","1 GB - 7 Days",1,7,2.69,2.69,,no
uae,"abesteSIM","eSIM United Arab Emirates - 5 Days / Total 1GB",1,5,2.699100879226027,2.699,,yes
uae,"Esimglobe","eSIM UAE Unlimited United Arab Emirates Unlimited / 1",1,1,2.7,2.7,,no
uae,"ASIMGO","eSIM United Arab Emirates - 5 Days / Total 1GB",1,5,2.72,2.72,,yes
uae,"YonoSIM","United Arab Emirates 1GB/Day",1,1,2.72,2.72,,no
uae,"MicroEsim","United Arab Emirates eSIM 5G - 3 Days / Total 1GB",1,3,2.75,2.75,ESIMDB,yes
uae,"Giga.Tel","United Arab Emirates – 1GB ($2.75) – 7 Days – Free VPN",1,7,2.75,2.75,,yes
uae,"Giga.Tel","United Arab Emirates – 1GB – 1 Day – Free VPN",1,1,2.75,2.75,,yes
uae,"abesteSIM","eSIM Middle East (8 Countries) - 5 Days / Total 1GB",1,5,2.8164530913662893,2.816,,yes
uae,"ESIM.DOG 🐶","⚡️ [5G] DU United Arab Emirates - Best 5G Coverage (500MB/10Days) - Black route",0.5,10,1.42,2.84,,yes
uae,"ESIM.DOG 🐶","⚡️ Best Coverage in UAE (1GB/1Days) - Pink route",1,1,2.85,2.85,,no
uae,"ESIM.DOG 🐶","⚡️ [5G] DU United Arab Emirates - Best 5G Coverage (500MB/15Days) - Black route",0.5,15,1.44,2.88,,yes
uae,"EscapeSIM","United Arab Emirates 1GB Stopover",1,7,2.89,2.89,,yes
uae,"Manet Travel","Local United Arab Emirates - 7 Days - 1 GB",1,7,2.89034,2.89,,no
uae,"abesteSIM","eSIM United Arab Emirates - 7 Days / Total 1GB",1,7,2.9181583418878496,2.918,,yes
uae,"ESIM.DOG 🐶","⚡️ [5G] DU United Arab Emirates - Best 5G Coverage (500MB/20Days) - Black route",0.5,20,1.46,2.92,,yes
uae,"ASIMGO","eSIM United Arab Emirates - 7 Days / Total 1GB",1,7,2.92,2.92,,yes
uae,"nextSIM","eSIM United Arab Emirates 1GB 7Days Standard",1,7,2.9365854400000004,2.937,,yes
uae,"ESIM.DOG 🐶","⚡️ [5G] DU United Arab Emirates - Best 5G Coverage (500MB/30Days) - Black route",0.5,30,1.47,2.94,,yes
uae,"Roamless","UAE - No Expiration",1,0,2.95,2.95,,yes
uae,"Connect Me Guru","United Arab Emirates 1GB/Day FUP1Mbps",1,1,2.95,2.95,,yes
uae,"Giga.Tel","United Arab Emirates – 1GB ($2.95) – 7 Days – Free VPN",1,7,2.95,2.95,,yes
uae,"ESIM.DOG 🐶","⚡️ [5G] Asia (6 countries) - Best 5G Coverage (1GB/7Days) - Blue route",1,7,2.96,2.96,,yes
uae,"Textr eSIM","United Arab Emirates 1GB",1,7,2.99,2.99,,no
uae,"nadanada","eSIM, 1GB, 7 Days, United Arab Emirates",1,7,2.99,2.99,,no
uae,"Earth Esim","1GB/1 Day United Arab Emirates 5G",1,1,2.99,2.99,,yes
uae,"MoodSIM","UAE 1 GB 7 Days",1,7,2.99,2.99,,yes
uae,"MoodSIM","UAE Unlimited (1 GB/day, then 1 Mbps) 1 Day",1,1,2.99,2.99,,yes
uae,"Giga.Tel","Gulf Region – 1GB – 1 Day – Free VPN",1,1,2.99,2.99,,yes
uae,"AdventureSIMs","United Arab Emirates 1GB 7 Days",1,7,2.997256889479126,2.997,,yes
uae,"Instabridge","1 GB United Arab Emirates eSIM Mobile Data Plan",1,7,3,3,,no
uae,"Driffle eSIM","United-arab-emirates 1GB for 7 Days",1,7,3,3,,no
uae,"Roamify","Asia eSIM 1 GB - 3 Days",1,3,3,3,,yes
uae,"Roamify","United Arab emirates eSIM 1 GB - 3 Days",1,3,3,3,,yes
uae,"Roamify","Global Plus eSIM 1 GB - 3 Days",1,3,3,3,,yes
uae,"Zwitchy","United Arab Emirates · 1 GB · 30 days",1,30,3,3,,yes
uae,"MicroEsim","United Arab Emirates eSIM 5G - 5 Days / Total 1GB",1,5,3.01,3.01,ESIMDB,yes
uae,"eSimfly","United Arab Emirates 1 GB 7 Days",1,7,3.01,3.01,,no
uae,"Connect Me Guru","United Arab Emirates 1GB 7Days",1,7,3.03,3.03,,yes
uae,"Billion Connect","UAE eSIM [5G] 1 Day 1GB/Day",1,1,3.04,3.04,,yes
uae,"Astaroam","United Arab Emirates 1GB 7Days",1,7,3.0761753986731315,3.076,,yes
uae,"eSimFlare","United Arab Emirates 1GB 7Days",1,7,3.1,3.1,,no
uae,"abesteSIM","eSIM United Arab Emirates - 10 Days / Total 1GB",1,10,3.105921881312269,3.106,,yes
uae,"Connect Me Guru","United Arab Emirates 1GB/Day",1,1,3.12,3.12,,yes
uae,"ASIMGO","eSIM United Arab Emirates - 10 Days / Total 1GB",1,10,3.13,3.13,,yes
uae,"Giga.Tel","United Arab Emirates – 1GB ($3.15) – 1 Day – Free VPN",1,1,3.15,3.15,,yes
uae,"Hiroaming","United Arab Emirates 1GB 7Days",1,7,3.18,3.18,,no
uae,"RedEx eSIM","United Arab Emirates 1GB/Day FUP1Mbps",1,1,3.19,3.19,,yes
uae,"eSimFlare","United Arab Emirates 1GB/Day",1,1,3.2,3.2,,no
uae,"AirPlans","United Arab Emirates 1GB 7Days",1,7,3.2,3.2,,no
uae,"Ozly eSIM","Gulf Region 1GB 7Days",1,7,3.2,3.2,,yes
uae,"AlpineSIM","AlpineSIM Gulf Region eSIM - 1GB | 7Days",1,7,3.2298207685811446,3.23,,yes
uae,"eSIM Cards","UAE 1GB Travel Plan for 7 Days",1,7,3.238079367024349,3.238,,yes
uae,"RedEx eSIM","United Arab Emirates 1GB 7Days",1,7,3.24,3.24,,yes
uae,"Yatelo","ARE 1GB 7 Days",1,7,3.24,3.24,,yes
uae,"SimSmash","United Arab Emirates Daily Unlimited 0.49GB/day for 1 Days",0.49,1,1.59,3.245,,yes
uae,"MicroEsim","United Arab Emirates eSIM 5G - 7 Days / Total 1GB",1,7,3.25,3.25,ESIMDB,yes
uae,"Giga.Tel","United Arab Emirates – 1GB ($3.25) – 1 Day – Free VPN",1,1,3.25,3.25,,yes
uae,"Hiroaming","United Arab Emirates 1GB/Day",1,1,3.29,3.29,,no
uae,"abesteSIM","eSIM Middle East (17 Countries) - 1 Day / Daily 1GB",1,1,3.293685420736688,3.294,,yes
uae,"YonoSIM","United Arab Emirates 500MB/Day",0.5,1,1.65,3.3,,no
uae,"EZsim","UAE (Dubai) - 1GB/7Days",1,7,3.3,3.3,,no
uae,"iRoamly","United Arab Emirates-eSIM-1GB-3 Days-Total",1,3,3.3,3.3,,yes
uae,"RedEx eSIM","United Arab Emirates 1GB/Day",1,1,3.3,3.3,,yes
uae,"abesteSIM","eSIM United Arab Emirates - 15 Days / Total 1GB",1,15,3.301508901546039,3.302,,yes
uae,"FootySIMs","UAE — 1GB · 7 Days",1,7,3.3055393538373568,3.306,,no
uae,"ASIMGO","eSIM United Arab Emirates - 15 Days / Total 1GB",1,15,3.33,3.33,,yes
uae,"abesteSIM","eSIM Middle East (8 Countries) - 10 Days / Total 1GB",1,10,3.3406263055927927,3.341,,yes
uae,"Giga.Tel","United Arab Emirates – 1GB ($3.35) – 7 Days – Free VPN",1,7,3.35,3.35,,yes
uae,"SimBalkan","UAE / Dubai · 1 GB · 7 days",1,7,3.3527944,3.353,,yes
uae,"SimBalkan","UAE / Dubai · Unlimited · 1 days",1,1,3.3527944,3.353,,yes
uae,"RedEx eSIM","1 GB - 7 Days",1,7,3.36,3.36,,no
uae,"MicroEsim","United Arab Emirates eSIM 5G - 1 Day / Daily 500MB",0.5,1,1.71,3.42,ESIMDB,yes
uae,"ASIMGO","eSIM Middle East - 17 Countries - 1 Day / Daily 1GB",1,1,3.42,3.42,,yes
uae,"Hungry eSIM","United Arab Emirates Unlimited eSIM — 1GB/Day · 1 Mbps after",1,1,3.45,3.45,,yes
uae,"BNESIM","Surf 1 GB in Middle East for 30 days",1,30,3.45,3.45,,yes
uae,"BNESIM","Surf 1 GB in United Arab Emirates for 30 days",1,30,3.45,3.45,,yes
uae,"Roamic","United Arab Emirates eSIM 1GB / 7 Days",1,7,3.4568466400000006,3.457,,no
uae,"Tourist eSIM","Middle East &amp; North Africa (10+ countries) • 1 GB • 7 Days",1,7,3.48,3.48,,no
uae,"MobiMatter","UAE 1 GB",1,7,3.49,3.49,,no
uae,"SimSwift","United Arab Emirates 1GB 7Days",1,7,3.49,3.49,,no
uae,"SimSwift","United Arab Emirates 1GB/Day FUP1Mb",1,1,3.49,3.49,,no
uae,"SimSmash","Gulf Region 1GB for 7 Days",1,7,3.49,3.49,,yes
uae,"MoodSIM","UAE Unlimited (1 GB/day, then 512 Kbps) 1 Day",1,1,3.49,3.49,,yes
uae,"WonderConnect","Saudi Arabia",1,7,3.49,3.49,,yes
uae,"Ezy eSIM","United Arab Emirates 1GB 7Days",1,7,3.5,3.5,,no
uae,"Virgin Connect Roam","United Arab Emirates 1GB for 7 days",1,7,3.5,3.5,,yes
uae,"WoWo Sim","United Arab Emirates 1GB 7 Days",1,7,3.5,3.5,,no
uae,"Roamify","Asia eSIM 1 GB - 7 Days",1,7,3.5,3.5,,yes
uae,"Roamify","United Arab emirates eSIM 1 GB - 7 Days",1,7,3.5,3.5,,yes
uae,"Roamify","Global Plus eSIM 1 GB - 7 Days",1,7,3.5,3.5,,yes
uae,"Superalink","United Arab Emirates - 1GB/day",1,3,3.5,3.5,,yes
uae,"Hungry eSIM","United Arab Emirates eSIM Data — 7 Day / 1GB",1,7,3.51,3.51,,yes
uae,"ESIM.DOG 🐶","⚡️ [5G] Asia (5 countries) - Best 5G Coverage (1GB/1Days) - Pink route",1,1,3.52,3.52,,no
uae,"nextSIM","eSIM Middle East 1GB 7Days Standard",1,7,3.5262148,3.526,,yes
uae,"Soovia eSIM","United Arab Emirates 500MB 7 Days",0.5,7,1.9,3.8,,yes
uae,"Horizon eSIM","United Arab Emirates 100MB 7Days",0.1,7,0.38152488000000007,3.815,,no
uae,"YonoSIM","United Arab Emirates 500MB 7Days",0.5,7,1.99,3.98,,no
uae,"Earth Esim","500MB/1 Day United Arab Emirates 5G",0.5,1,1.99,3.98,,yes
uae,"Lumbus","United Arab Emirates 500MB 7Days",0.5,7,1.99,3.98,,no
uae,"Simsima","United Arab Emirates 100MB 7Days",0.1,7,0.4,4,,yes
uae,"GIGAGO","UAE eSIM",0.5,1,2,4,,no
uae,"Hiroaming","United Arab Emirates 500MB 7Days",0.5,7,2,4,,no
uae,"Hiroaming","United Arab Emirates 500MB/Day",0.5,1,2,4,,no
uae,"Superalink","United Arab Emirates - 500MB/day",0.5,3,2.03,4.06,,yes
uae,"ESIM.DOG 🐶","⚡️ Best Coverage in UAE (500MB/1Days) - Green route",0.5,1,2.05,4.1,,no
uae,"Connect Me Guru","United Arab Emirates 500MB 7Days",0.5,7,2.06,4.12,,yes
uae,"Connect Me Guru","United Arab Emirates 500MB/Day",0.5,1,2.06,4.12,,yes
uae,"Wiiline","for United Arab Emirates 1 490 MB",0.49,1,2.02,4.122,,no
uae,"eSimFlare","United Arab Emirates 500MB 7Days",0.5,7,2.1,4.2,,no
uae,"eSimFlare","United Arab Emirates 500MB/Day",0.5,1,2.1,4.2,,no
uae,"Horizon eSIM","United Arab Emirates 500MB 7Days",0.5,7,2.18509704,4.37,,no
uae,"AlpineSIM","AlpineSIM Unlimited Gulf Region eSIM - 500MB/Day / 1",0.5,1,2.4254592744900547,4.851,,yes
uae,"Yesim","United Arab Emirates (UAE)",0.1,1,0.5202612000000001,4.955,,yes
uae,"ESIM.DOG 🐶","⚡️ Best Coverage in UAE (500MB/1Days) - Pink route",0.5,1,2.48,4.96,,no
uae,"MoodSIM","UAE Unlimited (500 MB/day, then 512 Kbps) 1 Day",0.5,1,2.49,4.98,,yes
uae,"eSIM4Travel","United Arab Emirates (DU) - 100MB/1Days",0.1,1,0.5,5,,yes
uae,"Voyasim","United Arab Emirates 100MB 7Days",0.1,7,0.5,5,,yes
uae,"Govora","United Arab Emirates 500MB 7Days",0.49,7,2.49,5.082,,no
uae,"RedEx eSIM","United Arab Emirates 500MB 7Days",0.5,7,2.56,5.12,,yes
uae,"RedEx eSIM","United Arab Emirates 500MB/Day",0.5,1,2.56,5.12,,yes
uae,"ESIM.DOG 🐶","⚡️ [5G] Asia (5 countries) - Best 5G Coverage (500MB/1Days) - Pink route",0.5,1,2.63,5.26,,no
uae,"ESIM.DOG 🐶","🎁 $0.53 + VPN | [5G] DU United Arab Emirates - Best 5G Coverage (100MB/1Days) - Black route",0.1,1,0.53,5.3,,yes
uae,"Hiroaming","United Arab Emirates 100MB 7Days",0.1,7,0.54,5.4,,no
uae,"Esimglobe","eSIM Gulf Region Unlimited Gulf Region 500MB/Day / 1",0.5,1,2.7,5.4,,no
uae,"YonoSIM","Gulf Region 500MB/Day",0.5,1,2.7,5.4,,no
uae,"ESIM.DOG 🐶","🎁 $0.55 + VPN | [5G] DU United Arab Emirates - Best 5G Coverage (100MB/3Days) - Black route",0.1,3,0.55,5.5,,yes
uae,"Hungry eSIM","United Arab Emirates eSIM Data — 7 Day / 0.5GB",0.5,7,2.76,5.52,,yes
uae,"Hungry eSIM","United Arab Emirates Unlimited eSIM — 0.5GB/Day · 512 Kbps after",0.5,1,2.76,5.52,,yes
uae,"Voyasim","United Arab Emirates 500MB 7Days",0.5,7,2.8,5.6,,yes
uae,"Voyasim","United Arab Emirates 500MB/Day",0.5,1,2.8,5.6,,yes
uae,"GIGAGO","Global eSIM (76 countries)",0.5,1,2.9,5.8,,no
uae,"ESIM.DOG 🐶","⚡️ [5G] Global (202 countries) - Best 5G Coverage (300MB/3Days) - Yellow route",0.3,3,1.79,5.967,,yes
uae,"Movisim","United Arab Emirates 500MB/day (Unlimited) - 1-Day eSIM",0.5,1,2.99,5.98,,yes
uae,"Movisim","United Arab Emirates 500MB - 7-Day eSIM",0.5,7,2.99,5.98,,yes
uae,"Movisim","United Arab Emirates 500MB/day (Unlimited) - 1-Day eSIM",0.5,1,2.99,5.98,,yes
uae,"Movisim","United Arab Emirates 500MB - 1-Day eSIM",0.5,1,2.99,5.98,,yes
uae,"ESIM.DOG 🐶","🎁 $0.60 + VPN | [5G] DU United Arab Emirates - Best 5G Coverage (100MB/30Days) - Black route",0.1,30,0.6,6,,yes
uae,"YeeSiM","Dubai eSIM - 500MB Total for 7 days",0.5,7,3,6,,yes
uae,"SimSmash","Gulf Region Daily Unlimited 0.49GB/day for 1 Days",0.49,1,2.99,6.102,,yes
uae,"Wiiline","Middle East 8 Countries - 1 490 MB",0.49,1,3.01,6.143,,yes
uae,"eSimFlare","Gulf Region 500MB/Day",0.5,1,3.1,6.2,,no
uae,"Connect Me Guru","Gulf Region 500MB/Day",0.5,1,3.1,6.2,,no
uae,"abesteSIM","eSIM United Arab Emirates - 3 Days / Daily 500MB",0.5,3,3.1293923237403214,6.259,,yes
uae,"Superalink","United Arab Emirates - Regular",0.1,1,0.63,6.3,,yes
uae,"Billion Connect","UAE eSIM [5G] 1 Day 500MB/Day",0.5,1,3.16,6.32,,yes
uae,"Esimglobe","eSIM UAE United Arab Emirates 500MB 7Days",0.5,7,3.2,6.4,,no
uae,"Superalink","United Arab Emirates - Regular",0.1,3,0.65,6.5,,yes
uae,"ESIM.DOG 🐶","🎁 $0.65 + VPN | [5G] DU United Arab Emirates - Best 5G Coverage (100MB/90Days) - Black route",0.1,90,0.65,6.5,,yes
uae,"BlueSky eSIM","🔷 [5G] Worldwide (201 countries) Best Coverage (300MB/3d)",0.3,3,1.97,6.567,,yes
uae,"RedEx eSIM","Gulf Region 500MB/Day",0.5,1,3.29,6.58,,yes
uae,"Skyalo","United Arab Emirates • 500 MB • 7 d",0.5,7,3.3,6.6,,yes
uae,"Skyalo","United Arab Emirates • 500 MB/day •",0.5,1,3.3,6.6,,yes
uae,"ASIMGO","eSIM United Arab Emirates - 3 Days / Daily 500MB",0.5,3,3.3,6.6,,yes
uae,"JamboSim","eSIM JamboSim Global 300MB / 3 Days",0.3,3,1.99,6.633,,no
uae,"Superalink","United Arab Emirates - Regular",0.1,5,0.67,6.7,,yes
uae,"Superalink","United Arab Emirates - 500MB/day",0.5,5,3.36,6.72,,yes
uae,"gosimless","United Arab Emirates 500MB – 7 Days",0.5,7,3.49,6.98,,no
uae,"MoodSIM","Middle East Unlimited (500 MB/day, then 512 Kbps) 1 Day",0.5,1,3.49,6.98,,yes
uae,"Superalink","United Arab Emirates - Regular",0.1,7,0.7,7,,yes
uae,"ESIM.DOG 🐶","⚡️ Best Coverage in United Arab Emirates (200MB/30Days) - Yellow route",0.2,30,1.47,7.35,,no
uae,"Truely","United Arab Emirates - 300MB, 2 days",0.3,2,2.29,7.633,,yes
uae,"Connect Me Guru","United Arab Emirates 100MB 7Days",0.1,7,0.85,8.5,,yes
uae,"Stellar eSim","United Arab Emirates 100MB 7Days + Free Stellar VPN",0.1,7,0.8555406400000001,8.555,,no
uae,"Roamix","United Arab Emirates 100MB 1Days",0.1,1,0.95,9.5,,yes
uae,"Roamix","United Arab Emirates 100MB 3Days",0.1,3,0.95,9.5,,yes
uae,"Roamix","United Arab Emirates 100MB 5Days",0.1,5,0.95,9.5,,yes
uae,"Roamix","United Arab Emirates 100MB 7Days",0.1,7,0.95,9.5,,yes
uae,"ESIM.DOG 🐶","⚡️ [5G] Global (202 countries) - Best 5G Coverage (200MB/30Days) - Yellow route",0.2,30,1.96,9.8,,yes
uae,"BlueSky eSIM","✈️ [5G] Worldwide (201 countries) Best Coverage (200MB/30d)",0.2,30,1.97,9.85,,yes
uae,"Journey Esims","United Arab Emirates 100 MB · 1 day",0.1,1,1,10,,no
uae,"Zwitchy","United Arab Emirates · 100 MB · 1 day",0.1,1,1,10,,yes
uae,"MobileSIM","Global 200 MB for 30 days",0.2,30,2.3,11.5,,no
uae,"Truely","Middle East - 300MB, 2 days",0.3,2,3.49,11.633,,yes
uae,"merdata","eSIM United Arab Emirates 100 MB 7 days",0.1,7,1.471768269229895,14.718,,no
uae,"JamboSim","eSIM JamboSim Global 200MB / 30 Days",0.2,30,2.99,14.95,,no
uae,"PikaSim","United Arab Emirates 100MB 7Days",0.1,7,1.5,15,,no
uae,"RedEx eSIM","United Arab Emirates 100MB 7Days",0.1,7,1.71,17.1,,yes
uae,"Hungry eSIM","United Arab Emirates eSIM Data — 7 Day / 0.1GB",0.1,7,1.84,18.4,,yes
uae,"Esimglobe","eSIM UAE United Arab Emirates 100MB 7Days",0.1,7,1.9,19,,no
uae,"eSimFlare","United Arab Emirates 100MB 7Days",0.1,7,2,20,,no
uae,"Keepgo","Hydrus",0.1,0,2,20,,yes
uae,"Journey Esims","Regional (9 countries) 100 MB · 1 day",0.1,1,2,20,,no
uae,"Keepgo","Tucana",0.1,0,2,20,,yes
uae,"Giga.Tel","World 129 - 100MB/Lifetime",0.1,0,2,20,,yes
uae,"yaySIM","AE_0.1_7",0.1,7,2.1966584,21.536,,yes
uae,"Turnaa eSIM","United Arab Emirates · 0.1 GB · 7 days",0.1,7,2.99,29.9,,yes
uae,"Bordersim","United Arab Emirates 100MB 7Days",0.1,7,2.99,29.9,,yes
uae,"Movisim","United Arab Emirates 100MB - 7-Day eSIM",0.1,7,2.99,29.9,,yes
uae,"Keepgo","Auriga 35 Most Visited",0.1,0,3,30,,yes
uae,"Keepgo","Eridanus World",0.1,0,3,30,,yes
uae,"gosimless","United Arab Emirates 100MB – 7 Days",0.1,7,3.49,34.9,,no
uk,"Stellar eSim","United Kingdom 3GB 30Days + Free Stellar VPN",3,30,0.6243134400000001,0.208,,no
uk,"ESIM.DOG 🐶","⚡️ [5G] Vodafone UK - Best 5G Coverage (5GB/1Days) - Black route",5,1,1.45,0.29,,yes
uk,"Stellar eSim","United Kingdom 5GB/Day + Free Stellar VPN",5,1,1.4682927200000002,0.294,,no
uk,"ESIM.DOG 🐶","⚡️ [5G] Vodafone United Kingdom - Best 5G Coverage (3GB/3Days) - Black route",3,3,0.91,0.303,,yes
uk,"ESIM.DOG 🐶","⚡️ [5G] Vodafone United Kingdom - Best 5G Coverage (3GB/1Days) - Black route",3,1,0.91,0.303,,yes
uk,"ESIM.DOG 🐶","⚡️ [5G] Vodafone United Kingdom - Best 5G Coverage (3GB/5Days) - Black route",3,5,0.91,0.303,,yes
uk,"ESIM.DOG 🐶","⚡️ [5G] Vodafone United Kingdom - Best 5G Coverage (3GB/30Days) - Black route",3,30,0.96,0.32,,yes
uk,"ESIM.DOG 🐶","⚡️ [5G] Vodafone United Kingdom - Best 5G Coverage (3GB/15Days) - Black route",3,15,0.96,0.32,,yes
uk,"ESIM.DOG 🐶","⚡️ [5G] Vodafone United Kingdom - Best 5G Coverage (3GB/7Days) - Black route",3,7,0.96,0.32,,yes
uk,"ESIM.DOG 🐶","⚡️ [5G] Vodafone United Kingdom - Best 5G Coverage (3GB/10Days) - Black route",3,10,0.96,0.32,,yes
uk,"ESIM.DOG 🐶","⚡️ [5G] Vodafone UK - Best 5G Coverage (3GB/20Days) - Black route",3,20,0.96,0.32,,yes
uk,"Amigo eSIM","Three 40GB 30Days",40,30,13,0.325,,yes
uk,"ESIM.DOG 🐶","⚡️ [5G] Vodafone United Kingdom - Best 5G Coverage (4GB/1Days) - Black route",4,1,1.45,0.362,,yes
uk,"ESIM.DOG 🐶","⚡️ [5G] Europe (35 countries) - Best 5G Coverage (3GB/15Days) - Blue route",3,15,1.2,0.4,,yes
uk,"ESIM.DOG 🐶","⚡️ [5G] Europe (33 countries) - Best 5G Coverage (3GB/1Days) - Pink route",3,1,1.2,0.4,,no
uk,"ESIM.DOG 🐶","⚡️ [5G] Europe (33 countries) - Best 5G Coverage (3GB/3Days) - Pink route",3,3,1.2,0.4,,no
uk,"ESIM.DOG 🐶","⚡️ [5G] Europe (33 countries) - Best 5G Coverage (3GB/5Days) - Pink route",3,5,1.2,0.4,,no
uk,"ESIM.DOG 🐶","⚡️ [5G] Europe (33 countries) - Best 5G Coverage (3GB/7Days) - Pink route",3,7,1.2,0.4,,no
uk,"ESIM.DOG 🐶","⚡️ [5G] Europe (33 countries) - Best 5G Coverage (3GB/10Days) - Pink route",3,10,1.2,0.4,,no
uk,"Stellar eSim","Europe (33 areas) 3GB 15Days + Free Stellar VPN",3,15,1.2139428,0.405,,no
uk,"Stellar eSim","United Kingdom 3GB/Day FUP1Mbps + Free Stellar VPN",3,1,1.2139428,0.405,,no
uk,"Stellar eSim","United Kingdom 3GB 15Days + Free Stellar VPN",3,15,1.2139428,0.405,,no
uk,"ESIM.DOG 🐶","⚡️ [5G] Europe (35 countries) - Best 5G Coverage (3GB/30Days) - Blue route",3,30,1.22,0.407,,yes
uk,"ESIM.DOG 🐶","⚡️ [5G] Europe (45 countries) - Best 5G Coverage (3GB/20Days) - Pink route",3,20,1.22,0.407,,no
uk,"Stellar eSim","Europe (35 areas) 3GB 30Days + Free Stellar VPN",3,30,1.2370655200000003,0.412,,no
uk,"Stellar eSim","Europe (33 areas) 3GB 30Days + Free Stellar VPN",3,30,1.2833109600000001,0.428,,no
uk,"Stellar eSim","Europe (35 areas) 3GB 15Days + Free Stellar VPN",3,15,1.30643368,0.435,,no
uk,"Stellar eSim","Europe (35 areas) 3GB/Day FUP1Mbps + Free Stellar VPN",3,1,1.31799504,0.439,,no
uk,"Stellar eSim","Europe (33 areas) 3GB/Day FUP1Mbps + Free Stellar VPN",3,1,1.3526791200000001,0.451,,no
uk,"ESIM.DOG 🐶","⚡️ [5G] Vodafone United Kingdom - Best 5G Coverage (2GB/15Days) - Black route",2,15,0.96,0.48,,yes
uk,"ESIM.DOG 🐶","⚡️ [5G] Vodafone United Kingdom - Best 5G Coverage (2GB/30Days) - Black route",2,30,0.96,0.48,,yes
uk,"ChillaxSIM","UK Total 30GB + unlimited calls for 30days",30,30,14.9,0.497,,yes
uk,"Stellar eSim","Europe (33 areas) 2GB 15Days + Free Stellar VPN",2,15,1.0520837600000001,0.526,,no
uk,"Stellar eSim","United Kingdom 2GB 15Days + Free Stellar VPN",2,15,1.0520837600000001,0.526,,no
uk,"Stellar eSim","Europe (35 areas) 2GB 30Days + Free Stellar VPN",2,30,1.07520648,0.538,,no
uk,"Stellar eSim","United Kingdom 2GB/Day + Free Stellar VPN",2,1,1.10989056,0.555,,no
uk,"Stellar eSim","Europe (33 areas) 2GB 30Days + Free Stellar VPN",2,30,1.10989056,0.555,,no
uk,"Stellar eSim","Europe (35 areas) 2GB 15Days + Free Stellar VPN",2,15,1.1330132800000001,0.567,,no
uk,"ESIM.DOG 🐶","⚡️ [5G] Europe (33 countries) - Best 5G Coverage (2GB/1Days) - Pink route",2,1,1.14,0.57,,no
uk,"Stellar eSim","Europe (35 areas) 2GB/Day FUP1Mbps + Free Stellar VPN",2,1,1.156136,0.578,,no
uk,"Stellar eSim","United Kingdom 2GB/Day FUP1Mbps + Free Stellar VPN",2,1,1.1908200800000002,0.595,,no
uk,"ESIM.DOG 🐶","⚡️ [5G] Europe (28 countries) - Best 5G Coverage (2GB/15Days) - Yellow route",2,15,1.2,0.6,,yes
uk,"Stellar eSim","Europe (33 areas) 2GB/Day FUP1Mbps + Free Stellar VPN",2,1,1.2023814400000001,0.601,,no
uk,"RedEx eSIM","Unlimited Data - 1 Days (2 GB / 384 KBPS)",2,1,1.24,0.62,,no
uk,"Billion Connect","Global eSIM [45 Countries] 1 Day 2GB/Day",2,1,1.25,0.625,,yes
uk,"ESIM.DOG 🐶","⚡️ [5G] Europe (2 countries) - Best 5G Coverage (1GB/3Days) - Blue route",1,3,0.66,0.66,,yes
uk,"ESIM.DOG 🐶","⚡️ [5G] Europe (35 countries) - Best 5G Coverage (1GB/7Days) - Blue route",1,7,0.66,0.66,,yes
uk,"ESIM.DOG 🐶","⚡️ [5G] Europe (33 countries) - Best 5G Coverage (1GB/5Days) - Pink route",1,5,0.66,0.66,,no
uk,"ESIM.DOG 🐶","⚡️ [5G] Europe (33 countries) - Best 5G Coverage (1GB/1Days) - Pink route",1,1,0.66,0.66,,no
uk,"AlpineSIM","AlpineSIM United Kingdom eSIM - 500MB | 7Days",0.5,7,0.33411938985322187,0.668,,yes
uk,"Stellar eSim","Europe (35 areas) 1GB 7Days + Free Stellar VPN",1,7,0.67055888,0.671,,no
uk,"eSIMX","United Kingdom 10GB 7Days",10,7,6.8,0.68,,yes
uk,"AlpineSIM","AlpineSIM Unlimited United Kingdom eSIM - 2GB/Day / 1",2,1,1.3612271438464596,0.681,,yes
uk,"Stellar eSim","Europe (33 areas) 1GB 7Days + Free Stellar VPN",1,7,0.68212024,0.682,,no
uk,"eSIM4Travel","Best Europe 41 - 1GB/1Days",1,1,0.69,0.69,,yes
uk,"eSIM4Travel","Best Europe 41 - 1GB/7Days",1,7,0.69,0.69,,yes
uk,"Stellar eSim","United Kingdom 1GB/Day + Free Stellar VPN",1,1,0.6936816,0.694,,no
uk,"Billion Connect","Europe eSIM [33 Countries] 1 Day 2GB/Day",2,1,1.43,0.715,,yes
uk,"abesteSIM","eSIM United Kingdom - 1 Day / Daily 2GB",2,1,1.431696988111197,0.716,,yes
uk,"abesteSIM","eSIM Europe (36 Countries) - 1 Day / Daily 2GB",2,1,1.4551674305392495,0.728,,yes
uk,"abesteSIM","eSIM Europe (32 Countries) - 1 Day / Daily 2GB",2,1,1.4551674305392495,0.728,,yes
uk,"AlpineSIM","AlpineSIM Unlimited United Kingdom eSIM - 1GB/Day / 1",1,1,0.7301127407903737,0.73,,yes
uk,"Stellar eSim","Europe (35 areas) 1GB/Day FUP1Mbps + Free Stellar VPN",1,1,0.7399270400000001,0.74,,no
uk,"Superalink","United Kingdom - Regular",1,1,0.75,0.75,,yes
uk,"Stellar eSim","Europe (33 areas) 1GB/Day FUP1Mbps + Free Stellar VPN",1,1,0.7514884000000001,0.751,,no
uk,"Stellar eSim","United Kingdom 1GB 7Days + Free Stellar VPN",1,7,0.7514884000000001,0.751,,no
uk,"ESIM.DOG 🐶","⚡️ [5G] Europe (34 countries) - Best 5G Coverage (1.5GB/1Days) - Blue route",1.5,1,1.14,0.76,,yes
uk,"abesteSIM","eSIM United Kingdom - 1 Day / Daily 500MB",0.5,1,0.3833505596581893,0.767,,yes
uk,"Superalink","United Kingdom - Regular",1,3,0.77,0.77,,yes
uk,"abesteSIM","eSIM Europe (36 Countries) - 1 Day / Daily 500MB",0.5,1,0.3911740404675402,0.782,,yes
uk,"Superalink","United Kingdom - Regular",1,5,0.79,0.79,,yes
uk,"ASIMGO","eSIM Europe (36 Countries) - 1 Day / Daily 500MB",0.5,1,0.4,0.8,,yes
uk,"Stellar eSim","Europe (35 areas) 750MB 7Days + Free Stellar VPN",0.75,7,0.6011907200000001,0.802,,no
uk,"AlpineSIM","AlpineSIM United Kingdom eSIM - 1GB | 7Days",1,7,0.8043614940910897,0.804,,yes
uk,"YonoSIM","United Kingdom 1GB/Day",1,1,0.81,0.81,,no
uk,"Stellar eSim","Europe (33 areas) 750MB 7Days + Free Stellar VPN",0.75,7,0.61275208,0.817,,no
uk,"Superalink","United Kingdom - Regular",1,7,0.82,0.82,,yes
uk,"ESIM.DOG 🐶","⚡️ [5G] Europe (33 countries) - Best 5G Coverage (800MB/1Days) - Pink route",0.8,1,0.66,0.825,,no
uk,"abesteSIM","eSIM Europe (32 Countries) - 1 Day / Daily 500MB",0.5,1,0.4146444828955926,0.829,,yes
uk,"Superalink","United Kingdom - Regular",1,10,0.83,0.83,,yes
uk,"ASIMGO","eSIM Europe - 32 Countries - 1 Day / Daily 500MB",0.5,1,0.42,0.84,,yes
uk,"AlpineSIM","AlpineSIM Unlimited United Kingdom eSIM - 500MB/Day / 1",0.5,1,0.4207429353707238,0.841,,yes
uk,"Superalink","United Kingdom - Regular",1,15,0.85,0.85,,yes
uk,"Stellar eSim","United Kingdom 1GB/Day FUP1Mbps + Free Stellar VPN",1,1,0.8555406400000001,0.856,,no
uk,"Superalink","United Kingdom - Regular",1,20,0.86,0.86,,yes
uk,"Superalink","United Kingdom - Regular",1,30,0.87,0.87,,yes
uk,"AlpineSIM","AlpineSIM Europe (35 areas) eSIM - 1GB | 7Days",1,7,0.8786102473918056,0.879,,yes
uk,"AlpineSIM","AlpineSIM Europe (33 areas) eSIM - 1GB | 7Days",1,7,0.8909850396085915,0.891,,yes
uk,"Ubigi","",10,7,9,0.9,,yes
uk,"mobineX","Unlimited Standard",1,1,0.9,0.9,,yes
uk,"ESIM.DOG 🐶","⚡️ [5G] Vodafone United Kingdom - Best 5G Coverage (1GB/3Days) - Black route",1,3,0.91,0.91,,yes
uk,"ESIM.DOG 🐶","⚡️ [5G] Vodafone United Kingdom - Best 5G Coverage (1GB/5Days) - Black route",1,5,0.91,0.91,,yes
uk,"Horizon eSIM","United Kingdom 1GB 7Days",1,7,0.9133474400000001,0.913,,no
uk,"abesteSIM","eSIM Asia+Europe 52 Regions - 1 Day / Daily 500MB",0.5,1,0.46158536775169734,0.923,,yes
uk,"AlpineSIM","AlpineSIM Unlimited Europe (35 areas) eSIM - 1GB/Day / 1",1,1,0.9281094162589496,0.928,,yes
uk,"ASIMGO","eSIM Asia&amp;Europe - 52 Countries - 1 Day / Daily 500MB",0.5,1,0.47,0.94,,yes
uk,"AlpineSIM","AlpineSIM Unlimited Europe (33 areas) eSIM - 1GB/Day / 1",1,1,0.9404842084757357,0.94,,yes
uk,"MicroEsim","United Kingdom eSIM 5G - 1 Day / Daily 1GB",1,1,0.95,0.95,,yes
uk,"ESIM.DOG 🐶","🎁 $0.95 + VPN | [5G] Three United Kingdom &amp; more - Best 5G Coverage (1GB/7Days) - Blue route",1,7,0.95,0.95,,yes
uk,"YonoSIM","United Kingdom 1GB/Day FUP1Mbps",1,1,0.95,0.95,,no
uk,"ESIM.DOG 🐶","⚡️ [5G] Vodafone United Kingdom - Best 5G Coverage (1GB/7Days) - Black route",1,7,0.96,0.96,,yes
uk,"ESIM.DOG 🐶","⚡️ [5G] Vodafone United Kingdom - Best 5G Coverage (1GB/10Days) - Black route",1,10,0.96,0.96,,yes
uk,"ESIM.DOG 🐶","⚡️ [5G] Vodafone United Kingdom - Best 5G Coverage (1GB/15Days) - Black route",1,15,0.96,0.96,,yes
uk,"ESIM.DOG 🐶","⚡️ [5G] Vodafone United Kingdom - Best 5G Coverage (1GB/20Days) - Black route",1,20,0.96,0.96,,yes
uk,"ESIM.DOG 🐶","⚡️ [5G] Vodafone United Kingdom - Best 5G Coverage (1GB/30Days) - Black route",1,30,0.96,0.96,,yes
uk,"MicroEsim","Europe eSIM 33 Countries - 1 Day / Daily 1GB",1,1,0.98,0.98,,yes
uk,"Textr eSIM","United Kingdom 1GB",1,7,0.99,0.99,,no
uk,"SimSmash","United Kingdom 1GB for 7 Days",1,7,0.99,0.99,,yes
uk,"SimSmash","United Kingdom Daily Unlimited 1GB/day for 1 Days",1,1,0.99,0.99,,yes
uk,"Voyasim","United Kingdom 500MB/Day",0.5,1,0.5,1,,yes
uk,"Voyasim","United Kingdom 500MB 7Days",0.5,7,0.5,1,,yes
uk,"Orbit Mobile","Global Pass",1,1,1,1,,no
uk,"Journey Esims","United Kingdom 1 GB · 1 day",1,1,1,1,,no
uk,"eSIMNEXA","UK 1GB 3Days",1,3,1,1,,yes
uk,"mobineX","Unlimited Standard",1,1,1,1,,yes
uk,"mobineX","Unlimited Standard",1,1,1,1,,yes
uk,"mobineX","Unlimited Standard",1,1,1,1,,yes
uk,"abesteSIM","eSIM United Kingdom - 1 Day / Daily 1GB",1,1,1.0014055435969027,1.001,,yes
uk,"abesteSIM","eSIM Europe (36 Countries) - 1 Day / Daily 1GB",1,1,1.0170525052156045,1.017,,yes
uk,"YonoSIM","Europe (35 areas) 1GB/Day FUP1Mbps",1,1,1.02,1.02,,no
uk,"Stellar eSim","Ireland &amp; UK 1GB 3Days + Free Stellar VPN",1,3,1.02896104,1.029,,no
uk,"Hiroaming","United Kingdom 1GB 7Days",1,7,1.04,1.04,,no
uk,"Yesim","United Kingdom (UK)",0.5,1,0.5202612000000001,1.041,,yes
uk,"Yesim","Europe &amp; UK",0.5,1,0.5202612000000001,1.041,,yes
uk,"abesteSIM","eSIM Europe (49 Destinations) - 1 Day / Daily 500MB",0.5,1,0.5241732142265039,1.048,,yes
uk,"Yatelo","GBR 1GB 7 Days",1,7,1.05,1.05,,yes
uk,"YonoSIM","Europe (33 areas) 1GB/Day FUP1Mbps",1,1,1.07,1.07,,no
uk,"ASIMGO","eSIM Europe (49 Destinations) - 1 Day / Daily 500MB",0.5,1,0.54,1.08,,yes
uk,"Billion Connect","Global eSIM [45 Countries] 1 Day 1GB/Day",1,1,1.11,1.11,,yes
uk,"Hiroaming","United Kingdom 500MB 7Days",0.5,7,0.56,1.12,,no
uk,"MicroEsim","Europe eSIM 36 Countries - 1 Day / Daily 1GB",1,1,1.12,1.12,ESIMDB,yes
uk,"ASIMGO","eSIM United Kingdom - 1 Day / Daily 1GB",1,1,1.12,1.12,,yes
uk,"ASIMGO","eSIM Europe (36 Countries) - 1 Day / Daily 1GB",1,1,1.13,1.13,,yes
uk,"Hiroaming","Europe (35 areas) 1GB 7Days",1,7,1.13,1.13,,no
uk,"GlobaleSIM","United Kingdom",15,30,17,1.133,,no
uk,"Horizon eSIM","United Kingdom 500MB 7Days",0.5,7,0.5665066400000001,1.133,,no
uk,"Hiroaming","United Kingdom 1GB/Day FUP1Mbps",1,1,1.14,1.14,,no
uk,"abesteSIM","eSIM Europe (32 Countries) - 1 Day / Daily 1GB",1,1,1.1422281981652171,1.142,,yes
uk,"Roamic","United Kingdom eSIM 1GB / 7 Days",1,7,1.14457464,1.145,,no
uk,"Hiroaming","United Kingdom 500MB/Day",0.5,1,0.58,1.16,,no
uk,"Hiroaming","Europe (33 areas) 1GB 7Days",1,7,1.16,1.16,,no
uk,"RedEx eSIM","United Kingdom 1GB/Day",1,1,1.17,1.17,,yes
uk,"MicroEsim","Europe eSIM 42 Countries - 1 Day / Daily 1GB",1,1,1.18,1.18,ESIMDB,yes
uk,"nadanada","eSIM, 1GB, 7 Days, Europe Extra",1,7,1.19,1.19,,no
uk,"4S eSIM","United Kingdom 1GB - 1 Day",1,1,1.19,1.19,,no
uk,"4S eSIM","Europe+ 1GB - 1 Day",1,1,1.19,1.19,,no
uk,"AdventureSIMs","United Kingdom 1GB 7 Days",1,7,1.1946613545329534,1.195,,yes
uk,"AdventureSIMs","Europe Saver 1GB 7 Days",1,7,1.1946613545329534,1.195,,yes
uk,"mobineX","1 GB - 3 days",1,3,1.2,1.2,,yes
uk,"voilà","",1,7,1.2,1.2,,yes
uk,"Earth Esim","1GB/1 Day Europe Region",1,1,1.2,1.2,,yes
uk,"ESIM.DOG 🐶","⚡️ [5G] Europe (33 countries) - Best 5G Coverage (1GB/10Days) - Pink route",1,10,1.2,1.2,,no
uk,"ESIM.DOG 🐶","⚡️ [5G] Europe (33 countries) - Best 5G Coverage (1GB/15Days) - Pink route",1,15,1.2,1.2,,no
uk,"abesteSIM","eSIM Global (66 Destinations) - 1 Day / Daily 500MB",0.5,1,0.6024080223200119,1.205,,yes
uk,"Billion Connect","Europe eSIM [33 Countries] 1 Day 1GB/Day",1,1,1.21,1.21,,yes
uk,"RedEx eSIM","1 GB - 7 Days",1,7,1.21,1.21,,no
uk,"4S eSIM","UK 1GB - 5 Days",1,5,1.21,1.21,,no
uk,"4S eSIM","Europe+ 1GB - 5 Days",1,5,1.21,1.21,,no
uk,"Connect Me Guru","United Kingdom 1GB/Day",1,1,1.21,1.21,,yes
uk,"ESIM.DOG 🐶","⚡️ [5G] Europe (33 countries) - Best 5G Coverage (1GB/20Days) - Pink route",1,20,1.22,1.22,,no
uk,"4S eSIM","United Kingdom 1GB - 7 Days",1,7,1.24,1.24,,no
uk,"4S eSIM","Europe+ 1GB - 7 Days",1,7,1.24,1.24,,no
uk,"Hiroaming","Europe (35 areas) 1GB/Day FUP1Mbps",1,1,1.24,1.24,,no
uk,"ASIMGO","eSIM Europe - 32 Countries - 1 Day / Daily 1GB",1,1,1.26,1.26,,yes
uk,"Connect Me Guru","United Kingdom 1GB 7Days",1,7,1.26,1.26,,yes
uk,"thirr.com","GB 1GB 3D",1,3,1.2601882400000002,1.26,,yes
uk,"Horizon eSIM","Europe 1 GB / 30 days",1,30,1.2601882400000002,1.26,,no
uk,"Yatelo","EUR 1GB 7 Days",1,7,1.27,1.27,,yes
uk,"Stellar eSim","Europe(30+ areas) 1GB 7Days + Free Stellar VPN",1,7,1.2717496000000001,1.272,,no
uk,"abesteSIM","eSIM United Kingdom - 5 Days / Total 1GB",1,5,1.2830508527335316,1.283,,yes
uk,"Hiroaming","Europe (33 areas) 1GB/Day FUP1Mbps",1,1,1.29,1.29,,no
uk,"abesteSIM","eSIM Asia+Europe 52 Regions - 1 Day / Daily 1GB",1,1,1.2908743335428825,1.291,,yes
uk,"ESIM.DOG 🐶","🎁 $0.65 + VPN | [5G] Three United Kingdom &amp; more - Best 5G Coverage (500MB/7Days) - Blue route",0.5,7,0.65,1.3,,yes
uk,"MicroEsim","Europe eSIM 33 Countries - 3 Days / Total 1GB",1,3,1.3,1.3,ESIMDB,yes
uk,"voilà","",1,7,1.3,1.3,,no
uk,"mobineX","1 GB - 7 days",1,7,1.3,1.3,,yes
uk,"Superalink","United Kingdom - Regular",0.5,1,0.66,1.32,,yes
uk,"ESIM.DOG 🐶","⚡️ [5G] Europe (41 countries) - Best 5G Coverage (500MB/3Days) - Yellow route",0.5,3,0.66,1.32,,yes
uk,"Billion Connect","Global eSIM [19 Regions] 3 Days 1GB",1,3,1.32,1.32,,yes
uk,"RedEx eSIM","United Kingdom 1GB/Day FUP1Mbps",1,1,1.32,1.32,,yes
uk,"SparkRoam","1 GB / 7 Days",1,7,1.33,1.33,,no
uk,"SparkRoam","1 GB / 7 Days",1,7,1.33,1.33,,no
uk,"Connect Me Guru","Europe (35 areas) 1GB 7Days",1,7,1.33,1.33,,no
uk,"abesteSIM","eSIM Europe (41 Countries) - 1 Day / Daily 1GB",1,1,1.3378152183989873,1.338,,yes
uk,"MicroEsim","United Kingdom eSIM 5G - 5 Days / Total 1GB",1,5,1.34,1.34,ESIMDB,yes
uk,"FullBars","United Kingdom 1GB · 7 days",1,7,1.3491997362601456,1.349,,yes
uk,"ESIM888","United Kingdom (1GB/7DAYS)",1,7,1.35,1.35,,no
uk,"Connect Me Guru","United Kingdom 1GB/Day FUP1Mbps",1,1,1.35,1.35,,yes
uk,"Superalink","United Kingdom - Regular",0.5,3,0.68,1.36,,yes
uk,"Connect Me Guru","Europe (33 areas) 1GB 7Days",1,7,1.36,1.36,,no
uk,"Earth Esim","500MB/1 Day United Kingdom - UK 5G",0.5,1,0.69,1.38,,yes
uk,"MicroEsim","Europe eSIM 33 Countries - 5 Days / Total 1GB",1,5,1.39,1.39,ESIMDB,yes
uk,"eSIMCard","eSIM Data For 1GB in 3 Days, United Kingdom",1,3,1.39,1.39,,yes
uk,"Textr eSIM","Europe 1GB",1,7,1.39,1.39,,no
uk,"MicroEsim","Europe eSIM 5G 41 Countries - 1 Day / Daily 1GB",1,1,1.39,1.39,ESIMDB,yes
uk,"AlpineSIM","AlpineSIM Ireland &amp; UK eSIM - 1GB | 3Days",1,3,1.3983515204968173,1.398,,yes
uk,"Superalink","United Kingdom - Regular",0.5,5,0.7,1.4,,yes
uk,"ESIM.DOG 🐶","🎁 $0.70 + VPN | [5G] Vodafone United Kingdom - Best 5G Coverage (500MB/1Days) - Black route",0.5,1,0.7,1.4,,yes
uk,"ASIMGO","eSIM United Kingdom - 5 Days / Total 1GB",1,5,1.4,1.4,,yes
uk,"mobineX","1 GB - 30 days",1,30,1.4,1.4,,yes
uk,"Voyasim","United Kingdom 1GB 7Days",1,7,1.4,1.4,,yes
uk,"Voyasim","United Kingdom 1GB/Day",1,1,1.4,1.4,,yes
uk,"RedEx eSIM","United Kingdom 1GB 7Days",1,7,1.4,1.4,,yes
uk,"mobineX","Unlimited Standard",1,1,1.4,1.4,,yes
uk,"RedEx eSIM","Europe (35 areas) 1GB/Day FUP1Mbps",1,1,1.4,1.4,,yes
uk,"Ozly eSIM","United Kingdom 1GB 7Days",1,7,1.4,1.4,,yes
uk,"SimSmash","United Kingdom Daily Unlimited 0.49GB/day for 1 Days",0.49,1,0.69,1.408,,yes
uk,"TravelGator eSIM","Europe eSIM Roaming Data",1,30,1.4082265456831446,1.408,,no
uk,"ASIMGO","eSIM Asia&amp;Europe - 52 Countries - 1 Day / Daily 1GB",1,1,1.41,1.41,,yes
uk,"AlpineSIM","AlpineSIM Europe(30+ areas) eSIM - 1GB | 7Days",1,7,1.4107263127136034,1.411,,yes
uk,"Connect Me Guru","Europe (35 areas) 1GB/Day FUP1Mbps",1,1,1.42,1.42,,no
uk,"eSIM4Travel","United Kingdom (O2, EE, Vodafone) - 1GB/1Days",1,1,1.43,1.43,,yes
uk,"Flysimio","United Kingdom 1GB 7Days",1,7,1.43,1.43,,yes
uk,"Superalink","United Kingdom - Regular",0.5,7,0.72,1.44,,yes
uk,"abesteSIM","eSIM Europe (49 Destinations) - 1 Day / Daily 1GB",1,1,1.4395204689205479,1.44,,yes
uk,"RedEx eSIM","Europe (33 areas) 1GB/Day FUP1Mbps",1,1,1.44,1.44,,yes
uk,"Ozly eSIM","Europe (35 areas) 1GB 7Days",1,7,1.45,1.45,,yes
uk,"ASIMGO","eSIM Europe (41 Countries) - 1 Day / Daily 1GB",1,1,1.45,1.45,,yes
uk,"eSIM Agora","United Kingdom 1GB/Day FUP1Mbps",1,1,1.45673136,1.457,,no
uk,"MicroEsim","Europe eSIM 33 Countries - 7 Days / Total 1GB",1,7,1.47,1.47,ESIMDB,yes
uk,"Connect Me Guru","Europe (33 areas) 1GB/Day FUP1Mbps",1,1,1.47,1.47,,no
uk,"TravelGator eSIM","United Kingdom eSIM Roaming Data",1,1,1.4708143921579508,1.471,,no
uk,"MicroEsim","Europe eSIM 36 Countries - 7 Days / Total 1GB",1,7,1.48,1.48,ESIMDB,yes
uk,"SimSwift","United Kingdom 1GB/Day",1,1,1.49,1.49,,no
uk,"Govora","United Kingdom 1GB 7Days",1,7,1.49,1.49,,no
uk,"Govora","Europe (35 areas) 1GB 7Days",1,7,1.49,1.49,,no
uk,"MoodSIM","UK 1 GB 7 Days",1,7,1.49,1.49,,yes
uk,"MoodSIM","UK Unlimited (1 GB/day, then 512 Kbps) 1 Day",1,1,1.49,1.49,,yes
uk,"MoodSIM","UK Unlimited (1 GB/day, then 1 Mbps) 1 Day",1,1,1.49,1.49,,yes
uk,"MoodSIM","Europe 1 GB 7 Days",1,7,1.49,1.49,,yes
uk,"MoodSIM","Europe Unlimited (1 GB/day, then 1 Mbps) 1 Day",1,1,1.49,1.49,,yes
uk,"MoodSIM","Europe 1 GB 7 Days",1,7,1.49,1.49,,yes
uk,"MoodSIM","Europe Unlimited (1 GB/day, then 1 Mbps) 1 Day",1,1,1.49,1.49,,yes
uk,"Earth Esim","1GB/1 Day United Kingdom - UK 5G",1,1,1.49,1.49,,yes
uk,"EscapeSIM","United Kingdom 1GB",1,14,1.49,1.49,,yes
uk,"ESIM.DOG 🐶","🎁 $0.75 + VPN | [5G] Vodafone United Kingdom - Best 5G Coverage (500MB/2Days) - Black route",0.5,2,0.75,1.5,,yes
uk,"iRoamly","United Kingdom-eSIM-1GB-1 Day-Daily",1,1,1.5,1.5,,yes
uk,"iRoamly","United Kingdom-eSIM-1GB-3 Days-Total",1,3,1.5,1.5,,yes
uk,"Journey Esims","United Kingdom 1 GB · 7 days",1,7,1.5,1.5,,no
uk,"eSIM4Travel","United Kingdom (O2, EE, Vodafone) - 1GB/7Days",1,7,1.5,1.5,,yes
uk,"ESIM.DOG 🐶","🎁 $0.80 + VPN | [5G] Vodafone United Kingdom - Best 5G Coverage (500MB/5Days) - Black route",0.5,5,0.8,1.6,,yes
uk,"RedEx eSIM","United Kingdom 500MB/Day",0.5,1,0.83,1.66,,yes
uk,"MicroEsim","United Kingdom eSIM 5G - 1 Day / Daily 500MB",0.5,1,0.84,1.68,,yes
uk,"MicroEsim","Europe eSIM 36 Countries - 1 Day / Daily 500MB",0.5,1,0.85,1.7,,yes
uk,"ESIM.DOG 🐶","🎁 $0.85 + VPN | [5G] Vodafone United Kingdom - Best 5G Coverage (500MB/30Days) - Black route",0.5,30,0.85,1.7,,yes
uk,"Stellar eSim","United Kingdom 500MB 7Days + Free Stellar VPN",0.5,7,0.8555406400000001,1.711,,no
uk,"Stellar eSim","United Kingdom 500MB/Day + Free Stellar VPN",0.5,1,0.8555406400000001,1.711,,no
uk,"MicroEsim","Europe eSIM 33 Countries - 1 Day / Daily 500MB",0.5,1,0.86,1.72,,yes
uk,"Connect Me Guru","United Kingdom 500MB 7Days",0.5,7,0.87,1.74,,yes
uk,"Connect Me Guru","United Kingdom 500MB/Day",0.5,1,0.88,1.76,,yes
uk,"ESIM.DOG 🐶","🎁 $0.90 + VPN | Best Coverage in United Kingdom (500MB/1Days) - Pink route",0.5,1,0.9,1.8,,no
uk,"RedEx eSIM","United Kingdom 500MB 7Days",0.5,7,0.91,1.82,,yes
uk,"Billion Connect","Global eSIM [45 Countries] 1 Day 500MB/Day",0.5,1,0.92,1.84,,yes
uk,"merdata","eSIM United Kingdom 500 MB 7 days",0.5,7,0.9461367445049325,1.892,,no
uk,"merdata","eSIM United Kingdom 500 MB/day 1 day",0.5,1,0.9461367445049325,1.892,,no
uk,"MicroEsim","Europe eSIM 5G 41 Countries - 1 Day / Daily 500MB",0.5,1,0.99,1.98,,yes
uk,"eSIM4Travel","United Kingdom (O2, EE, Vodafone) - 500MB/1Days",0.5,1,0.99,1.98,,yes
uk,"MoodSIM","UK Unlimited (500 MB/day, then 512 Kbps) 1 Day",0.5,1,0.99,1.98,,yes
uk,"Lumbus","United Kingdom 500MB 7Days",0.5,7,0.99,1.98,,no
uk,"MicroEsim","Europe eSIM 42 Countries - 1 Day / Daily 500MB",0.5,1,1.02,2.04,ESIMDB,yes
uk,"ASIMGO","eSIM United Kingdom - 1 Day / Total 200MB",0.2,1,0.41,2.05,,yes
uk,"Wiiline","for United Kingdom 1 Days 490 MB",0.49,1,1.01,2.061,,no
uk,"AlpineSIM","AlpineSIM Unlimited Europe(30+ areas) eSIM - 300MB/Day / 1",0.3,1,0.6187396108392997,2.062,,yes
uk,"Billion Connect","Europe eSIM [41 Countries] 1 Day 500MB/Day",0.5,1,1.04,2.08,,yes
uk,"ASIMGO","eSIM Europe (41 Countries) - 1 Day / Total 200MB",0.2,1,0.42,2.1,,yes
uk,"AlpineSIM","AlpineSIM Unlimited Europe(30+ areas) eSIM - 500MB/Day / 1",0.5,1,1.0766069228603816,2.153,,yes
uk,"MicroEsim","Europe eSIM 5G 49 Destinations - 1 Day / Daily 500MB",0.5,1,1.08,2.16,ESIMDB,yes
uk,"YonoSIM","Europe(30+ areas) 300MB/Day",0.3,1,0.68,2.267,,no
uk,"abesteSIM","eSIM United Kingdom - 1 Day / Total 200MB",0.2,1,0.46158536775169734,2.308,,yes
uk,"abesteSIM","eSIM Europe (41 Countries) - 1 Day / Total 200MB",0.2,1,0.46940884856104814,2.347,,yes
uk,"YonoSIM","Europe(30+ areas) 500MB/Day",0.5,1,1.2,2.4,,no
uk,"Stellar eSim","Europe(30+ areas) 500MB/Day + Free Stellar VPN",0.5,1,1.2023814400000001,2.405,,no
uk,"ESIM.DOG 🐶","⚡️ [5G] Three United Kingdom &amp; more - Best 5G Coverage (500MB/1Days) - Blue route",0.5,1,1.28,2.56,,yes
uk,"Stellar eSim","Europe(30+ areas) 300MB/Day + Free Stellar VPN",0.3,1,0.7746111200000001,2.582,,no
uk,"AlpineSIM","AlpineSIM Unlimited United Kingdom eSIM - 500MB/Day / 3",0.5,3,1.2993531827625295,2.599,,yes
uk,"abesteSIM","eSIM United Kingdom - 3 Days / Daily 500MB",0.5,3,1.3299917375896364,2.66,,yes
uk,"abesteSIM","eSIM Europe (32 Countries) - 3 Days / Daily 500MB",0.5,3,1.353462180017689,2.707,,yes
uk,"Hiroaming","Europe(30+ areas) 300MB/Day",0.3,1,0.82,2.733,,no
uk,"MicroEsim","United Kingdom eSIM 5G - 3 Days / Daily 500MB",0.5,3,1.41,2.82,ESIMDB,yes
uk,"ASIMGO","eSIM United Kingdom - 3 Days / Daily 500MB",0.5,3,1.41,2.82,,yes
uk,"abesteSIM","eSIM Europe (36 Countries) - 3 Days / Daily 500MB",0.5,3,1.4238735073018463,2.848,,yes
uk,"ESIM.DOG 🐶","⚡️ Vodafone United Kingdom &amp; more - Best Coverage (500MB/1Days) - Green route",0.5,1,1.43,2.86,,no
uk,"ESIM.DOG 🐶","⚡️ [5G] Europe (33 countries) - Best 5G Coverage (500MB/1Days) - Pink route",0.5,1,1.44,2.88,,no
uk,"Hiroaming","Europe(30+ areas) 500MB/Day",0.5,1,1.45,2.9,,no
uk,"ASIMGO","eSIM Europe - 32 Countries - 3 Days / Daily 500MB",0.5,3,1.47,2.94,,yes
uk,"DashRoam","United Kingdom 500MB 7Days",0.5,7,1.47,2.94,,yes
uk,"ESIM.DOG 🐶","⚡️ Europe (33 countries) - Best Coverage (500MB/1Days) - Green route",0.5,1,1.48,2.96,,no
uk,"ESIM.DOG 🐶","⚡️ Best Coverage in United Kingdom (200MB/30Days) - Yellow route",0.2,30,0.61,3.05,,no
uk,"Horizon eSIM","United Kingdom 100MB 7Days",0.1,7,0.31215672000000005,3.122,,no
uk,"Earth Esim","300MB/1 Day Europe Region eSIM",0.3,1,0.99,3.3,,yes
uk,"AlpineSIM","AlpineSIM United Kingdom eSIM - 100MB | 7Days",0.1,7,0.33411938985322187,3.341,,yes
uk,"Connect Me Guru","Europe(30+ areas) 300MB/Day",0.3,1,1.08,3.6,,no
uk,"Voyasim","Europe(30+ areas) 300MB/Day",0.3,1,1.1,3.667,,yes
uk,"Simsima","United Kingdom 100MB 7Days",0.1,7,0.4,4,,yes
uk,"ESIM.DOG 🐶","⚡️ [5G] Europe (34 countries) - Best 5G Coverage (300MB/1Days) - Blue route",0.3,1,1.39,4.633,,yes
uk,"MoodSIM","Europe Unlimited (300 MB/day, then 384 Kbps) 1 Day",0.3,1,1.49,4.967,,yes
uk,"Voyasim","United Kingdom 100MB 7Days",0.1,7,0.5,5,,yes
uk,"ESIM.DOG 🐶","🎁 $0.53 + VPN | [5G] Vodafone United Kingdom - Best 5G Coverage (100MB/1Days) - Black route",0.1,1,0.53,5.3,,yes
uk,"Hiroaming","United Kingdom 100MB 7Days",0.1,7,0.54,5.4,,no
uk,"ESIM.DOG 🐶","🎁 $0.55 + VPN | [5G] Vodafone United Kingdom - Best 5G Coverage (100MB/30Days) - Black route",0.1,30,0.55,5.5,,yes
uk,"ESIM.DOG 🐶","🎁 $0.60 + VPN | [5G] Three United Kingdom &amp; more - Best 5G Coverage (100MB/7Days) - Blue route",0.1,7,0.6,6,,yes
uk,"Superalink","United Kingdom - Regular",0.1,1,0.63,6.3,,yes
uk,"Superalink","United Kingdom - Regular",0.1,3,0.65,6.5,,yes
uk,"Superalink","United Kingdom - Regular",0.1,5,0.67,6.7,,yes
uk,"Superalink","United Kingdom - Regular",0.1,7,0.69,6.9,,yes
uk,"eSIM4Travel","United Kingdom (O2, EE, Vodafone) - 100MB/1Days",0.1,1,0.84,8.4,,yes
uk,"Connect Me Guru","United Kingdom 100MB 7Days",0.1,7,0.85,8.5,,yes
uk,"Stellar eSim","United Kingdom 100MB 7Days + Free Stellar VPN",0.1,7,0.8555406400000001,8.555,,no
uk,"Roamix","United Kingdom 100MB 1Days",0.1,1,0.95,9.5,,yes
uk,"Roamix","United Kingdom 100MB 3Days",0.1,3,0.95,9.5,,yes
uk,"Roamix","United Kingdom 100MB 5Days",0.1,5,0.95,9.5,,yes
uk,"Roamix","United Kingdom 100MB 7Days",0.1,7,0.95,9.5,,yes
uk,"Journey Esims","United Kingdom 100 MB · 1 day",0.1,1,1,10,,no
uk,"Journey Esims","Regional (36 countries) 100 MB · 1 day",0.1,1,1,10,,no
uk,"Zwitchy","United Kingdom · 100 MB · 1 day",0.1,1,1,10,,yes
uk,"ESIM.DOG 🐶","⚡️ [5G] Vodafone United Kingdom - Best 5G Coverage (100MB/7Days) - Black route",0.1,7,1.22,12.2,,yes
uk,"DashRoam","United Kingdom 100MB 7Days",0.1,7,1.45,14.5,,yes
usa,"ESIM.DOG 🐶","⚡️ [5G] AT&amp;T United States - Best 5G Coverage (3GB/3Days) - Black route",3,3,0.61,0.203,,yes
usa,"ESIM.DOG 🐶","⚡️ Best Coverage in USA (3GB/1Days) - Pink route",3,1,0.61,0.203,,no
usa,"Stellar eSim","United States 3GB 30Days + Free Stellar VPN",3,30,0.6243134400000001,0.208,,no
usa,"ESIM.DOG 🐶","⚡️ [5G] AT&amp;T United States - Best 5G Coverage (2GB/15Days) - Black route",2,15,0.66,0.33,,yes
usa,"ESIM.DOG 🐶","⚡️ [5G] AT&amp;T USA - Best 5G Coverage (2GB/30Days) - Black route",2,30,0.66,0.33,,yes
usa,"ESIM.DOG 🐶","⚡️ [5G] AT&amp;T United States - Best 5G Coverage (2GB/14Days) - Black route",2,14,0.66,0.33,,yes
usa,"ESIM.DOG 🐶","⚡️ [5G] AT&amp;T United States - Best 5G Coverage (2GB/21Days) - Black route",2,21,0.66,0.33,,yes
usa,"ESIM.DOG 🐶","⚡️ [5G] AT&amp;T USA - Best 5G Coverage (2GB/7Days) - Black route",2,7,0.66,0.33,,yes
usa,"ESIM.DOG 🐶","⚡️ [5G] Europe (45 countries) - Best 5G Coverage (5GB/1Days) - Pink route",5,1,1.91,0.382,,no
usa,"ESIM.DOG 🐶","⚡️ [5G] Europe (45 countries) - Best 5G Coverage (3GB/20Days) - Pink route",3,20,1.22,0.407,,no
usa,"Superalink","United States - 2GB/day",2,1,0.91,0.455,,yes
usa,"Simbye","USA Unlimited 10 Days with Real US Phone Number on ATT 5G",50,10,24.99,0.5,,no
usa,"ESIM.DOG 🐶","⚡️ [5G] AT&amp;T United States - Best 5G Coverage (3GB/15Days) - Black route",3,15,1.53,0.51,,yes
usa,"ESIM.DOG 🐶","⚡️ [5G] AT&amp;T United States - Best 5G Coverage (3GB/7Days) - Black route",3,7,1.53,0.51,,yes
usa,"Superalink","United States - 3GB/day",3,1,1.54,0.513,,yes
usa,"Stellar eSim","United States 3GB 15Days (USIP) + Free Stellar VPN",3,15,1.5492222400000002,0.516,,no
usa,"Stellar eSim","United States 3GB 15Days + Free Stellar VPN",3,15,1.5492222400000002,0.516,,no
usa,"ESIM.DOG 🐶","⚡️ [5G] Verizon/AT&amp;T United States - Best 5G Coverage (3GB/30Days) - Blue route",3,30,1.59,0.53,,yes
usa,"ESIM.DOG 🐶","⚡️ [5G] AT&amp;T United States - Best 5G Coverage (3GB/20Days) - Black route",3,20,1.59,0.53,,yes
usa,"Stellar eSim","United States 3GB 30Days (USIP) + Free Stellar VPN",3,30,1.60702904,0.536,,no
usa,"Billion Connect","Global eSIM [45 Countries] 1 Day 3GB/Day",3,1,1.67,0.557,,yes
usa,"abesteSIM","eSIM United States - 1 Day / Daily 3GB",3,1,1.674224893201072,0.558,,yes
usa,"RedEx eSIM","Unlimited Data - 1 Days (3 GB / 384 KBPS)",3,1,1.7,0.567,,no
usa,"Stellar eSim","United States 2GB/Day (USIP) + Free Stellar VPN",2,1,1.156136,0.578,,no
usa,"Stellar eSim","United States 3GB/Day FUP1Mbps (USIP) + Free Stellar VPN",3,1,1.734204,0.578,,no
usa,"Stellar eSim","United States 3GB/Day FUP1Mbps + Free Stellar VPN",3,1,1.7573267200000002,0.586,,no
usa,"thirr.com","US 3GB 7D",3,7,1.7804494400000002,0.593,,yes
usa,"Stellar eSim","United States 2GB/Day FUP1Mbps + Free Stellar VPN",2,1,1.1908200800000002,0.595,,no
usa,"ESIM.DOG 🐶","⚡️ [5G] AT&amp;T United States - Best 5G Coverage (1GB/3Days) - Black route",1,3,0.61,0.61,,yes
usa,"ESIM.DOG 🐶","⚡️ [5G] AT&amp;T United States - Best 5G Coverage (1GB/5Days) - Black route",1,5,0.61,0.61,,yes
usa,"Stellar eSim","United States 2GB/Day FUP1Mbps (USIP) + Free Stellar VPN",2,1,1.2370655200000003,0.619,,no
usa,"RedEx eSIM","Unlimited Data - 1 Days (2 GB / 384 KBPS)",2,1,1.24,0.62,,no
usa,"MicroEsim","United States eSIM - 1 Day / Daily 3GB",3,1,1.87,0.623,ESIMDB,yes
usa,"Billion Connect","Global eSIM [45 Countries] 1 Day 2GB/Day",2,1,1.25,0.625,,yes
usa,"ESIM.DOG 🐶","⚡️ [5G] Verizon/AT&amp;T United States - Best 5G Coverage (1GB/7Days) - Blue route",1,7,0.66,0.66,,yes
usa,"ESIM.DOG 🐶","⚡️ [5G] AT&amp;T United States - Best 5G Coverage (1GB/30Days) - Black route",1,30,0.66,0.66,,yes
usa,"ESIM.DOG 🐶","⚡️ [5G] AT&amp;T USA - Best 5G Coverage (1GB/25Days) - Black route",1,25,0.66,0.66,,yes
usa,"ESIM.DOG 🐶","⚡️ [5G] AT&amp;T USA - Best 5G Coverage (1GB/12Days) - Black route",1,12,0.66,0.66,,yes
usa,"ESIM.DOG 🐶","⚡️ [5G] AT&amp;T USA - Best 5G Coverage (1GB/20Days) - Black route",1,20,0.66,0.66,,yes
usa,"ESIM.DOG 🐶","⚡️ [5G] AT&amp;T USA - Best 5G Coverage (1GB/10Days) - Black route",1,10,0.66,0.66,,yes
usa,"Stellar eSim","United States 2GB 15Days + Free Stellar VPN",2,15,1.34111776,0.671,,no
usa,"abesteSIM","eSIM United States - 1 Day / Daily 2GB",2,1,1.345638699208338,0.673,,yes
usa,"eSIM4Travel","USA (AT&amp;T) - 1GB/1Days",1,1,0.68,0.68,,yes
usa,"Billion Connect","USA eSIM 1 Day 2GB/Day",2,1,1.37,0.685,,yes
usa,"Stellar eSim","United States 2GB 30Days + Free Stellar VPN",2,30,1.3873632,0.694,,no
usa,"MicroEsim","United States eSIM - 1 Day / Daily 2GB",2,1,1.39,0.695,ESIMDB,yes
usa,"ASIMGO","eSIM United States - 1 Day / Daily 2GB",2,1,1.46,0.73,,yes
usa,"mobineX","Unlimited Standard",1,1,0.8,0.8,,yes
usa,"TravelGator eSIM","United States eSIM Roaming Data",1,1,0.8214654849818344,0.821,,no
usa,"Stellar eSim","United States 2GB/Day + Free Stellar VPN",2,1,1.6417131200000001,0.821,,no
usa,"Stellar eSim","United States 1GB/Day (USIP) + Free Stellar VPN",1,1,0.84397928,0.844,,no
usa,"Stellar eSim","United States 1GB/Day FUP1Mbps + Free Stellar VPN",1,1,0.8555406400000001,0.856,,no
usa,"Stellar eSim","United States 1GB 7Days (USIP) + Free Stellar VPN",1,7,0.8555406400000001,0.856,,no
usa,"Superalink","United States - Regular",2,1,1.74,0.87,,yes
usa,"TravelGator eSIM","United States eSIM Roaming Data",2,1,1.75245970129458,0.876,,no
usa,"Superalink","United States - Regular",2,3,1.76,0.88,,yes
usa,"RedEx eSIM","Unlimited Data - 1 Days (2 GB / 384 KBPS)",2,1,1.77,0.885,,no
usa,"eSIM4Travel","USA (AT&amp;T) - 1GB/7Days",1,7,0.89,0.89,,yes
usa,"Superalink","United States - Regular",2,5,1.79,0.895,,yes
usa,"Superalink","United States - 1GB/day",1,1,0.91,0.91,,yes
usa,"MicroEsim","United States eSIM - 1 Day / Daily 1GB",1,1,0.91,0.91,,yes
usa,"Superalink","United States - Regular",2,7,1.82,0.91,,yes
usa,"Superalink","United States - Regular",2,10,1.84,0.92,,yes
usa,"Superalink","United States - Regular",2,15,1.86,0.93,,yes
usa,"Stellar eSim","United States 1GB/Day FUP1Mbps (USIP) + Free Stellar VPN",1,1,0.9364701600000002,0.936,,no
usa,"Superalink","United States - Regular",2,20,1.88,0.94,,yes
usa,"Superalink","United States - Regular",2,30,1.89,0.945,,yes
usa,"ESIM.DOG 🐶","⚡️ [5G] Europe (45 countries) - Best 5G Coverage (2GB/1Days) - Pink route",2,1,1.89,0.945,,no
usa,"abesteSIM","eSIM United States - 1 Day / Daily 500MB",0.5,1,0.47723232937039894,0.954,,yes
usa,"ASIMGO","eSIM United States - 1 Day / Daily 500MB",0.5,1,0.48,0.96,,yes
usa,"Stellar eSim","United States 1GB 7Days + Free Stellar VPN",1,7,0.95959288,0.96,,no
usa,"Superalink","United States - Regular",1,1,0.96,0.96,,yes
usa,"Superalink","United States - Regular",1,3,0.98,0.98,,yes
usa,"Textr eSIM","United States 1GB",1,7,0.99,0.99,,no
usa,"BambooSIM","USA eSIM",1,3,0.99,0.99,,no
usa,"ESIM.DOG 🐶","⚡️ [5G] North America (2 countries) - Best 5G Coverage (1GB/1Days) - Black route",1,1,0.99,0.99,,yes
usa,"eSIMNEXA","USA 1GB 3Days",1,3,1,1,,yes
usa,"esimzon","USA 1GB 30Days",1,30,1,1,,yes
usa,"Orbit Mobile","Global Pass",1,1,1,1,,no
usa,"Superalink","United States - Regular",1,5,1.01,1.01,,yes
usa,"Stellar eSim","United States 500MB/Day (USIP) + Free Stellar VPN",0.5,1,0.50869984,1.017,,no
usa,"Superalink","United States - Regular",1,7,1.03,1.03,,yes
usa,"Superalink","United States - Regular",1,10,1.04,1.04,,yes
usa,"Yesim","United States",0.5,1,0.5202612000000001,1.041,,yes
usa,"Superalink","United States - Regular",1,15,1.06,1.06,,yes
usa,"Billion Connect","USA eSIM 1 Day 1GB/Day",1,1,1.07,1.07,,yes
usa,"Superalink","United States - Regular",1,20,1.07,1.07,,yes
usa,"Superalink","United States - Regular",1,30,1.08,1.08,,yes
usa,"BambooSIM","USA eSIM",1,7,1.09,1.09,,no
usa,"abesteSIM","eSIM United States (Local IP) - 3 Days / Total 1GB",1,3,1.0952873133091123,1.095,,yes
usa,"Jetpac","USA 15GB",15,7,16.5,1.1,ESIMDB15,no
usa,"EZsim","USA (AT&amp;T) - 1GB/7Days",1,7,1.1,1.1,,no
usa,"mobineX","Unlimited Standard",1,1,1.1,1.1,,yes
usa,"ESIM888","USA (ATT) (1GB/7DAYS)",1,7,1.1,1.1,,no
usa,"Billion Connect","Global eSIM [45 Countries] 1 Day 1GB/Day",1,1,1.11,1.11,,yes
usa,"TravelGator eSIM","United States eSIM Roaming Data",1,3,1.1344047173558665,1.134,,no
usa,"ESIM.DOG 🐶","⚡️ [5G] North America (2 countries) - Best 5G Coverage (500MB/1Days) - Blue route",0.5,1,0.57,1.14,,yes
usa,"ESIM.DOG 🐶","⚡️ North America (3 countries) - Best Coverage (500MB/1Days) - Green route",0.5,1,0.57,1.14,,no
usa,"ESIM.DOG 🐶","⚡️ [5G] North America (2 countries) - Best 5G Coverage (500MB/1Days) - Black route",0.5,1,0.57,1.14,,yes
usa,"Orange Travel","United States 20GB",20,30,22.99,1.149,,no
usa,"Stellar eSim","United States 1GB/Day + Free Stellar VPN",1,1,1.156136,1.156,,no
usa,"abesteSIM","eSIM United States (Local IP) - 5 Days / Total 1GB",1,5,1.1656986405932697,1.166,,yes
usa,"YonoSIM","United States 1GB/Day (USIP)",1,1,1.17,1.17,,no
usa,"abesteSIM","eSIM US &amp; Canada - 1 Day / Daily 500MB",0.5,1,0.5867610607013102,1.174,,yes
usa,"ESIM.DOG 🐶","⚡️ [5G] North America (2 countries) - Best 5G Coverage (1GB/3Days) - Black route",1,3,1.18,1.18,,yes
usa,"ESIM.DOG 🐶","⚡️ [5G] North America (2 countries) - Best 5G Coverage (1GB/5Days) - Black route",1,5,1.18,1.18,,yes
usa,"ESIM.DOG 🐶","⚡️ [5G] North America (2 countries) - Best 5G Coverage (1GB/7Days) - Black route",1,7,1.18,1.18,,yes
usa,"nadanada","eSIM, 1GB, 7 Days, North America",1,7,1.19,1.19,,no
usa,"BambooSIM","USA eSIM",1,14,1.19,1.19,,no
usa,"Ubigi","USA",10,7,12,1.2,,yes
usa,"ESIM.DOG 🐶","🎁 $0.60 + VPN | [5G] AT&amp;T United States - Best 5G Coverage (500MB/1Days) - Black route",0.5,1,0.6,1.2,,yes
usa,"ASIMGO","eSIM US &amp; Canada - 1 Day / Daily 500MB",0.5,1,0.6,1.2,,yes
usa,"YonoSIM","United States 1GB/Day FUP1Mbps",1,1,1.2,1.2,,no
usa,"abesteSIM","eSIM Global (66 Destinations) - 1 Day / Daily 500MB",0.5,1,0.6024080223200119,1.205,,yes
usa,"ASIMGO","eSIM United States - 3 Days / Total 1GB",1,3,1.21,1.21,,yes
usa,"RedEx eSIM","1 GB - 7 Days",1,7,1.21,1.21,,no
usa,"TravelGator eSIM","United States eSIM Roaming Data",1,5,1.2126395254493745,1.213,,no
usa,"Stellar eSim","USA &amp; Canada 1GB/Day + Free Stellar VPN",1,1,1.2139428,1.214,,no
usa,"abesteSIM","eSIM United States (Local IP) - 7 Days / Total 1GB",1,7,1.236109967877427,1.236,,yes
usa,"Superalink","United States - 500MB/day",0.5,1,0.63,1.26,,yes
usa,"MicroEsim","United States eSIM - 3 Days / Total 1GB",1,3,1.26,1.26,ESIMDB,yes
usa,"Stellar eSim","United States 1.5GB/Day + Free Stellar VPN",1,1,1.2601882400000002,1.26,,no
usa,"AlpineSIM","AlpineSIM United States eSIM - 1GB | 7Days",1,7,1.2622288061121716,1.262,,yes
usa,"TravelGator eSIM","United States eSIM Roaming Data",1,7,1.275227371924181,1.275,,no
usa,"ASIMGO","eSIM United States - 5 Days / Total 1GB",1,5,1.28,1.28,,yes
usa,"BambooSIM","USA eSIM",1,20,1.29,1.29,,no
usa,"Superalink","United States - Regular",0.5,1,0.65,1.3,,yes
usa,"ESIM.DOG 🐶","🎁 $0.65 + VPN | [5G] Verizon/AT&amp;T United States - Best 5G Coverage (500MB/7Days) - Blue route",0.5,7,0.65,1.3,,yes
usa,"abesteSIM","eSIM United States (Local IP) - 10 Days / Total 1GB",1,10,1.306521295161584,1.307,,yes
usa,"abesteSIM","eSIM North America (US &amp; Canada &amp; Mexico) 5G - 1 Day / Daily 500MB",0.5,1,0.6571723879854674,1.314,,yes
usa,"ESIM.DOG 🐶","⚡️ [5G] AT&amp;T United States - Best 5G Coverage (500MB/30Days) - Black route",0.5,30,0.66,1.32,,yes
usa,"Billion Connect","Global eSIM [19 Regions] 3 Days 1GB",1,3,1.32,1.32,,yes
usa,"TravelGator eSIM","United States eSIM Roaming Data",1,10,1.3221682567802857,1.322,,no
usa,"abesteSIM","eSIM United States - 1 Day / Daily 1GB",1,1,1.3299917375896364,1.33,,yes
usa,"Superalink","United States - Regular",0.5,3,0.67,1.34,,yes
usa,"ASIMGO","eSIM United States - 7 Days / Total 1GB",1,7,1.35,1.35,,yes
usa,"Stellar eSim","USA &amp; Canada 1GB 7Days + Free Stellar VPN",1,7,1.37580184,1.376,,no
usa,"abesteSIM","eSIM United States (Local IP) - 15 Days / Total 1GB",1,15,1.3769326224457414,1.377,,yes
usa,"Superalink","United States - Regular",0.5,5,0.69,1.38,,yes
usa,"MicroEsim","United States eSIM - 5 Days / Total 1GB",1,5,1.38,1.38,ESIMDB,yes
usa,"YonoSIM","United States 1GB/Day FUP1Mbps (USIP)",1,1,1.38,1.38,,no
usa,"abesteSIM","eSIM US &amp; Canada - 1 Day / Daily 1GB",1,1,1.3847561032550921,1.385,,yes
usa,"BambooSIM","USA eSIM",1,30,1.39,1.39,,no
usa,"TravelGator eSIM","United States eSIM Roaming Data",1,15,1.392579584064443,1.393,,no
usa,"EZsim","USA (ATT+Verizon) - 1GB/7Days",1,7,1.4,1.4,,no
usa,"mobineX","Unlimited Standard",1,1,1.4,1.4,,yes
usa,"ESIM888","USA (ATT+Verizon) (1GB/7DAYS)",1,7,1.4,1.4,,no
usa,"AlpineSIM","AlpineSIM United States eSIM - 500MB | 7Days",0.5,7,0.7053631563568017,1.411,,yes
usa,"Superalink","United States - Regular",0.5,7,0.71,1.42,,yes
usa,"YonoSIM","United States 500MB/Day (USIP)",0.5,1,0.71,1.42,,no
usa,"ASIMGO","eSIM United States - Local IP - 10 Days / Total 1GB",1,10,1.42,1.42,,yes
usa,"GoMoWorld","United States",9,30,12.99,1.443,,no
usa,"abesteSIM","eSIM United States (Local IP) - 30 Days / Total 1GB",1,30,1.4473439497298985,1.447,,yes
usa,"ASIMGO","eSIM United States - 1 Day / Daily 1GB",1,1,1.45,1.45,,yes
usa,"MicroEsim","US &amp; Canada eSIM - 1 Day / Daily 1GB",1,1,1.46,1.46,ESIMDB,yes
usa,"ASIMGO","eSIM United States - Local IP - 15 Days / Total 1GB",1,15,1.49,1.49,,yes
usa,"SimSmash","United States 1GB for 7 Days",1,7,1.49,1.49,,yes
usa,"MicroEsim","United States eSIM - 7 Days / Total 1GB",1,7,1.49,1.49,ESIMDB,yes
usa,"iRoamly","United States-eSIM-1GB-1 Day-Daily",1,1,1.5,1.5,,yes
usa,"iRoamly","United States-eSIM-1GB-3 Days-Total",1,3,1.5,1.5,,yes
usa,"ASIMGO","eSIM US &amp; Canada - 1 Day / Daily 1GB",1,1,1.5,1.5,,yes
usa,"Journey Esims","United States 1 GB · 7 days",1,7,1.5,1.5,,no
usa,"4S eSIM","United States 1GB - 1 Day",1,1,1.54,1.54,,no
usa,"eSIM4Travel","Canada &amp; USA - 1GB/7Days",1,7,1.54,1.54,,yes
usa,"Yatelo","USA 1GB 7 Days",1,7,1.54,1.54,,yes
usa,"Stellar eSim","North America 1GB/Day + Free Stellar VPN",1,1,1.5492222400000002,1.549,,no
usa,"RedEx eSIM","United States 1GB/Day (USIP)",1,1,1.55,1.55,,yes
usa,"ASIMGO","eSIM United States - 30 Days / Total 1GB",1,30,1.56,1.56,,yes
usa,"Connect Me Guru","United States 1GB/Day (USIP)",1,1,1.57,1.57,,yes
usa,"ESIM.DOG 🐶","⚡️ [5G] North America (2 countries) - Best 5G Coverage (1GB/10Days) - Black route",1,10,1.58,1.58,,yes
usa,"ESIM.DOG 🐶","⚡️ [5G] North America (2 countries) - Best 5G Coverage (1GB/15Days) - Black route",1,15,1.58,1.58,,yes
usa,"ESIM.DOG 🐶","⚡️ [5G] North America (2 countries) - Best 5G Coverage (1GB/20Days) - Black route",1,20,1.58,1.58,,yes
usa,"ESIM.DOG 🐶","⚡️ [5G] North America (2 countries) - Best 5G Coverage (1GB/30Days) - Black route",1,30,1.58,1.58,,yes
usa,"MicroEsim","United States eSIM - 10 Days / Total 1GB",1,10,1.59,1.59,ESIMDB,yes
usa,"EscapeSIM","United States 1GB Stopover",1,7,1.59,1.59,,yes
usa,"4S eSIM","USA 1GB - 5 Days",1,5,1.59,1.59,,no
usa,"Stellar eSim","North America 1GB 30Days + Free Stellar VPN",1,30,1.59546768,1.595,,no
usa,"Connect Me Guru","United States 1GB/Day FUP1Mbps",1,1,1.6,1.6,,yes
usa,"Horizon eSIM","United States 1GB 7Days",1,7,1.60702904,1.607,,no
usa,"abesteSIM","eSIM Global (23 Destinations) - 1 Day / Daily 500MB",0.5,1,0.8136420041724836,1.627,,yes
usa,"Hiroaming","United States 1GB 7Days",1,7,1.63,1.63,,no
usa,"4S eSIM","United States 1GB - 7 Days",1,7,1.64,1.64,,no
usa,"Stellar eSim","North America 1GB 7Days + Free Stellar VPN",1,7,1.6417131200000001,1.642,,no
usa,"Connect Me Guru","United States 1GB 7Days (USIP)",1,7,1.65,1.65,,yes
usa,"Ozly eSIM","United States 1GB 7Days (USIP)",1,7,1.65,1.65,,yes
usa,"abesteSIM","eSIM Global (66 Destinations) - 1 Day / Daily 1GB",1,1,1.6585779315823703,1.659,,yes
usa,"MicroEsim","United States eSIM - 15 Days / Total 1GB",1,15,1.67,1.67,ESIMDB,yes
usa,"Stellar eSim","North America 1GB/Day FUP1Mbps + Free Stellar VPN",1,1,1.6763972,1.676,,no
usa,"MicroEsim","United States eSIM - 1 Day / Daily 500MB",0.5,1,0.85,1.7,,yes
usa,"iRoamly","United States-eSIM-1GB-5 Days-Total",1,5,1.7,1.7,,yes
usa,"Stellar eSim","United States 500MB/Day + Free Stellar VPN",0.5,1,0.8555406400000001,1.711,,no
usa,"Stellar eSim","United States 500MB 7Days + Free Stellar VPN",0.5,7,0.8555406400000001,1.711,,no
usa,"eSimy","United States - 1 GB - 7 Days",1,7,1.7226426400000001,1.723,,no
usa,"ESIM.DOG 🐶","⚡️ [5G] Europe (45 countries) - Best 5G Coverage (1GB/1Days) - Pink route",1,1,1.74,1.74,,no
usa,"Connect Me Guru","United States 1GB 7Days",1,7,1.75,1.75,,yes
usa,"ESIM.DOG 🐶","⚡️ [5G] AT&amp;T United States - Best 5G Coverage (1GB/7Days) - Black route",1,7,1.75,1.75,,yes
usa,"AlpineSIM","AlpineSIM Unlimited United States eSIM - 1GB/Day / 1",1,1,1.7572204947836112,1.757,,yes
usa,"MicroEsim","United States eSIM - 30 Days / Total 1GB",1,30,1.76,1.76,ESIMDB,yes
usa,"abesteSIM","eSIM North America (US &amp; Canada &amp; Mexico) 5G - 1 Day / Daily 1GB",1,1,1.7602831821039306,1.76,,yes
usa,"RedEx eSIM","United States 1GB/Day FUP1Mbps (USIP)",1,1,1.77,1.77,,yes
usa,"Connect Me Guru","United States 1GB/Day FUP1Mbps (USIP)",1,1,1.79,1.79,,yes
usa,"ESIM.DOG 🐶","⚡️ [5G] Global (202 countries) - Best 5G Coverage (1GB/5Days) - Yellow route",1,5,1.79,1.79,,yes
usa,"AdventureSIMs","United States 1GB 7 Days",1,7,1.7955265328483443,1.796,,yes
usa,"iRoamly","United States-eSIM-1GB-7 Days-Total",1,7,1.8,1.8,,yes
usa,"voilà","",1,7,1.8,1.8,,yes
usa,"eSIM4Travel","Global 72 - 1GB/7Days",1,7,1.8,1.8,,yes
usa,"Billion Connect","USA eSIM 1 Day 500MB/Day",0.5,1,0.91,1.82,,yes
usa,"Hiroaming","United States 500MB 7Days",0.5,7,0.91,1.82,,no
usa,"ESIM.DOG 🐶","⚡️ T-Mobile United States &amp; more - Best Coverage (1GB/7Days) - Green route",1,7,1.82,1.82,,no
usa,"Horizon eSIM","United States 500MB 7Days",0.5,7,0.9133474400000001,1.827,,no
usa,"Billion Connect","Global eSIM [45 Countries] 1 Day 500MB/Day",0.5,1,0.92,1.84,,yes
usa,"eSIM Agora","United States 1GB/Day FUP1Mbps",1,1,1.8498176000000002,1.85,,no
usa,"ASIMGO","eSIM North America (US &amp; Canada &amp; Mexico) - 1 Day / Daily 1GB",1,1,1.85,1.85,,yes
usa,"Billion Connect","Global eSIM [67 Countries] 1 Day 1GB/Day",1,1,1.88,1.88,,yes
usa,"RedEx eSIM","United States 1GB 7Days (USIP)",1,7,1.89,1.89,,yes
usa,"EscapeSIM","Europe And USA 1GB",1,14,1.89,1.89,,yes
usa,"Billion Connect","USA &amp; Canada eSIM 1 Day 1GB/Day",1,1,1.9,1.9,,yes
usa,"Awinst Connect","1 GB / 7 days",1,7,1.9,1.9,,no
usa,"Stellar eSim","North America (3 areas) 750MB 7Days + Free Stellar VPN",0.75,7,1.4798540800000002,1.973,,no
usa,"Lumbus","United States 500MB 7Days",0.5,7,0.99,1.98,,no
usa,"ESIM.DOG 🐶","⚡️ Best Coverage in United States (300MB/3Days) - Yellow route",0.3,3,0.61,2.033,,no
usa,"Stellar eSim","USA &amp; Canada 500MB/Day + Free Stellar VPN",0.5,1,1.01739968,2.035,,no
usa,"ASIMGO","eSIM United States - 1 Day / Total 200MB",0.2,1,0.41,2.05,,yes
usa,"ASIMGO","eSIM North America (US &amp; Canada &amp; Mexico) - 1 Day / Total 200MB",0.2,1,0.42,2.1,,yes
usa,"RedEx eSIM","United States 500MB/Day (USIP)",0.5,1,1.06,2.12,,yes
usa,"Stellar eSim","North America 500MB/Day + Free Stellar VPN",0.5,1,1.06364512,2.127,,no
usa,"Connect Me Guru","United States 500MB/Day (USIP)",0.5,1,1.11,2.22,,yes
usa,"Connect Me Guru","United States 500MB 7Days",0.5,7,1.15,2.3,,yes
usa,"AlpineSIM","AlpineSIM Unlimited United States eSIM - 500MB/Day / 1",0.5,1,1.1508556761610975,2.302,,yes
usa,"abesteSIM","eSIM United States - 1 Day / Total 200MB",0.2,1,0.46158536775169734,2.308,,yes
usa,"Superalink","United States - 500MB/day",0.5,3,1.17,2.34,,yes
usa,"abesteSIM","eSIM North America (US &amp; Canada &amp; Mexico) 5G - 1 Day / Total 200MB",0.2,1,0.46940884856104814,2.347,,yes
usa,"ESIM.DOG 🐶","⚡️ [5G] North America (2 countries) - Best 5G Coverage (500MB/3Days) - Black route",0.5,3,1.18,2.36,,yes
usa,"ESIM.DOG 🐶","⚡️ [5G] North America (2 countries) - Best 5G Coverage (500MB/5Days) - Black route",0.5,5,1.18,2.36,,yes
usa,"ESIM.DOG 🐶","⚡️ [5G] North America (2 countries) - Best 5G Coverage (500MB/7Days) - Black route",0.5,7,1.18,2.36,,yes
usa,"Voyasim","United States 500MB 7Days",0.5,7,1.2,2.4,,yes
usa,"eSIM4Travel","USA (AT&amp;T, T-Mobile) - 500MB/1Days",0.5,1,1.2,2.4,,yes
usa,"Voyasim","United States 500MB/Day (USIP)",0.5,1,1.2,2.4,,yes
usa,"MicroEsim","US &amp; Canada eSIM - 1 Day / Daily 500MB",0.5,1,1.21,2.42,ESIMDB,yes
usa,"SimSmash","United States Daily Unlimited 0.49GB/day for 1 Days",0.49,1,1.19,2.429,,yes
usa,"ESIM.DOG 🐶","⚡️ [5G] Latin America (11 countries) - Best 5G Coverage (500MB/1Days) - Pink route",0.5,1,1.22,2.44,,no
usa,"abesteSIM","eSIM America (20 Destinations) - 1 Day / Daily 500MB",0.5,1,1.236109967877427,2.472,,yes
usa,"YonoSIM","United States 500MB/Day",0.5,1,1.29,2.58,,no
usa,"ASIMGO","eSIM America (20 Destinations) - 1 Day / Daily 500MB",0.5,1,1.31,2.62,,yes
usa,"LATAM Travellers","United States eSIM - 500MB / Day",0.5,1,1.36,2.72,,no
usa,"eSIM4Travel","USA (AT&amp;T, Verizon, T-Mobile) - 500MB/1Days",0.5,1,1.4,2.8,,yes
usa,"ESIM.DOG 🐶","⚡️ [5G] Verizon/AT&amp;T USA - Best 5G Coverage (500MB/1Days) - Blue route",0.5,1,1.41,2.82,,yes
usa,"MicroEsim","North America (US &amp; Canada &amp; Mexico) eSIM 5G - 1 Day / Daily 500MB",0.5,1,1.42,2.84,ESIMDB,yes
usa,"AlpineSIM","AlpineSIM Unlimited USA &amp; Canada eSIM - 500MB/Day / 1",0.5,1,1.4849750660143193,2.97,,yes
usa,"MoodSIM","USA Unlimited (500 MB/day, then 512 Kbps) 1 Day",0.5,1,1.49,2.98,,yes
usa,"AlpineSIM","AlpineSIM Unlimited North America eSIM - 500MB/Day / 1",0.5,1,1.4973498582311053,2.995,,yes
usa,"LATAM Travellers","United States eSIM - 500MB / 7 Days",0.5,7,1.51,3.02,,no
usa,"Govora","United States 500MB 7Days",0.49,7,1.49,3.041,,no
usa,"ESIM.DOG 🐶","⚡️ Best Coverage in United States (200MB/30Days) - Yellow route",0.2,30,0.61,3.05,,no
usa,"ESIM.DOG 🐶","⚡️ T-Mobile USA &amp; more - Best Coverage (500MB/1Days) - Green route",0.5,1,1.53,3.06,,no
usa,"Hiroaming","United States 500MB/Day",0.5,1,1.56,3.12,,no
usa,"Horizon eSIM","United States 100MB 7Days",0.1,7,0.31215672000000005,3.122,,no
usa,"ESIM.DOG 🐶","⚡️ [5G] North America (2 countries) - Best 5G Coverage (500MB/10Days) - Black route",0.5,10,1.58,3.16,,yes
usa,"ESIM.DOG 🐶","⚡️ [5G] North America (2 countries) - Best 5G Coverage (500MB/15Days) - Black route",0.5,15,1.58,3.16,,yes
usa,"ESIM.DOG 🐶","⚡️ [5G] North America (2 countries) - Best 5G Coverage (500MB/20Days) - Black route",0.5,20,1.58,3.16,,yes
usa,"ESIM.DOG 🐶","⚡️ [5G] North America (2 countries) - Best 5G Coverage (500MB/30Days) - Black route",0.5,30,1.58,3.16,,yes
usa,"ESIM.DOG 🐶","⚡️ [5G] Europe (45 countries) - Best 5G Coverage (500MB/1Days) - Pink route",0.5,1,1.59,3.18,,no
usa,"ESIM.DOG 🐶","⚡️ Best Coverage in USA (500MB/1Days) - Pink route",0.5,1,1.59,3.18,,no
usa,"Billion Connect","USA eSIM 3 Days 500MB/Day",0.5,3,1.6,3.2,,yes
usa,"MicroEsim","United States eSIM - 3 Days / Daily 500MB",0.5,3,1.61,3.22,ESIMDB,yes
usa,"ASIMGO","eSIM United States - 3 Days / Daily 500MB",0.5,3,1.61,3.22,,yes
usa,"abesteSIM","eSIM United States - 3 Days / Daily 500MB",0.5,3,1.6429309699636687,3.286,,yes
usa,"YonoSIM","USA &amp; Canada 500MB/Day",0.5,1,1.65,3.3,,no
usa,"Billion Connect","USA &amp; Canada eSIM 1 Day 500MB/Day",0.5,1,1.67,3.34,,yes
usa,"AlpineSIM","AlpineSIM United States eSIM - 100MB | 7Days",0.1,7,0.33411938985322187,3.341,,yes
usa,"Connect Me Guru","United States 500MB/Day",0.5,1,1.69,3.38,,yes
usa,"Esimglobe","eSIM USA &amp; Canada Unlimited plan USA &amp; Canada 500MB/Day / 1",0.5,1,1.7,3.4,,no
usa,"YonoSIM","North America 500MB/Day",0.5,1,1.7,3.4,,no
usa,"MicroEsim","Global eSIM 24 Destinations - 1 Day / Daily 500MB",0.5,1,1.73,3.46,ESIMDB,yes
usa,"DashRoam","United States 500MB 7Days",0.5,7,1.75,3.5,,yes
usa,"GIGAGO","United States eSIM",0.5,1,1.9,3.8,,no
usa,"Soovia eSIM","United States 500MB 7 Days",0.5,7,1.9,3.8,,yes
usa,"Simsima","United States 100MB 7Days",0.1,7,0.4,4,,yes
usa,"Voyasim","United States 100MB 7Days",0.1,7,0.5,5,,yes
usa,"eSIM4Travel","USA (AT&amp;T, T-Mobile) - 100MB/1Days",0.1,1,0.5,5,,yes
usa,"Journey Esims","United States 200 MB · 1 day",0.2,1,1,5,,no
usa,"MicroEsim","North America (US &amp; Canada &amp; Mexico) eSIM 5G - 1 Day / Total 200MB",0.2,1,1.01,5.05,ESIMDB,yes
usa,"MicroEsim","US &amp; Canada eSIM - 1 Day / Total 200MB",0.2,1,1.01,5.05,ESIMDB,yes
usa,"ESIM.DOG 🐶","🎁 $0.53 + VPN | [5G] AT&amp;T United States - Best 5G Coverage (100MB/1Days) - Black route",0.1,1,0.53,5.3,,yes
usa,"Hiroaming","United States 100MB 7Days",0.1,7,0.54,5.4,,no
usa,"ESIM.DOG 🐶","🎁 $0.55 + VPN | [5G] AT&amp;T United States - Best 5G Coverage (100MB/30Days) - Black route",0.1,30,0.55,5.5,,yes
usa,"Truely","United States - 300MB, 2 days",0.3,2,1.69,5.633,,yes
usa,"ESIM.DOG 🐶","⚡️ [5G] Global (202 countries) - Best 5G Coverage (300MB/3Days) - Yellow route",0.3,3,1.79,5.967,,yes
usa,"eSIM4Travel","USA (AT&amp;T, Verizon, T-Mobile) - 100MB/1Days",0.1,1,0.6,6,,yes
usa,"Superalink","United States - Regular",0.1,1,0.61,6.1,,yes
usa,"Superalink","United States - Regular",0.1,3,0.63,6.3,,yes
usa,"Superalink","United States - Regular",0.1,5,0.65,6.5,,yes
usa,"Superalink","United States - Regular",0.1,7,0.67,6.7,,yes
usa,"Connect Me Guru","United States 100MB 7Days",0.1,7,0.85,8.5,,yes
usa,"Stellar eSim","United States 100MB 7Days + Free Stellar VPN",0.1,7,0.8555406400000001,8.555,,no
usa,"LATAM Travellers","United States eSIM - 100MB / 7 Days",0.1,7,0.88,8.8,,no
usa,"Roamix","United States 100MB 1Days",0.1,1,0.95,9.5,,yes
usa,"Roamix","United States 100MB 3Days",0.1,3,0.95,9.5,,yes
usa,"Roamix","United States 100MB 5Days",0.1,5,0.95,9.5,,yes
usa,"Roamix","United States 100MB 7Days",0.1,7,0.95,9.5,,yes
usa,"Journey Esims","United States 100 MB · 1 day",0.1,1,1,10,,no
usa,"Journey Esims","Regional (3 countries) 100 MB · 1 day",0.1,1,1,10,,no
usa,"Zwitchy","United States · 100 MB · 1 day",0.1,1,1,10,,yes
usa,"ESIM.DOG 🐶","⚡️ [5G] North America (2 countries) - Best 5G Coverage (100MB/3Days) - Black route",0.1,3,1.18,11.8,,yes
usa,"ESIM.DOG 🐶","⚡️ [5G] North America (2 countries) - Best 5G Coverage (100MB/5Days) - Black route",0.1,5,1.18,11.8,,yes
usa,"ESIM.DOG 🐶","⚡️ [5G] North America (2 countries) - Best 5G Coverage (100MB/7Days) - Black route",0.1,7,1.18,11.8,,yes
usa,"ESIM.DOG 🐶","⚡️ [5G] North America (2 countries) - Best 5G Coverage (100MB/1Days) - Black route",0.1,1,1.3,13,,yes
usa,"DashRoam","United States 100MB 7Days",0.1,7,1.45,14.5,,yes
usa,"merdata","eSIM USA 100 MB 7 days",0.1,7,1.471768269229895,14.718,,no
usa,"PikaSim","United States 100MB 7Days",0.1,7,1.5,15,,no
usa,"ESIM.DOG 🐶","⚡️ [5G] North America (2 countries) - Best 5G Coverage (100MB/10Days) - Black route",0.1,10,1.58,15.8,,yes
usa,"ESIM.DOG 🐶","⚡️ [5G] North America (2 countries) - Best 5G Coverage (100MB/15Days) - Black route",0.1,15,1.58,15.8,,yes
usa,"ESIM.DOG 🐶","⚡️ [5G] North America (2 countries) - Best 5G Coverage (100MB/20Days) - Black route",0.1,20,1.58,15.8,,yes
usa,"ESIM.DOG 🐶","⚡️ [5G] North America (2 countries) - Best 5G Coverage (100MB/30Days) - Black route",0.1,30,1.58,15.8,,yes
usa,"Esimglobe","eSIM United States United States 100MB 7Days",0.1,7,1.7,17,,no
usa,"RedEx eSIM","United States 100MB 7Days",0.1,7,1.71,17.1,,yes
usa,"Hungry eSIM","United States eSIM Data — 7 Day / 0.1GB",0.1,7,1.84,18.4,,yes
vietnam,"eSIMX","Vietnam 50GB 10Days With Calls",50,10,7.8,0.156,,yes
vietnam,"ChillaxSIM","Vietnam Total 50GB for 10 days",50,10,11.88,0.238,,yes
vietnam,"ESIM.DOG 🐶","⚡️ Best Coverage in Vietnam (5GB/3Days) - Pink route",5,3,1.74,0.348,,no
vietnam,"ESIM.DOG 🐶","⚡️ [5G] Vinaphone Vietnam - Best 5G Coverage (5GB/1Days) - Black route",5,1,1.74,0.348,,yes
vietnam,"ASIMGO","eSIM Vietnam - Local IP - 3 Days / Total 5GB",5,3,1.75,0.35,,no
vietnam,"ESIM.DOG 🐶","⚡️ Best Coverage in Vietnam (5GB/5Days) - Pink route",5,5,1.93,0.386,,no
vietnam,"ASIMGO","eSIM Vietnam - Local IP - 5 Days / Total 5GB",5,5,1.94,0.388,,no
vietnam,"ESIM.DOG 🐶","⚡️ Best Coverage in Vietnam (3GB/1Days) - Pink route",3,1,1.28,0.427,,no
vietnam,"abesteSIM","eSIM Vietnam (Local IP) - 1 Day / Daily 3GB",3,1,1.2908743335428825,0.43,,no
vietnam,"ESIM.DOG 🐶","⚡️ [5G] Vinaphone Vietnam - Best 5G Coverage (4GB/1Days) - Black route",4,1,1.74,0.435,,yes
vietnam,"ESIM.DOG 🐶","⚡️ [5G] Vinaphone Vietnam - Best 5G Coverage (4GB/3Days) - Black route",4,3,1.74,0.435,,yes
vietnam,"ESIM.DOG 🐶","⚡️ [5G] Vinaphone Vietnam - Best 5G Coverage (3GB/15Days) - Black route",3,15,1.32,0.44,,yes
vietnam,"ESIM.DOG 🐶","⚡️ [5G] Vinaphone Vietnam - Best 5G Coverage (3GB/30Days) - Black route",3,30,1.32,0.44,,yes
vietnam,"ESIM.DOG 🐶","⚡️ [5G] Vinaphone Vietnam - Best 5G Coverage (3GB/12Days) - Black route",3,12,1.32,0.44,,yes
vietnam,"ESIM.DOG 🐶","⚡️ [5G] Vinaphone Vietnam - Best 5G Coverage (3GB/14Days) - Black route",3,14,1.32,0.44,,yes
vietnam,"ESIM.DOG 🐶","⚡️ [5G] Vinaphone Vietnam - Best 5G Coverage (3GB/20Days) - Black route",3,20,1.32,0.44,,yes
vietnam,"ESIM.DOG 🐶","⚡️ [5G] Vinaphone Vietnam - Best 5G Coverage (3GB/21Days) - Black route",3,21,1.32,0.44,,yes
vietnam,"ESIM.DOG 🐶","⚡️ [5G] Vinaphone Vietnam - Best 5G Coverage (3GB/25Days) - Black route",3,25,1.32,0.44,,yes
vietnam,"Stellar eSim","Vietnam 3GB 30Days + Free Stellar VPN",3,30,1.3295564,0.443,,no
vietnam,"ASIMGO","eSIM Vietnam - Local IP - 3 Days / Total 3GB",3,3,1.41,0.47,,no
vietnam,"ESIM.DOG 🐶","⚡️ [5G] Vinaphone Vietnam - Best 5G Coverage (4GB/5Days) - Black route",4,5,1.93,0.482,,yes
vietnam,"abesteSIM","eSIM Vietnam (Local IP) - 5 Days / Total 3GB",3,5,1.4786378729673018,0.493,,no
vietnam,"Stellar eSim","Vietnam 3GB/Day FUP1Mbps + Free Stellar VPN",3,1,1.5492222400000002,0.516,,no
vietnam,"Stellar eSim","Vietnam 3GB 15Days + Free Stellar VPN",3,15,1.59546768,0.532,,no
vietnam,"ASIMGO","eSIM Vietnam - Local IP - 5 Days / Total 3GB",3,5,1.6,0.533,,no
vietnam,"ESIM.DOG 🐶","⚡️ Best Coverage in Vietnam (2GB/1Days) - Pink route",2,1,1.09,0.545,,no
vietnam,"abesteSIM","eSIM Vietnam - 1 Day / Daily 2GB",2,1,1.1031107941184632,0.552,,no
vietnam,"thirr.com","VN 3GB 30D",3,30,1.7110812800000001,0.57,,yes
vietnam,"abesteSIM","eSIM Vietnam - 1 Day / Daily 500MB",0.5,1,0.2894687899459797,0.579,,no
vietnam,"ASIMGO","eSIM Vietnam - Local IP - 7 Days / Total 3GB",3,7,1.75,0.583,,no
vietnam,"RedEx eSIM","Unlimited Data - 1 Days (3 GB / 128 KBPS)",3,1,1.77,0.59,,no
vietnam,"ESIM.DOG 🐶","⚡️ [5G] Asia (5 countries) - Best 5G Coverage (3GB/1Days) - Pink route",3,1,1.78,0.593,,no
vietnam,"abesteSIM","eSIM Southeast Asia (5 Countries) - 1 Day / Daily 3GB",3,1,1.7994005861506845,0.6,,yes
vietnam,"abesteSIM","eSIM Vietnam (Local IP) - 3 Days / Total 3GB",3,3,1.8072240669600355,0.602,,yes
vietnam,"Stellar eSim","Vietnam 2GB/Day + Free Stellar VPN",2,1,1.2139428,0.607,,no
vietnam,"ASIMGO","eSIM Southeast Asia (5 Countries) - 1 Day / Daily 3GB",3,1,1.88,0.627,,yes
vietnam,"Stellar eSim","Vietnam 2GB/Day FUP1Mbps + Free Stellar VPN",2,1,1.2601882400000002,0.63,,no
vietnam,"MicroEsim","Vietnam eSIM Vinaphone - Local IP + Data Only - 1 Day / Daily 3GB",3,1,1.91,0.637,ESIMDB,yes
vietnam,"ESIM.DOG 🐶","⚡️ [5G] Asia (5 countries) - Best 5G Coverage (3GB/3Days) - Pink route",3,3,1.93,0.643,,no
vietnam,"ESIM.DOG 🐶","⚡️ [5G] Asia (5 countries) - Best 5G Coverage (3GB/5Days) - Pink route",3,5,1.93,0.643,,no
vietnam,"Billion Connect","Southeast Asia eSIM [5 Countries] 5 Days 3GB",3,5,1.94,0.647,,yes
vietnam,"Billion Connect","Southeast Asia eSIM [5 Countries] 1 Day 3GB/Day",3,1,1.94,0.647,,yes
vietnam,"ASIMGO","eSIM Vietnam - Local IP - 10 Days / Total 3GB",3,10,1.94,0.647,,no
vietnam,"ESIM.DOG 🐶","⚡️ [5G] Vinaphone Vietnam - Best 5G Coverage (2GB/15Days) - Black route",2,15,1.32,0.66,,yes
vietnam,"ESIM.DOG 🐶","⚡️ [5G] Vinaphone Vietnam - Best 5G Coverage (2GB/30Days) - Black route",2,30,1.32,0.66,,yes
vietnam,"abesteSIM","eSIM Vietnam (Local IP) - 7 Days / Total 3GB",3,7,1.9793406447657529,0.66,,yes
vietnam,"EscapeSIM","Vietnam 3GB Stopover",3,7,1.99,0.663,,yes
vietnam,"ESIM.DOG 🐶","⚡️ [5G] Asia (5 countries) - Best 5G Coverage (2GB/1Days) - Pink route",2,1,1.37,0.685,,no
vietnam,"abesteSIM","eSIM Southeast Asia (5 Countries) - 1 Day / Daily 2GB",2,1,1.3847561032550921,0.692,,yes
vietnam,"MicroEsim","Vietnam eSIM - Vinaphone, Viettel, Mobifone - 1 Day / Daily 2GB",2,1,1.41,0.705,ESIMDB,yes
vietnam,"RedEx eSIM","Unlimited Data - 1 Days (2 GB / 384 KBPS)",2,1,1.46,0.73,,no
vietnam,"MicroEsim","Southeast Asia eSIM 5 Countries - 1 Day / Daily 2GB",2,1,1.46,0.73,ESIMDB,yes
vietnam,"RedEx eSIM","Unlimited Data - 1 Days (2 GB / 128 KBPS)",2,1,1.49,0.745,,no
vietnam,"Superalink","Vietnam - Regular",1,1,0.75,0.75,,yes
vietnam,"MicroEsim","Vietnam eSIM Vinaphone - Local IP + Data Only - 1 Day / Daily 2GB",2,1,1.5,0.75,ESIMDB,yes
vietnam,"ASIMGO","eSIM Southeast Asia (5 Countries) - 1 Day / Daily 2GB",2,1,1.5,0.75,,yes
vietnam,"Superalink","Vietnam - Regular",2,1,1.51,0.755,,yes
vietnam,"Superalink","Vietnam - Regular",2,3,1.53,0.765,,yes
vietnam,"Superalink","Vietnam - Regular",1,3,0.77,0.77,,yes
vietnam,"Stellar eSim","Vietnam 2GB/Day FUP1Mbps (nonhkip) + Free Stellar VPN",2,1,1.5607836000000002,0.78,,no
vietnam,"Superalink","Vietnam - Regular",2,5,1.57,0.785,,yes
vietnam,"Superalink","Vietnam - Regular",1,5,0.79,0.79,,yes
vietnam,"mobineX","Unlimited Standard",1,1,0.8,0.8,,yes
vietnam,"Superalink","Vietnam - Regular",2,7,1.6,0.8,,yes
vietnam,"Superalink","Vietnam - Regular",2,10,1.62,0.81,,yes
vietnam,"Superalink","Vietnam - Regular",1,7,0.82,0.82,,yes
vietnam,"Superalink","Vietnam - Regular",2,15,1.64,0.82,,yes
vietnam,"Superalink","Vietnam - Regular",1,10,0.83,0.83,,yes
vietnam,"Superalink","Vietnam - Regular",2,20,1.66,0.83,,yes
vietnam,"Billion Connect","Vietnam eSIM 1 Day 2GB/Day",2,1,1.67,0.835,,yes
vietnam,"Superalink","Vietnam - Regular",2,30,1.68,0.84,,yes
vietnam,"TravelGator eSIM","Vietnam eSIM Roaming Data",2,1,1.6898718548197735,0.845,,no
vietnam,"Superalink","Vietnam - Regular",1,15,0.85,0.85,,yes
vietnam,"ESIM.DOG 🐶","🎁 $0.85 + VPN | Best Coverage in Vietnam (1GB/1Days) - Pink route",1,1,0.85,0.85,,no
vietnam,"Stellar eSim","Vietnam 1GB/Day FUP1Mbps + Free Stellar VPN",1,1,0.8555406400000001,0.856,,no
vietnam,"Superalink","Vietnam - Regular",1,20,0.86,0.86,,yes
vietnam,"ESIM.DOG 🐶","⚡️ [5G] Vinaphone Vietnam - Best 5G Coverage (1GB/7Days) - Black route",1,7,0.86,0.86,,yes
vietnam,"ESIM.DOG 🐶","⚡️ [5G] Vinaphone Vietnam - Best 5G Coverage (1GB/3Days) - Black route",1,3,0.86,0.86,,yes
vietnam,"ESIM.DOG 🐶","⚡️ [5G] Vinaphone Vietnam - Best 5G Coverage (1GB/5Days) - Black route",1,5,0.86,0.86,,yes
vietnam,"ESIM.DOG 🐶","⚡️ [5G] Vinaphone Vietnam - Best 5G Coverage (1GB/10Days) - Black route",1,10,0.86,0.86,,yes
vietnam,"ESIM.DOG 🐶","⚡️ [5G] Vinaphone Vietnam - Best 5G Coverage (1GB/15Days) - Black route",1,15,0.86,0.86,,yes
vietnam,"ESIM.DOG 🐶","⚡️ [5G] Vinaphone Vietnam - Best 5G Coverage (1GB/20Days) - Black route",1,20,0.86,0.86,,yes
vietnam,"Billion Connect","Southeast Asia eSIM [5 Countries] 1 Day 2GB/Day",2,1,1.72,0.86,,yes
vietnam,"abesteSIM","eSIM Southeast Asia (5 Countries) - 1 Day / Daily 500MB",0.5,1,0.4302914445142942,0.861,,yes
vietnam,"Stellar eSim","Vietnam 2GB/Day (nonhkip) + Free Stellar VPN",2,1,1.734204,0.867,,no
vietnam,"abesteSIM","eSIM Asia+Europe 52 Regions - 1 Day / Daily 2GB",2,1,1.7368127396758783,0.868,,yes
vietnam,"Superalink","Vietnam - Regular",1,30,0.87,0.87,,yes
vietnam,"ASIMGO","eSIM Southeast Asia (5 Countries) - 1 Day / Daily 500MB",0.5,1,0.44,0.88,,yes
vietnam,"ESIM.DOG 🐶","⚡️ [5G] Vinaphone Vietnam - Best 5G Coverage (2GB/1Days) - Black route",2,1,1.79,0.895,,yes
vietnam,"ESIM888","Vietnam (1GB/7DAYS)",1,7,0.9,0.9,,no
vietnam,"Stellar eSim","Vietnam 1GB 7Days + Free Stellar VPN",1,7,0.9017860800000002,0.902,,no
vietnam,"ESIM.DOG 🐶","⚡️ [5G] Vinaphone Vietnam - Best 5G Coverage (1GB/30Days) - Black route",1,30,0.91,0.91,,yes
vietnam,"ESIM.DOG 🐶","⚡️ [5G] Asia (5 countries) - Best 5G Coverage (1.5GB/1Days) - Pink route",1.5,1,1.37,0.913,,no
vietnam,"TravelGator eSIM","Vietnam eSIM Roaming Data",2,3,1.8306945093880878,0.915,,no
vietnam,"ASIMGO","eSIM Asia&amp;Europe - 52 Countries - 1 Day / Daily 2GB",2,1,1.84,0.92,,yes
vietnam,"abesteSIM","eSIM Asia+Europe 52 Regions - 1 Day / Daily 500MB",0.5,1,0.46158536775169734,0.923,,yes
vietnam,"abesteSIM","eSIM Vietnam - 3 Days / Daily 2GB",2,3,1.861988432625491,0.931,,no
vietnam,"TravelGator eSIM","Vietnam eSIM Roaming Data",1,1,0.9388176971220963,0.939,,no
vietnam,"ASIMGO","eSIM Asia&amp;Europe - 52 Countries - 1 Day / Daily 500MB",0.5,1,0.47,0.94,,yes
vietnam,"MicroEsim","Vietnam eSIM Vinaphone - Local IP + Data Only - 1 Day / Daily 1GB",1,1,0.94,0.94,,yes
vietnam,"abesteSIM","eSIM Vietnam (Local IP) - 2 Days / Daily 2GB",2,2,1.8854588750535437,0.943,,yes
vietnam,"MicroEsim","Vietnam eSIM - Vinaphone, Viettel, Mobifone - 1 Day / Daily 1GB",1,1,0.95,0.95,,yes
vietnam,"MicroEsim","Vietnam eSIM - Vinaphone, Viettel, Mobifone - 1 Day / Daily 1GB",1,1,0.96,0.96,,yes
vietnam,"Stellar eSim","Vietnam 1GB/Day + Free Stellar VPN",1,1,0.9711542400000001,0.971,,no
vietnam,"ESIM.DOG 🐶","⚡️ [5G] Asia (5 countries) - Best 5G Coverage (1GB/1Days) - Pink route",1,1,0.98,0.98,,no
vietnam,"ESIM.DOG 🐶","⚡️ [5G] Asia (12 countries) - Best 5G Coverage (2GB/1Days) - Pink route",2,1,1.96,0.98,,no
vietnam,"MicroEsim","Southeast Asia eSIM 5 Countries - 1 Day / Daily 1GB",1,1,0.99,0.99,,yes
vietnam,"Orbit Mobile","Global Pass",1,1,1,1,,no
vietnam,"eSIM4Travel","South Asia 5 (Singapore, Malaysia, Thailand, Indonesia, Vietnam) - 1GB/7Days",1,7,1.03,1.03,,yes
vietnam,"abesteSIM","eSIM Vietnam (Local IP) - 1 Day / Daily 1GB",1,1,1.0326994668343061,1.033,,yes
vietnam,"Yesim","South East Asia",0.5,1,0.5202612000000001,1.041,,yes
vietnam,"abesteSIM","eSIM Southeast Asia (5 Countries) - 1 Day / Daily 1GB",1,1,1.0639933900717093,1.064,,yes
vietnam,"Stellar eSim","Vietnam 1GB/Day FUP1Mbps (nonhkip) + Free Stellar VPN",1,1,1.07520648,1.075,,no
vietnam,"Ubigi","",10,7,10.9,1.09,,yes
vietnam,"abesteSIM","eSIM Vietnam (Local IP) - 2 Days / Daily 1GB",1,2,1.1031107941184632,1.103,,no
vietnam,"MicroEsim","Vietnam eSIM - Vinaphone, Viettel, Mobifone - 5 Days / Total 1GB",1,5,1.13,1.13,ESIMDB,yes
vietnam,"Horizon eSIM","Vietnam 1GB 7Days",1,7,1.14457464,1.145,,no
vietnam,"ESIM.DOG 🐶","⚡️ [5G] Asia (7 countries) - Best 5G Coverage (1.5GB/1Days) - Pink route",1.5,1,1.72,1.147,,no
vietnam,"abesteSIM","eSIM Vietnam - 5 Days / Total 1GB",1,5,1.1656986405932697,1.166,,yes
vietnam,"eSIM4Travel","Vietnam (Viettel, Vinaphone, Mobifone) - 500MB/1Days",0.5,1,0.59,1.18,,yes
vietnam,"ASIMGO","eSIM Southeast Asia (5 Countries) - 1 Day / Daily 1GB",1,1,1.18,1.18,,yes
vietnam,"AlpineSIM","AlpineSIM Vietnam eSIM - 1GB | 7Days",1,7,1.1879800528114555,1.188,,yes
vietnam,"Stellar eSim","Vietnam 1GB/Day (nonhkip) + Free Stellar VPN",1,1,1.1908200800000002,1.191,,no
vietnam,"EZsim","Vietnam - 1GB/7Days",1,7,1.2,1.2,,no
vietnam,"mobineX","Unlimited Standard",1,1,1.2,1.2,,yes
vietnam,"YonoSIM","Vietnam 1GB/Day FUP1Mbps",1,1,1.2,1.2,,no
vietnam,"abesteSIM","eSIM Global (66 Destinations) - 1 Day / Daily 500MB",0.5,1,0.6024080223200119,1.205,,yes
vietnam,"Billion Connect","Southeast Asia eSIM [5 Countries] 1 Day 1GB/Day",1,1,1.21,1.21,,yes
vietnam,"Stellar eSim","Asia (7 areas) 1GB/Day + Free Stellar VPN",1,1,1.2139428,1.214,,no
vietnam,"eSIM4Travel","Vietnam (Viettel, Vinaphone, Mobifone) - 1GB/1Days",1,1,1.23,1.23,,yes
vietnam,"Stellar eSim","Vietnam 1GB 7Days (nonhkip) + Free Stellar VPN",1,7,1.2370655200000003,1.237,,no
vietnam,"eSIM4Travel","Vietnam (Viettel, Vinaphone, Mobifone) - 1GB/7Days",1,7,1.28,1.28,,yes
vietnam,"Stellar eSim","Asia (7 areas) 1GB 7Days + Free Stellar VPN",1,7,1.2833109600000001,1.283,,no
vietnam,"abesteSIM","eSIM Vietnam - 3 Days / Daily 1GB",1,3,1.2908743335428825,1.291,,no
vietnam,"abesteSIM","eSIM Asia+Europe 52 Regions - 1 Day / Daily 1GB",1,1,1.2908743335428825,1.291,,yes
vietnam,"Stellar eSim","Singapore &amp; Malaysia &amp; Vietnam &amp; Thailand &amp; Indonesia 1GB/Day + Free Stellar VPN",1,1,1.2948723200000003,1.295,,no
vietnam,"AlpineSIM","AlpineSIM Unlimited Vietnam eSIM - 1GB/Day / 1",1,1,1.2993531827625295,1.299,,yes
vietnam,"ESIM.DOG 🐶","🎁 $0.65 + VPN | [5G] Vinaphone Vietnam - Best 5G Coverage (500MB/1Days) - Black route",0.5,1,0.65,1.3,,yes
vietnam,"MicroEsim","Vietnam eSIM Vinaphone - Local IP + Data Only - 7 Days / Total 1GB",1,7,1.3,1.3,ESIMDB,yes
vietnam,"AlpineSIM","AlpineSIM Vietnam eSIM - 500MB | 7Days",0.5,7,0.6558639874896578,1.312,,yes
vietnam,"Stellar eSim","Vietnam 500MB/Day + Free Stellar VPN",0.5,1,0.65899752,1.318,,no
vietnam,"Superalink","Vietnam - Regular",0.5,1,0.66,1.32,,yes
vietnam,"Billion Connect","Vietnam eSIM 3 Days 1GB",1,3,1.32,1.32,,yes
vietnam,"Billion Connect","Global eSIM [19 Regions] 3 Days 1GB",1,3,1.32,1.32,,yes
vietnam,"TravelGator eSIM","Vietnam eSIM Roaming Data",1,3,1.3299917375896364,1.33,,no
vietnam,"SparkRoam","1 GB / 7 Days",1,7,1.33,1.33,,no
vietnam,"Superalink","Vietnam - Regular",0.5,3,0.68,1.36,,yes
vietnam,"Horizon eSIM","Vietnam 500MB 7Days",0.5,7,0.68212024,1.364,,no
vietnam,"Billion Connect","Vietnam eSIM 1 Day 1GB/Day",1,1,1.39,1.39,,yes
vietnam,"SimSmash","Vietnam 1GB for 7 Days",1,7,1.39,1.39,,yes
vietnam,"4S eSIM","Vietnam 1GB - 1 Day",1,1,1.39,1.39,,no
vietnam,"TravelGator eSIM","Vietnam eSIM Roaming Data",1,5,1.392579584064443,1.393,,no
vietnam,"MicroEsim","Vietnam eSIM Vinaphone - Local IP + Data Only - 1 Day / Daily 500MB",0.5,1,0.7,1.4,,yes
vietnam,"Superalink","Vietnam - Regular",0.5,5,0.7,1.4,,yes
vietnam,"MicroEsim","Vietnam eSIM - Vinaphone, Viettel, Mobifone - 1 Day / Daily 500MB",0.5,1,0.7,1.4,,yes
vietnam,"ESIM.DOG 🐶","🎁 $0.70 + VPN | [5G] MobiFone Vietnam &amp; more - Best 5G Coverage (500MB/7Days) - Blue route",0.5,7,0.7,1.4,,yes
vietnam,"Esimglobe","eSIM Vietnam Unlimited Vietnam 1GB/Day / 1",1,1,1.4,1.4,,no
vietnam,"ASIMGO","eSIM Asia&amp;Europe - 52 Countries - 1 Day / Daily 1GB",1,1,1.41,1.41,,yes
vietnam,"RedEx eSIM","1 GB - 7 Days",1,7,1.42,1.42,,no
vietnam,"Billion Connect","Southeast Asia eSIM [5 Countries] 3 Days 1GB",1,3,1.43,1.43,,yes
vietnam,"4S eSIM","Vietnam 1GB - 5 Days",1,5,1.43,1.43,,no
vietnam,"Superalink","Vietnam - Regular",0.5,7,0.72,1.44,,yes
vietnam,"YonoSIM","Vietnam 1GB/Day",1,1,1.44,1.44,,no
vietnam,"TravelGator eSIM","Vietnam eSIM Roaming Data",1,15,1.4473439497298985,1.447,,no
vietnam,"TravelGator eSIM","Vietnam eSIM Roaming Data",1,7,1.4473439497298985,1.447,,no
vietnam,"TravelGator eSIM","Vietnam eSIM Roaming Data",1,10,1.4473439497298985,1.447,,no
vietnam,"4S eSIM","Vietnam 1GB - 7 Days",1,7,1.47,1.47,,no
vietnam,"SimSmash","Vietnam Daily Unlimited 1GB/day for 1 Days",1,1,1.48,1.48,,yes
vietnam,"EscapeSIM","Vietnam 1GB",1,5,1.49,1.49,,yes
vietnam,"ESIM.DOG 🐶","🎁 $0.75 + VPN | [5G] Vinaphone Vietnam - Best 5G Coverage (500MB/7Days) - Black route",0.5,7,0.75,1.5,,yes
vietnam,"iRoamly","Vietnam-eSIM-1GB-1 Day-Daily",1,1,1.5,1.5,,no
vietnam,"mobineX","Unlimited Standard",1,1,1.5,1.5,,yes
vietnam,"Stellar eSim","Vietnam 750MB 7Days + Free Stellar VPN",0.75,7,1.1330132800000001,1.511,,no
vietnam,"YonoSIM","Vietnam 500MB/Day (nonhkip)",0.5,1,0.77,1.54,,no
vietnam,"ESIM.DOG 🐶","⚡️ [5G] Vinaphone Vietnam - Best 5G Coverage (1GB/1Days) - Black route",1,1,1.54,1.54,,yes
vietnam,"Yatelo","VNM 1GB 7 Days",1,7,1.57,1.57,,yes
vietnam,"ESIM.DOG 🐶","🎁 $0.80 + VPN | Best Coverage in Vietnam (500MB/1Days) - Pink route",0.5,1,0.8,1.6,,no
vietnam,"Connect Me Guru","Vietnam 1GB/Day FUP1Mbps",1,1,1.6,1.6,,yes
vietnam,"ESIM.DOG 🐶","⚡️ Best Coverage in Vietnam (500MB/3Days) - Yellow route",0.5,3,0.81,1.62,,no
vietnam,"abesteSIM","eSIM Global (23 Destinations) - 1 Day / Daily 500MB",0.5,1,0.8136420041724836,1.627,,yes
vietnam,"abesteSIM","eSIM Asia (27 Regions, Support Tiktok) - 1 Day / Daily 500MB",0.5,1,0.8136420041724836,1.627,,yes
vietnam,"4S eSIM","Asia+ 1GB - 1 Day",1,1,1.63,1.63,,no
vietnam,"Ozly eSIM","Vietnam 1GB 7Days",1,7,1.65,1.65,,yes
vietnam,"AlpineSIM","AlpineSIM Unlimited Vietnam eSIM - 500MB/Day / 1",0.5,1,0.8291110785246617,1.658,,yes
vietnam,"abesteSIM","eSIM Global (66 Destinations) - 1 Day / Daily 1GB",1,1,1.6585779315823703,1.659,,yes
vietnam,"Hiroaming","Vietnam 500MB 7Days",0.5,7,0.84,1.68,,no
vietnam,"4S eSIM","Asia+ 1GB - 5 Days",1,5,1.68,1.68,,no
vietnam,"Connect Me Guru","Vietnam 1GB 7Days",1,7,1.68,1.68,,yes
vietnam,"ESIM.DOG 🐶","⚡️ [5G] MobiFone Vietnam &amp; more - Best 5G Coverage (1GB/1Days) - Blue route",1,1,1.68,1.68,,yes
vietnam,"MicroEsim","Vietnam eSIM - Vinaphone, Viettel, Mobifone - 1 Day / Daily 500MB",0.5,1,0.85,1.7,,yes
vietnam,"ASIMGO","eSIM Asia (26 Regions, Support Tiktok) - 1 Day / Daily 500MB",0.5,1,0.85,1.7,,yes
vietnam,"Stellar eSim","Vietnam 500MB 7Days + Free Stellar VPN",0.5,7,0.8555406400000001,1.711,,no
vietnam,"Stellar eSim","Vietnam 500MB/Day (nonhkip) + Free Stellar VPN",0.5,1,0.8555406400000001,1.711,,no
vietnam,"4S eSIM","Asia+ 1GB - 7 Days",1,7,1.73,1.73,,no
vietnam,"ESIM.DOG 🐶","⚡️ [5G] MobiFone Vietnam &amp; more - Best 5G Coverage (1GB/7Days) - Blue route",1,7,1.73,1.73,,yes
vietnam,"Yesim","Vietnam",0.3,1,0.5202612000000001,1.734,,yes
vietnam,"Manet Travel","Local Vietnam - 7 Days - 1 GB",1,7,1.734204,1.734,,no
vietnam,"ESIM.DOG 🐶","⚡️ [5G] Asia (12 countries) - Best 5G Coverage (1GB/1Days) - Pink route",1,1,1.74,1.74,,no
vietnam,"MicroEsim","Southeast Asia eSIM 5 Countries - 1 Day / Daily 500MB",0.5,1,0.88,1.76,,yes
vietnam,"YonoSIM","Vietnam 1GB/Day FUP1Mbps (nonhkip)",1,1,1.76,1.76,,no
vietnam,"ESIM.DOG 🐶","⚡️ [5G] Global (202 countries) - Best 5G Coverage (1GB/5Days) - Yellow route",1,5,1.79,1.79,,yes
vietnam,"AdventureSIMs","Vietnam 1GB 7 Days",1,7,1.7955265328483443,1.796,,yes
vietnam,"ESIM.DOG 🐶","🎁 $0.90 + VPN | [5G] Vinaphone Vietnam - Best 5G Coverage (500MB/30Days) - Black route",0.5,30,0.9,1.8,,yes
vietnam,"eSIM4Travel","Global 72 - 1GB/7Days",1,7,1.8,1.8,,yes
vietnam,"ESIM.DOG 🐶","⚡️ Best Coverage in Vietnam (1GB/3Days) - Pink route",1,3,1.81,1.81,,no
vietnam,"Connect Me Guru","Vietnam 1GB/Day",1,1,1.84,1.84,,yes
vietnam,"eSIM Agora","Vietnam 1GB/Day FUP1Mbps",1,1,1.8498176000000002,1.85,,no
vietnam,"YonoSIM","Vietnam 500MB/Day",0.5,1,0.93,1.86,,no
vietnam,"abesteSIM","eSIM Vietnam (Local IP) - 5 Days / Daily 1GB",1,5,1.861988432625491,1.862,,no
vietnam,"Billion Connect","Vietnam eSIM 1 Day 500MB/Day",0.5,1,0.94,1.88,,yes
vietnam,"ESIM.DOG 🐶","⚡️ [5G] Vinaphone Vietnam - Best 5G Coverage (1GB/7Days) - Pink route",1,7,1.89,1.89,,yes
vietnam,"ESIM.DOG 🐶","⚡️ [5G] Asia (5 countries) - Best 5G Coverage (1GB/3Days) - Pink route",1,3,1.89,1.89,,no
vietnam,"ESIM.DOG 🐶","⚡️ Best Coverage in Vietnam (1GB/7Days) - Green route",1,7,1.9,1.9,,no
vietnam,"ESIM.DOG 🐶","⚡️ Asia (10 countries) - Best Coverage (1GB/7Days) - Green route",1,7,1.9,1.9,,no
vietnam,"MicroEsim","Vietnam eSIM Vinaphone - Local IP + Data Only - 3 Days / Daily 1GB",1,3,1.91,1.91,ESIMDB,yes
vietnam,"Stellar eSim","Asia (7 areas) 500MB/Day + Free Stellar VPN",0.5,1,0.95959288,1.919,,no
vietnam,"YonoSIM","Vietnam 1GB/Day (nonhkip)",1,1,1.92,1.92,,no
vietnam,"Roamless","Vietnam - No Expiration",1,0,1.95,1.95,,yes
vietnam,"Giga.Tel","Southeast Asia 5 – 1 GB/Natural Day – 1 Day (Activate within 90 Days)",1,1,1.95,1.95,,yes
vietnam,"eSIM4Travel","South East Asia 12 - 1GB/7Days",1,7,1.97,1.97,,yes
vietnam,"Lumbus","Vietnam 500MB/Day (nonhkip)",0.5,1,0.99,1.98,,no
vietnam,"Textr eSIM","Vietnam 1GB",1,7,1.99,1.99,,no
vietnam,"SimSwift","Vietnam 1GB 7Days",1,7,1.99,1.99,,no
vietnam,"SimSwift","Vietnam 1GB/Day FUP1Mbps",1,1,1.99,1.99,,no
vietnam,"Nimbus","Asia (1 GB/7 Days)",1,7,1.99,1.99,,yes
vietnam,"nadanada","eSIM, 1GB, 7 Days, South East Asia",1,7,1.99,1.99,,no
vietnam,"YonoSIM","Vietnam 1GB 7Days",1,7,1.99,1.99,,no
vietnam,"MoodSIM","Vietnam 1 GB 7 Days",1,7,1.99,1.99,,yes
vietnam,"MoodSIM","Vietnam Unlimited (1 GB/day, then 512 Kbps) 1 Day",1,1,1.99,1.99,,yes
vietnam,"MoodSIM","Vietnam Unlimited (1 GB/day, then 1 Mbps) 1 Day",1,1,1.99,1.99,,yes
vietnam,"Connect Me Guru","Vietnam 500MB 7Days",0.5,7,1.1,2.2,,yes
vietnam,"BambooSIM","Vietnam MobiFone eSIM (Single Use)",8,15,17.68,2.21,,yes
vietnam,"SimSmash","Vietnam Daily Unlimited 0.49GB/day for 1 Days",0.49,1,1.09,2.224,,yes
vietnam,"Hiroaming","Vietnam 500MB/Day",0.5,1,1.13,2.26,,no
vietnam,"Connect Me Guru","Vietnam 500MB/Day (nonhkip)",0.5,1,1.17,2.34,,yes
vietnam,"abesteSIM","eSIM Asia (10 Regions) - 1 Day / Total 200MB",0.2,1,0.46940884856104814,2.347,,yes
vietnam,"Voyasim","Vietnam 500MB 7Days",0.5,7,1.2,2.4,,yes
vietnam,"Billion Connect","Southeast Asia eSIM [5 Countries] 1 Day 500MB/Day",0.5,1,1.21,2.42,,yes
vietnam,"AlpineSIM","AlpineSIM Unlimited Asia (7 areas) eSIM - 500MB/Day / 1",0.5,1,1.2127296372450274,2.425,,yes
vietnam,"Stellar eSim","Asia (20 areas) 500MB/Day + Free Stellar VPN",0.5,1,1.2601882400000002,2.52,,no
vietnam,"abesteSIM","eSIM Vietnam - 3 Days / Daily 500MB",0.5,3,1.2830508527335316,2.566,,yes
vietnam,"GIGAGO","Vietnam eSIM",5,10,12.9,2.58,,no
vietnam,"MicroEsim","Vietnam eSIM - Vinaphone, Viettel, Mobifone - 3 Days / Daily 500MB",0.5,3,1.3,2.6,ESIMDB,yes
vietnam,"Voyasim","Vietnam 500MB/Day (nonhkip)",0.5,1,1.3,2.6,,yes
vietnam,"ESIM.DOG 🐶","⚡️ [5G] Asia (18 countries) - Best 5G Coverage (500MB/3Days) - Yellow route",0.5,3,1.31,2.62,,yes
vietnam,"Connect Me Guru","Vietnam 500MB/Day",0.5,1,1.33,2.66,,yes
vietnam,"Stellar eSim","Asia (12 areas) 500MB/Day + Free Stellar VPN",0.5,1,1.34111776,2.682,,no
vietnam,"MicroEsim","Vietnam eSIM Vinaphone - Local IP + Data Only - 3 Days / Daily 500MB",0.5,3,1.35,2.7,ESIMDB,yes
vietnam,"YonoSIM","Asia (7 areas) 500MB/Day",0.5,1,1.35,2.7,,no
vietnam,"ESIM.DOG 🐶","⚡️ [5G] MobiFone Vietnam &amp; more - Best 5G Coverage (500MB/1Days) - Blue route",0.5,1,1.45,2.9,,no
vietnam,"ESIM.DOG 🐶","⚡️ [5G] Asia (5 countries) - Best 5G Coverage (500MB/1Days) - Pink route",0.5,1,1.45,2.9,,no
vietnam,"Billion Connect","Vietnam eSIM 3 Days 500MB/Day",0.5,3,1.46,2.92,,yes
vietnam,"abesteSIM","eSIM Vietnam - 5 Days / Daily 500MB",0.5,5,1.4786378729673018,2.957,,no
vietnam,"abesteSIM","eSIM Southeast Asia (5 Countries) - 3 Days / Daily 500MB",0.5,3,1.4864613537766524,2.973,,yes
vietnam,"MoodSIM","Vietnam Unlimited (500 MB/day, then 512 Kbps) 1 Day",0.5,1,1.49,2.98,,yes
vietnam,"MoodSIM","Vietnam Unlimited (500 MB/day, then 512 Kbps) 1 Day",0.5,1,1.49,2.98,,yes
vietnam,"Earth Esim","500MB/1 Day Vietnam 5G eSIM",0.5,1,1.49,2.98,,yes
vietnam,"Wiiline","for Vietnam 1 Days 0.49GB - 490 MB",0.49,1,1.51,3.082,,no
vietnam,"Horizon eSIM","Vietnam 100MB 7Days",0.1,7,0.31215672000000005,3.122,,no
vietnam,"ESIM.DOG 🐶","⚡️ Best Coverage in Vietnam (500MB/1Days) - Green route",0.5,1,1.58,3.16,,no
vietnam,"ESIM.DOG 🐶","⚡️ Asia (10 countries) - Best Coverage (500MB/1Days) - Green route",0.5,1,1.58,3.16,,no
vietnam,"abesteSIM","eSIM Asia+Europe 52 Regions - 3 Days / Daily 500MB",0.5,3,1.5803431234888623,3.161,,yes
vietnam,"Voyasim","Vietnam 500MB/Day",0.5,1,1.6,3.2,,yes
vietnam,"Soovia eSIM","Vietnam 500MB 7 Days",0.5,7,1.61,3.22,,yes
vietnam,"ASIMGO","eSIM Southeast Asia (5 Countries) - 3 Days / Daily 500MB",0.5,3,1.61,3.22,,yes
vietnam,"MicroEsim","Southeast Asia eSIM 5 Countries - 3 Days / Daily 500MB",0.5,3,1.62,3.24,ESIMDB,yes
vietnam,"Hiroaming","Asia (7 areas) 500MB/Day",0.5,1,1.63,3.26,,no
vietnam,"DashRoam","Vietnam 500MB 7Days",0.5,7,1.69,3.38,,yes
vietnam,"ASIMGO","eSIM Asia&amp;Europe - 52 Countries - 3 Days / Daily 500MB",0.5,3,1.7,3.4,,yes
vietnam,"MicroEsim","Global eSIM 24 Destinations - 1 Day / Daily 500MB",0.5,1,1.73,3.46,ESIMDB,yes
vietnam,"Connect Me Guru","Asia (7 areas) 500MB/Day",0.5,1,1.75,3.5,,no
vietnam,"ESIM.DOG 🐶","⚡️ [5G] Asia (7 countries) - Best 5G Coverage (500MB/1Days) - Blue route",0.5,1,1.78,3.56,,yes
vietnam,"RedEx eSIM","Vietnam 500MB 7Days",0.5,7,1.88,3.76,,yes
vietnam,"Esimglobe","eSIM Vietnam Vietnam 500MB 7Days",0.5,7,1.9,3.8,,no
vietnam,"RedEx eSIM","Vietnam 500MB/Day (nonhkip)",0.5,1,1.93,3.86,,yes
vietnam,"ESIM.DOG 🐶","⚡️ [5G] MobiFone Vietnam &amp; more - Best Unlimited 5G Coverage - Blue route",0.5,1,1.93,3.86,,no
vietnam,"Billion Connect","Southeast Asia eSIM [5 Countries] 3 Days 500MB/Day",0.5,3,1.94,3.88,,yes
vietnam,"MicroEsim","Vietnam eSIM Vinaphone - Local IP + Data Only - 5 Days / Daily 500MB",0.5,5,1.95,3.9,ESIMDB,yes
vietnam,"eSIM Forever","Vietnam 500MB 7Days",0.5,7,1.99,3.98,,no
vietnam,"Lumbus","Asia (7 areas) 500MB/Day",0.5,1,1.99,3.98,,no
vietnam,"MoodSIM","Asia Unlimited (500 MB/day, then 128 Kbps) 1 Day",0.5,1,1.99,3.98,,yes
vietnam,"Simsima","Vietnam 100MB 7Days",0.1,7,0.4,4,,yes
vietnam,"AlpineSIM","AlpineSIM Vietnam eSIM - 100MB | 7Days",0.1,7,0.4207429353707238,4.207,,yes
vietnam,"ESIM.DOG 🐶","⚡️ Best Coverage in Vietnam (200MB/30Days) - Yellow route",0.2,30,0.86,4.3,,no
vietnam,"Voyasim","Vietnam 100MB 7Days",0.1,7,0.5,5,,yes
vietnam,"MicroEsim","Asia eSIM 10 Regions - Support TikTok - 1 Day / Total 200MB",0.2,1,1.01,5.05,ESIMDB,yes
vietnam,"ESIM.DOG 🐶","🎁 $0.53 + VPN | [5G] Vinaphone Vietnam - Best 5G Coverage (100MB/1Days) - Black route",0.1,1,0.53,5.3,,yes
vietnam,"Hiroaming","Vietnam 100MB 7Days",0.1,7,0.54,5.4,,no
vietnam,"ESIM.DOG 🐶","🎁 $0.55 + VPN | [5G] Vinaphone Vietnam - Best 5G Coverage (100MB/30Days) - Black route",0.1,30,0.55,5.5,,yes
vietnam,"Truely","Vietnam - 300MB, 2 days",0.3,2,1.69,5.633,,no
vietnam,"ESIM.DOG 🐶","⚡️ [5G] Global (202 countries) - Best 5G Coverage (300MB/3Days) - Yellow route",0.3,3,1.79,5.967,,yes
vietnam,"ESIM.DOG 🐶","🎁 $0.60 + VPN | [5G] Vinaphone Vietnam - Best 5G Coverage (100MB/90Days) - Black route",0.1,90,0.6,6,,yes
vietnam,"Superalink","Vietnam - Regular",0.1,1,0.63,6.3,,yes
vietnam,"Truely","South East Asia - 300MB, 2 days",0.3,2,1.89,6.3,,yes
vietnam,"Truely","Asia - 300MB, 2 days",0.3,2,1.89,6.3,,yes
vietnam,"Superalink","Vietnam - Regular",0.1,3,0.65,6.5,,yes
vietnam,"BlueSky eSIM","🔷 [5G] Worldwide (201 countries) Best Coverage (300MB/3d)",0.3,3,1.97,6.567,,yes
vietnam,"Superalink","Vietnam - Regular",0.1,5,0.67,6.7,,yes
vietnam,"Superalink","Vietnam - Regular",0.1,7,0.69,6.9,,yes
vietnam,"Connect Me Guru","Vietnam 100MB 7Days",0.1,7,0.85,8.5,,yes
vietnam,"Stellar eSim","Vietnam 100MB 7Days + Free Stellar VPN",0.1,7,0.8555406400000001,8.555,,no
vietnam,"RedEx eSIM","Vietnam 100MB 7Days",0.1,7,0.89,8.9,,yes
vietnam,"Roamix","Vietnam 100MB 1Days",0.1,1,0.95,9.5,,yes
vietnam,"Roamix","Vietnam 100MB 3Days",0.1,3,0.95,9.5,,yes
vietnam,"Roamix","Vietnam 100MB 5Days",0.1,5,0.95,9.5,,yes
vietnam,"Roamix","Vietnam 100MB 7Days",0.1,7,0.95,9.5,,yes
vietnam,"ESIM.DOG 🐶","⚡️ [5G] Global (202 countries) - Best 5G Coverage (200MB/30Days) - Yellow route",0.2,30,1.96,9.8,,yes
vietnam,"BlueSky eSIM","✈️ [5G] Worldwide (201 countries) Best Coverage (200MB/30d)",0.2,30,1.97,9.85,,yes
vietnam,"Keepgo","Norm",0.1,0,1,10,,yes
vietnam,"Journey Esims","Vietnam 100 MB · 1 day",0.1,1,1,10,,no
vietnam,"Journey Esims","Regional (10 countries) 100 MB · 1 day",0.1,1,1,10,,no
vietnam,"Zwitchy","Vietnam · 100 MB · 1 day",0.1,1,1,10,,yes
vietnam,"DashRoam","Vietnam 100MB 7Days",0.1,7,1.45,14.5,,yes
vietnam,"merdata","eSIM Vietnam 100 MB 7 days",0.1,7,1.471768269229895,14.718,,no
vietnam,"Esimglobe","eSIM Vietnam Vietnam 100MB 7Days",0.1,7,1.5,15,,no
vietnam,"eSIM Forever","Vietnam 100MB 7Days",0.1,7,1.7,17,,no
vietnam,"Hungry eSIM","Vietnam eSIM Data — 7 Day / 0.1GB",0.1,7,1.84,18.4,,yes
